,Close,High,Low,Open,Volume
2023-09-21,0.24545499682426453,0.252905011177063,0.24544000625610352,0.2516399919986725,248242483.0
2023-09-22,0.2449219971895218,0.24638299643993378,0.2432360053062439,0.24545800685882568,120378252.0
2023-09-23,0.2461329996585846,0.24667499959468842,0.24399599432945251,0.24491600692272186,68761491.0
2023-09-24,0.243026003241539,0.24622799456119537,0.24256500601768494,0.24613599479198456,75004199.0
2023-09-25,0.24588100612163544,0.24606400728225708,0.24218200147151947,0.24302799999713898,116640933.0
2023-09-26,0.2453950047492981,0.24739600718021393,0.24395400285720825,0.24587200582027435,106282468.0
2023-09-27,0.24479100108146667,0.24792200326919556,0.24310700595378876,0.24539099633693695,107855435.0
2023-09-28,0.24911999702453613,0.2504410147666931,0.24349699914455414,0.2447890043258667,133206511.0
2023-09-29,0.24953599274158478,0.25544700026512146,0.2479739934206009,0.2491140067577362,168414042.0
2023-09-30,0.2540470063686371,0.2546730041503906,0.24932199716567993,0.24953900277614594,108039965.0
2023-10-01,0.2658950090408325,0.26747098565101624,0.25401899218559265,0.25404301285743713,165088197.0
2023-10-02,0.2595129907131195,0.2690359950065613,0.25825798511505127,0.2658880054950714,212684773.0
2023-10-03,0.261027991771698,0.2642180025577545,0.25808998942375183,0.25948598980903625,160216793.0
2023-10-04,0.25931501388549805,0.2610499858856201,0.2545740008354187,0.26103198528289795,138128623.0
2023-10-05,0.2601490020751953,0.26371800899505615,0.2570439875125885,0.25929298996925354,103200693.0
2023-10-06,0.2648720145225525,0.2665579915046692,0.2601509988307953,0.2601509988307953,93706350.0
2023-10-07,0.2587350010871887,0.26552098989486694,0.2572140097618103,0.2648650109767914,116821694.0
2023-10-08,0.25662899017333984,0.2591269910335541,0.2559469938278198,0.2587519884109497,77624838.0
2023-10-09,0.25164198875427246,0.2585330009460449,0.2494249939918518,0.2566100060939789,134553476.0
2023-10-10,0.24914099276065826,0.2531009912490845,0.24750100076198578,0.2516309916973114,110183513.0
2023-10-11,0.24800099432468414,0.2494809925556183,0.24540500342845917,0.24912700057029724,113880690.0
2023-10-12,0.2459219992160797,0.24807099997997284,0.24317599833011627,0.24799899756908417,92208448.0
2023-10-13,0.24614599347114563,0.24915899336338043,0.24518699944019318,0.24591100215911865,99166403.0
2023-10-14,0.2470110058784485,0.24765600264072418,0.24524900317192078,0.24614599347114563,71920372.0
2023-10-15,0.24735599756240845,0.2482459992170334,0.24578599631786346,0.24699799716472626,81524646.0
2023-10-16,0.25156301259994507,0.2577979862689972,0.24734599888324738,0.24734599888324738,187099359.0
2023-10-17,0.24711500108242035,0.2516759932041168,0.24661299586296082,0.25155800580978394,131953756.0
2023-10-18,0.2434529960155487,0.24793100357055664,0.24306200444698334,0.2471030056476593,107992174.0
2023-10-19,0.24692299962043762,0.2469239979982376,0.24065600335597992,0.2434529960155487,120374373.0
2023-10-20,0.25113800168037415,0.2527180016040802,0.24598099291324615,0.24693800508975983,137878642.0
2023-10-21,0.25858500599861145,0.26191699504852295,0.2499839961528778,0.25112199783325195,138559397.0
2023-10-22,0.2635729908943176,0.26404398679733276,0.25683099031448364,0.2585889995098114,121687463.0
2023-10-23,0.2799539864063263,0.2799539864063263,0.26248699426651,0.2650279998779297,313911948.0
2023-10-24,0.27899301052093506,0.29318898916244507,0.27494800090789795,0.27998799085617065,386762854.0
2023-10-25,0.28055599331855774,0.2894569933414459,0.2771260142326355,0.27903398871421814,244471413.0
2023-10-26,0.2872920036315918,0.29700300097465515,0.28059399127960205,0.28059399127960205,299638179.0
2023-10-27,0.289467990398407,0.2921600043773651,0.28139200806617737,0.2872549891471863,188027753.0
2023-10-28,0.29124999046325684,0.29728201031684875,0.28920799493789673,0.28950101137161255,146280893.0
2023-10-29,0.2952829897403717,0.29859599471092224,0.28951001167297363,0.2912690043449402,144390110.0
2023-10-30,0.30273398756980896,0.3029640018939972,0.29275500774383545,0.2953050136566162,222609453.0
2023-10-31,0.2931070029735565,0.30461400747299194,0.2878290116786957,0.30277401208877563,303875077.0
2023-11-01,0.3074589967727661,0.3085789978504181,0.2853190004825592,0.2931259870529175,334066110.0
2023-11-02,0.32314199209213257,0.32912901043891907,0.3015879988670349,0.30744999647140503,459253523.0
2023-11-03,0.32902100682258606,0.3291960060596466,0.3126310110092163,0.3231480121612549,355511861.0
2023-11-04,0.32854199409484863,0.330267995595932,0.3219180107116699,0.32903099060058594,203170093.0
2023-11-05,0.34286999702453613,0.3497900068759918,0.32718199491500854,0.3285529911518097,315492035.0
2023-11-06,0.36340799927711487,0.37525200843811035,0.3399359881877899,0.3428589999675751,418581325.0
2023-11-07,0.3515709936618805,0.3654719889163971,0.3351300060749054,0.36329299211502075,438830911.0
2023-11-08,0.35835000872612,0.3597640097141266,0.3499220013618469,0.35158300399780273,300080444.0
2023-11-09,0.3683350086212158,0.38583898544311523,0.3527419865131378,0.35832300782203674,685476982.0
2023-11-10,0.38620999455451965,0.3875490128993988,0.3648169934749603,0.36838799715042114,550972799.0
2023-11-11,0.38456401228904724,0.39439401030540466,0.37162700295448303,0.38622599840164185,537348711.0
2023-11-12,0.38338300585746765,0.3908190131187439,0.37351998686790466,0.3845439851284027,398823705.0
2023-11-13,0.35841500759124756,0.38833901286125183,0.35590800642967224,0.38341400027275085,441634462.0
2023-11-14,0.3578700125217438,0.37135499715805054,0.3449530005455017,0.35831499099731445,430223143.0
2023-11-15,0.37929201126098633,0.37929201126098633,0.35451000928878784,0.35788199305534363,400207664.0
2023-11-16,0.37176600098609924,0.4085249900817871,0.3620989918708801,0.37928301095962524,784296833.0
2023-11-17,0.36660900712013245,0.37815698981285095,0.35510700941085815,0.3717910051345825,419332542.0
2023-11-18,0.3776940107345581,0.37772899866104126,0.35102200508117676,0.36679500341415405,350054655.0
2023-11-19,0.38452500104904175,0.3853659927845001,0.3702619969844818,0.3776879906654358,308083348.0
2023-11-20,0.38068199157714844,0.3992759883403778,0.37910598516464233,0.3845289945602417,393879761.0
2023-11-21,0.3586310148239136,0.3893260061740875,0.3573000133037567,0.38071298599243164,449348189.0
2023-11-22,0.3806599974632263,0.38705500960350037,0.35742899775505066,0.35846999287605286,306716799.0
2023-11-23,0.38667500019073486,0.38714200258255005,0.3780370056629181,0.3806760013103485,241703105.0
2023-11-24,0.3862130045890808,0.3973439931869507,0.3849950134754181,0.386694997549057,350870124.0
2023-11-25,0.3948110044002533,0.395702987909317,0.3857020139694214,0.3862200081348419,215322275.0
2023-11-26,0.3881849944591522,0.39556899666786194,0.381164014339447,0.39478799700737,234557830.0
2023-11-27,0.37835898995399475,0.39178600907325745,0.3720340132713318,0.38811299204826355,254570208.0
2023-11-28,0.3856239914894104,0.3881149888038635,0.3704890012741089,0.3783409893512726,273962828.0
2023-11-29,0.38177600502967834,0.3888010084629059,0.3785479962825775,0.3856329917907715,256880751.0
2023-11-30,0.3758949935436249,0.38257598876953125,0.3727020025253296,0.3818030059337616,267025029.0
2023-12-01,0.3842020034790039,0.38524699211120605,0.37448298931121826,0.3758910000324249,248849205.0
2023-12-02,0.39779800176620483,0.39784398674964905,0.38341501355171204,0.3842040002346039,255637811.0
2023-12-03,0.39515501260757446,0.40232300758361816,0.38856399059295654,0.39782100915908813,305052507.0
2023-12-04,0.406810998916626,0.4145500063896179,0.39486101269721985,0.3951919972896576,554694756.0
2023-12-05,0.4256579875946045,0.4256579875946045,0.3979789912700653,0.40681999921798706,507494057.0
2023-12-06,0.4424059987068176,0.45410099625587463,0.4186449944972992,0.42560601234436035,815040059.0
2023-12-07,0.4564320147037506,0.45904800295829773,0.4344649910926819,0.44245800375938416,569699700.0
2023-12-08,0.5459210276603699,0.5665950179100037,0.45356398820877075,0.45642799139022827,1645334961.0
2023-12-09,0.5785999894142151,0.6430240273475647,0.5458629727363586,0.5458629727363586,2566810314.0
2023-12-10,0.5941550135612488,0.6131119728088379,0.5721629858016968,0.5785980224609375,1165845170.0
2023-12-11,0.5510209798812866,0.5975660085678101,0.5246139764785767,0.5940380096435547,1314283882.0
2023-12-12,0.5764070153236389,0.6043869853019714,0.5510039925575256,0.5510039925575256,1221353455.0
2023-12-13,0.6652439832687378,0.6745749711990356,0.5486599802970886,0.5767030119895935,1790051002.0
2023-12-14,0.6434779763221741,0.6778050065040588,0.6248270273208618,0.6655049920082092,1379685748.0
2023-12-15,0.6014080047607422,0.6520709991455078,0.6013709902763367,0.6434329748153687,873847582.0
2023-12-16,0.60760897397995,0.624472975730896,0.590632975101471,0.6012700200080872,626131200.0
2023-12-17,0.5803139805793762,0.6163399815559387,0.5782979726791382,0.6076070070266724,560320053.0
2023-12-18,0.6010329723358154,0.6010329723358154,0.5467020273208618,0.5802440047264099,730352029.0
2023-12-19,0.5766000151634216,0.6162130236625671,0.5682029724121094,0.6011319756507874,661906697.0
2023-12-20,0.5893290042877197,0.6088039875030518,0.5708919763565063,0.5766100287437439,670750543.0
2023-12-21,0.6365990042686462,0.6384029984474182,0.5831930041313171,0.5893170237541199,816345866.0
2023-12-22,0.6242160201072693,0.6502670049667358,0.6092740297317505,0.6364960074424744,820661167.0
2023-12-23,0.6145480275154114,0.6240969896316528,0.5996930003166199,0.6240969896316528,501680737.0
2023-12-24,0.5939549803733826,0.6270769834518433,0.5920959711074829,0.6145089864730835,801864460.0
2023-12-25,0.6257209777832031,0.6335769891738892,0.5918130278587341,0.5938640236854553,636249032.0
2023-12-26,0.6087989807128906,0.6264259815216064,0.5808929800987244,0.6256470084190369,856384699.0
2023-12-27,0.6335350275039673,0.6428679823875427,0.5869259834289551,0.6088520288467407,856202366.0
2023-12-28,0.6174219846725464,0.6754500269889832,0.6119710206985474,0.6336609721183777,1241270531.0
2023-12-29,0.608493983745575,0.6252530217170715,0.5959479808807373,0.6174060106277466,731991586.0
2023-12-30,0.601963996887207,0.6127650141716003,0.5951859951019287,0.6085100173950195,396120733.0
2023-12-31,0.5942050218582153,0.6092150211334229,0.588333010673523,0.6018980145454407,413744730.0
2024-01-01,0.6231099963188171,0.6238120198249817,0.5927389860153198,0.5941870212554932,397524048.0
2024-01-02,0.605666995048523,0.6367040276527405,0.6035680174827576,0.6231409907341003,607247161.0
2024-01-03,0.5572860240936279,0.6179620027542114,0.5251389741897583,0.6056690216064453,1127440527.0
2024-01-04,0.5705670118331909,0.5777649879455566,0.5528519749641418,0.5572770237922668,591385300.0
2024-01-05,0.5412420034408569,0.5727090239524841,0.5266720056533813,0.5705429911613464,632156325.0
2024-01-06,0.5231029987335205,0.5422120094299316,0.509535014629364,0.5413089990615845,456993353.0
2024-01-07,0.4941740036010742,0.5295060276985168,0.49030598998069763,0.5231689810752869,403756656.0
2024-01-08,0.5409359931945801,0.5429019927978516,0.46818599104881287,0.4942229986190796,745831623.0
2024-01-09,0.5115270018577576,0.542585015296936,0.4989979863166809,0.5410720109939575,655557451.0
2024-01-10,0.5666469931602478,0.5871779918670654,0.4943560063838959,0.5115910172462463,989682776.0
2024-01-11,0.5821790099143982,0.6157940030097961,0.5625190138816833,0.5666170120239258,1154998819.0
2024-01-12,0.5473330020904541,0.5877019762992859,0.5361049771308899,0.5821340084075928,683350420.0
2024-01-13,0.5493360161781311,0.5530080199241638,0.5370950102806091,0.5473009943962097,373150180.0
2024-01-14,0.5259810090065002,0.5495659708976746,0.5259810090065002,0.5493689775466919,346165271.0
2024-01-15,0.5281609892845154,0.5405460000038147,0.5248690247535706,0.5259079933166504,330276278.0
2024-01-16,0.5356760025024414,0.5460190176963806,0.5275110006332397,0.5280500054359436,318265757.0
2024-01-17,0.5270289778709412,0.5387750267982483,0.5238000154495239,0.5356500148773193,298718568.0
2024-01-18,0.5018740296363831,0.5272489786148071,0.4974589943885803,0.5270709991455078,381732750.0
2024-01-19,0.503150999546051,0.5033050179481506,0.47427400946617126,0.501882016658783,433001996.0
2024-01-20,0.5150049924850464,0.5168219804763794,0.4996330142021179,0.5031480193138123,336655525.0
2024-01-21,0.5031049847602844,0.5195670127868652,0.5031049847602844,0.5150060057640076,234978951.0
2024-01-22,0.4785020053386688,0.5050889849662781,0.47804999351501465,0.503154993057251,444335289.0
2024-01-23,0.4767490029335022,0.4853380024433136,0.4496990144252777,0.4784899950027466,538390729.0
2024-01-24,0.47629600763320923,0.478956013917923,0.4647819995880127,0.4767630100250244,390187602.0
2024-01-25,0.46647900342941284,0.483024001121521,0.45986300706863403,0.47630199790000916,340646602.0
2024-01-26,0.48529401421546936,0.4896160066127777,0.46395599842071533,0.46647199988365173,362190657.0
2024-01-27,0.48632100224494934,0.4895470142364502,0.4769209921360016,0.48526298999786377,239780792.0
2024-01-28,0.4897190034389496,0.49955400824546814,0.485152006149292,0.4863260090351105,343442273.0
2024-01-29,0.5252749919891357,0.5273020267486572,0.48556798696517944,0.48976799845695496,446796336.0
2024-01-30,0.5141649842262268,0.5357419848442078,0.5141580104827881,0.525297999382019,491907648.0
2024-01-31,0.49825599789619446,0.5192189812660217,0.495400995016098,0.5140950083732605,469078638.0
2024-02-01,0.5070229768753052,0.5073400139808655,0.48714300990104675,0.4982469975948334,374171939.0
2024-02-02,0.5139579772949219,0.5234689712524414,0.5047330260276794,0.5070300102233887,416712948.0
2024-02-03,0.5128610134124756,0.5244770050048828,0.5127080082893372,0.5139889717102051,277537205.0
2024-02-04,0.49425598978996277,0.5128819942474365,0.49425598978996277,0.5128819942474365,239201178.0
2024-02-05,0.49333998560905457,0.5047659873962402,0.48848098516464233,0.4942399859428406,276562781.0
2024-02-06,0.4984630048274994,0.5034210085868835,0.49008500576019287,0.4933820068836212,274076725.0
2024-02-07,0.5017729997634888,0.5018439888954163,0.47504499554634094,0.49844199419021606,492711608.0
2024-02-08,0.5292689800262451,0.5348290205001831,0.5017949938774109,0.5017949938774109,679323504.0
2024-02-09,0.5407919883728027,0.54728102684021,0.528348982334137,0.5294489860534668,524686031.0
2024-02-10,0.5514119863510132,0.5560230016708374,0.5301690101623535,0.5407410264015198,395418510.0
2024-02-11,0.5414100289344788,0.5641019940376282,0.5369129776954651,0.5514219999313354,523269115.0
2024-02-12,0.560030996799469,0.5646119713783264,0.5319479703903198,0.5414329767227173,484749602.0
2024-02-13,0.5449960231781006,0.563696026802063,0.5355449914932251,0.5599989891052246,461202155.0
2024-02-14,0.5773019790649414,0.5808830261230469,0.5409680008888245,0.5449889898300171,575223913.0
2024-02-15,0.6083629727363586,0.6107410192489624,0.5734739899635315,0.5773209929466248,779142077.0
2024-02-16,0.5988720059394836,0.6122689843177795,0.5859950184822083,0.6085270047187805,550329852.0
2024-02-17,0.6083459854125977,0.6099179983139038,0.5710020065307617,0.5988940000534058,466411549.0
2024-02-18,0.6187340021133423,0.6374850273132324,0.6086390018463135,0.6086390018463135,682968263.0
2024-02-19,0.6310629844665527,0.6364780068397522,0.617451012134552,0.6187689900398254,623936416.0
2024-02-20,0.6221650242805481,0.6390209794044495,0.6004310250282288,0.631060004234314,820804617.0
2024-02-21,0.5984579920768738,0.6226670145988464,0.5773760080337524,0.6220899820327759,559139405.0
2024-02-22,0.5859019756317139,0.6068919897079468,0.5822240114212036,0.5984799861907959,507615418.0
2024-02-23,0.5832419991493225,0.5940210223197937,0.570497989654541,0.5858209729194641,459892758.0
2024-02-24,0.5966960191726685,0.5989239811897278,0.5711889863014221,0.5831609964370728,388866047.0
2024-02-25,0.5913789868354797,0.5997750163078308,0.5814059972763062,0.5967050194740295,340380261.0
2024-02-26,0.6197360157966614,0.6216980218887329,0.5752559900283813,0.5913609862327576,587054943.0
2024-02-27,0.6242160201072693,0.6289939880371094,0.6112080216407776,0.6197460293769836,746587622.0
2024-02-28,0.6310589909553528,0.6580229997634888,0.603052020072937,0.6241959929466248,1200627089.0
2024-02-29,0.655646026134491,0.7052800059318542,0.6257200241088867,0.6308599710464478,1639531217.0
2024-03-01,0.7190809845924377,0.7190809845924377,0.6545929908752441,0.6554409861564636,935379844.0
2024-03-02,0.7409279942512512,0.7613030076026917,0.7188779711723328,0.7190340161323547,1245213176.0
2024-03-03,0.7282379865646362,0.7416639924049377,0.7019559741020203,0.7410719990730286,907825948.0
2024-03-04,0.7712939977645874,0.796567976474762,0.7259200215339661,0.7281789779663086,1639201127.0
2024-03-05,0.6934900283813477,0.7806950211524963,0.5958080291748047,0.7712979912757874,2145482141.0
2024-03-06,0.7338209748268127,0.7542889714241028,0.6679329872131348,0.6934890151023865,1221400314.0
2024-03-07,0.7447419762611389,0.7546200156211853,0.7213649749755859,0.7338460087776184,941680283.0
2024-03-08,0.7248539924621582,0.7544599771499634,0.7041710019111633,0.7447389960289001,927800736.0
2024-03-09,0.7437130212783813,0.7461429834365845,0.7233999967575073,0.7248550057411194,605198969.0
2024-03-10,0.7172269821166992,0.7442259788513184,0.7053009867668152,0.7437139749526978,644622507.0
2024-03-11,0.7741900086402893,0.7868829965591431,0.6959819793701172,0.7171519994735718,1342617498.0
2024-03-12,0.7480549812316895,0.7750030159950256,0.7166979908943176,0.7741889953613281,998599295.0
2024-03-13,0.7645800113677979,0.772146999835968,0.7387189865112305,0.7480549812316895,824896066.0
2024-03-14,0.7504739761352539,0.8069850206375122,0.7193260192871094,0.7645620107650757,1613619970.0
2024-03-15,0.7264410257339478,0.7619619965553284,0.6788529753684998,0.7504739761352539,1420031176.0
2024-03-16,0.6595349907875061,0.7336540222167969,0.6547409892082214,0.7264469861984253,959186468.0
2024-03-17,0.681098997592926,0.6867949962615967,0.6337869763374329,0.6595349907875061,802801116.0
2024-03-18,0.6612579822540283,0.6964100003242493,0.6453189849853516,0.681098997592926,802980597.0
2024-03-19,0.5869140028953552,0.6644840240478516,0.5807110071182251,0.6612579822540283,1139892364.0
2024-03-20,0.6394810080528259,0.6431609988212585,0.5724959969520569,0.5869140028953552,971939779.0
2024-03-21,0.6318680047988892,0.6465219855308533,0.620028018951416,0.6394860148429871,656574365.0
2024-03-22,0.6132630109786987,0.6418319940567017,0.6009119749069214,0.6318730115890503,590758984.0
2024-03-23,0.6258620023727417,0.6386299729347229,0.6130160093307495,0.6133040189743042,412657715.0
2024-03-24,0.6461570262908936,0.6473039984703064,0.6255459785461426,0.6258590221405029,404827847.0
2024-03-25,0.656948983669281,0.667585015296936,0.6399009823799133,0.6461520195007324,582546405.0
2024-03-26,0.6650339961051941,0.6825870275497437,0.6540799736976624,0.656948983669281,618252702.0
2024-03-27,0.6484829783439636,0.6701580286026001,0.6327040195465088,0.6650239825248718,656276131.0
2024-03-28,0.6507940292358398,0.6574159860610962,0.6363760232925415,0.6484379768371582,460284723.0
2024-03-29,0.6644030213356018,0.6667490005493164,0.6380280256271362,0.6507959961891174,561835326.0
2024-03-30,0.6443660259246826,0.668271005153656,0.6430690288543701,0.6644240021705627,401576882.0
2024-03-31,0.650426983833313,0.6530830264091492,0.6432440280914307,0.6443639993667603,321124603.0
2024-04-01,0.6216840147972107,0.6509559750556946,0.6077139973640442,0.650426983833313,627776275.0
2024-04-02,0.5809869766235352,0.6216959953308105,0.5756779909133911,0.6216850280761719,678945520.0
2024-04-03,0.5712779760360718,0.5940030217170715,0.5667549967765808,0.5809879899024963,485562333.0
2024-04-04,0.582955002784729,0.5960729718208313,0.5620200037956238,0.5712770223617554,495438691.0
2024-04-05,0.5748339891433716,0.5842999815940857,0.5620239973068237,0.582955002784729,449048347.0
2024-04-06,0.5843380093574524,0.5883229970932007,0.5732830166816711,0.5748410224914551,255666150.0
2024-04-07,0.5894740223884583,0.595881998538971,0.5826889872550964,0.5843790173530579,307767311.0
2024-04-08,0.6141589879989624,0.6158120036125183,0.5803520083427429,0.5894719958305359,442630355.0
2024-04-09,0.5918930172920227,0.623212993144989,0.5913619995117188,0.6141589879989624,510684784.0
2024-04-10,0.5862550139427185,0.5934380292892456,0.5648109912872314,0.5918939709663391,504006711.0
2024-04-11,0.5861909985542297,0.5938820242881775,0.5773509740829468,0.5862540006637573,341309183.0
2024-04-12,0.5035750269889832,0.5914559960365295,0.4611929953098297,0.5861909985542297,1135242920.0
2024-04-13,0.4479080140590668,0.515500009059906,0.40907299518585205,0.5035790205001831,1242820013.0
2024-04-14,0.46891099214553833,0.47727400064468384,0.4382700026035309,0.44791001081466675,961018766.0
2024-04-15,0.46079498529434204,0.494594007730484,0.4421370029449463,0.46891099214553833,718712831.0
2024-04-16,0.45860499143600464,0.47684699296951294,0.44047901034355164,0.46079298853874207,518202801.0
2024-04-17,0.4442949891090393,0.4642679989337921,0.43091100454330444,0.4586069881916046,486409083.0
2024-04-18,0.45814400911331177,0.4599049985408783,0.4364219903945923,0.44429901242256165,409488158.0
2024-04-19,0.46878400444984436,0.47526198625564575,0.4257020056247711,0.4581429958343506,598092967.0
2024-04-20,0.5059080123901367,0.507407009601593,0.46677500009536743,0.46878400444984436,536707766.0
2024-04-21,0.4992919862270355,0.5122659802436829,0.49157100915908813,0.5059080123901367,354417377.0
2024-04-22,0.516884982585907,0.5218070149421692,0.496845006942749,0.49928998947143555,402921410.0
2024-04-23,0.5001959800720215,0.520421028137207,0.49859899282455444,0.516884982585907,403597295.0
2024-04-24,0.4749099910259247,0.5098400115966797,0.4706850051879883,0.5001959800720215,496433039.0
2024-04-25,0.47102001309394836,0.4792329967021942,0.4635689854621887,0.4749009907245636,348258880.0
2024-04-26,0.46272900700569153,0.47815001010894775,0.4622350037097931,0.47102001309394836,317917276.0
2024-04-27,0.46703198552131653,0.4689350128173828,0.4508860111236572,0.46272900700569153,313367220.0
2024-04-28,0.46047401428222656,0.47733500599861145,0.4599190056324005,0.46703198552131653,250671885.0
2024-04-29,0.4573650062084198,0.46306100487709045,0.4481160044670105,0.46048200130462646,301014261.0
2024-04-30,0.44081199169158936,0.46238499879837036,0.4277440011501312,0.4573630094528198,409016669.0
2024-05-01,0.44986599683761597,0.4560829997062683,0.41950398683547974,0.4408150017261505,526114091.0
2024-05-02,0.4582819938659668,0.4610069990158081,0.4408609867095947,0.44986599683761597,357372995.0
2024-05-03,0.46754398941993713,0.47281500697135925,0.44736701250076294,0.4582839906215668,331867585.0
2024-05-04,0.463577002286911,0.4745520055294037,0.4633669853210449,0.46754398941993713,245730966.0
2024-05-05,0.4583339989185333,0.4652009904384613,0.45355600118637085,0.463577002286911,239700527.0
2024-05-06,0.4542880058288574,0.4746440052986145,0.45309901237487793,0.4583339989185333,351154325.0
2024-05-07,0.4418730139732361,0.4557110071182251,0.44181200861930847,0.4542889893054962,307476823.0
2024-05-08,0.45255300402641296,0.46747300028800964,0.4380050003528595,0.4418730139732361,505082625.0
2024-05-09,0.4635010063648224,0.464136004447937,0.4484330117702484,0.45255300402641296,318406873.0
2024-05-10,0.4482499957084656,0.46769899129867554,0.4444650113582611,0.46350300312042236,309333437.0
2024-05-11,0.4388760030269623,0.4505470097064972,0.4385429918766022,0.4482499957084656,188484210.0
2024-05-12,0.4376530051231384,0.4425640106201172,0.43525099754333496,0.4388760030269623,158134071.0
2024-05-13,0.43654000759124756,0.4521450102329254,0.42615899443626404,0.4376530051231384,378773938.0
2024-05-14,0.42806899547576904,0.43781399726867676,0.42699798941612244,0.4365440011024475,313435137.0
2024-05-15,0.45298799872398376,0.45458799600601196,0.4267500042915344,0.42806899547576904,357450532.0
2024-05-16,0.4596950113773346,0.46197599172592163,0.4495519995689392,0.45299598574638367,367462393.0
2024-05-17,0.4819999933242798,0.4899449944496155,0.4559740126132965,0.4596959948539734,447612110.0
2024-05-18,0.48240798711776733,0.48551398515701294,0.47655001282691956,0.4819999933242798,240076401.0
2024-05-19,0.467602014541626,0.48301801085472107,0.46560001373291016,0.48240798711776733,250323995.0
2024-05-20,0.5017579793930054,0.5017579793930054,0.46221399307250977,0.467602014541626,541119800.0
2024-05-21,0.4947740137577057,0.5089679956436157,0.4911060035228729,0.5017489790916443,554313310.0
2024-05-22,0.48312699794769287,0.49492400884628296,0.4760960042476654,0.4947740137577057,416480856.0
2024-05-23,0.46533000469207764,0.4876349866390228,0.4485819935798645,0.48313000798225403,612724804.0
2024-05-24,0.4594939947128296,0.46891599893569946,0.4555329978466034,0.46533000469207764,355406774.0
2024-05-25,0.4620720148086548,0.46427100896835327,0.4581339955329895,0.45949798822402954,238476411.0
2024-05-26,0.4583750069141388,0.46236398816108704,0.45642998814582825,0.4620720148086548,225636000.0
2024-05-27,0.46796301007270813,0.4739989936351776,0.45719799399375916,0.4583750069141388,323304261.0
2024-05-28,0.45699000358581543,0.46843698620796204,0.45311498641967773,0.46796301007270813,418594476.0
2024-05-29,0.45099499821662903,0.46310698986053467,0.4509139955043793,0.45699000358581543,350482630.0
2024-05-30,0.44658100605010986,0.4545460045337677,0.4438070058822632,0.45099499821662903,356151973.0
2024-05-31,0.44746100902557373,0.4549570083618164,0.44446098804473877,0.44658100605010986,290913148.0
2024-06-01,0.44997501373291016,0.45258399844169617,0.44525399804115295,0.44746100902557373,167918462.0
2024-06-02,0.4464940130710602,0.4532549977302551,0.4424220025539398,0.44997599720954895,253094562.0
2024-06-03,0.45703598856925964,0.4623570144176483,0.44444501399993896,0.446494996547699,317221002.0
2024-06-04,0.46148499846458435,0.46518000960350037,0.4531109929084778,0.4570379853248596,309168258.0
2024-06-05,0.46117499470710754,0.464711993932724,0.45775699615478516,0.46148499846458435,300839736.0
2024-06-06,0.4581019878387451,0.46186500787734985,0.4523389935493469,0.46117499470710754,281512944.0
2024-06-07,0.44964298605918884,0.4884360134601593,0.4344229996204376,0.45809999108314514,864294102.0
2024-06-08,0.43657100200653076,0.4496389925479889,0.4334540069103241,0.4496389925479889,384756660.0
2024-06-09,0.44410601258277893,0.44571900367736816,0.43325701355934143,0.43655601143836975,331925354.0
2024-06-10,0.44046100974082947,0.4500879943370819,0.43602699041366577,0.4441010057926178,477499641.0
2024-06-11,0.4218910038471222,0.44093799591064453,0.41453099250793457,0.4404650032520294,600659902.0
2024-06-12,0.4377959966659546,0.4438050091266632,0.41599300503730774,0.42190098762512207,451504328.0
2024-06-13,0.4211849868297577,0.4386430084705353,0.41975298523902893,0.4378179907798767,385849589.0
2024-06-14,0.41168299317359924,0.4241209924221039,0.4034099876880646,0.42117801308631897,370827765.0
2024-06-15,0.41369500756263733,0.41505101323127747,0.4089049994945526,0.4116860032081604,209246354.0
2024-06-16,0.41637900471687317,0.41812801361083984,0.41010499000549316,0.41372400522232056,172902870.0
2024-06-17,0.40175798535346985,0.4199869930744171,0.393655002117157,0.41638800501823425,385694374.0
2024-06-18,0.3835799992084503,0.40221598744392395,0.36657699942588806,0.40172600746154785,593952964.0
2024-06-19,0.3837909996509552,0.3972490131855011,0.3809620141983032,0.3835650086402893,295424813.0
2024-06-20,0.38424399495124817,0.3967899978160858,0.3790139853954315,0.3837909996509552,286206619.0
2024-06-21,0.37605199217796326,0.39034199714660645,0.37460801005363464,0.3842479884624481,272257203.0
2024-06-22,0.38481199741363525,0.3895919919013977,0.37193700671195984,0.37605100870132446,241766850.0
2024-06-23,0.3803029954433441,0.3922950029373169,0.3803029954433441,0.3847939968109131,202392727.0
2024-06-24,0.3777649998664856,0.38089999556541443,0.36666300892829895,0.3802250027656555,385357807.0
2024-06-25,0.3918589949607849,0.39673399925231934,0.3773669898509979,0.37775498628616333,262214296.0
2024-06-26,0.38475000858306885,0.39453399181365967,0.38373300433158875,0.3918609917163849,258516129.0
2024-06-27,0.3907009959220886,0.393204003572464,0.3780690133571625,0.38475099205970764,254822331.0
2024-06-28,0.38542601466178894,0.39517098665237427,0.38519200682640076,0.3907090127468109,296816495.0
2024-06-29,0.38396498560905457,0.4020240008831024,0.38379499316215515,0.3854149878025055,230567794.0
2024-06-30,0.392192006111145,0.3932330012321472,0.3791939914226532,0.3839679956436157,194815973.0
2024-07-01,0.40290701389312744,0.4075619876384735,0.3914720118045807,0.39213499426841736,256575826.0
2024-07-02,0.4177750051021576,0.4187830090522766,0.4028500020503998,0.40287700295448303,260819618.0
2024-07-03,0.4067380130290985,0.42190998792648315,0.40129798650741577,0.4177840054035187,391834481.0
2024-07-04,0.36285901069641113,0.4126319885253906,0.36285901069641113,0.40672099590301514,575895856.0
2024-07-05,0.3498849868774414,0.3627130091190338,0.3209550082683563,0.3627130091190338,772752357.0
2024-07-06,0.37122100591659546,0.3729360103607178,0.3485420048236847,0.3499079942703247,288462471.0
2024-07-07,0.34661799669265747,0.37118399143218994,0.345892995595932,0.37118399143218994,254988837.0
2024-07-08,0.3690069913864136,0.3788749873638153,0.3333429992198944,0.3466449975967407,506143395.0
2024-07-09,0.375328004360199,0.3805429935455322,0.3637779951095581,0.3689649999141693,272785226.0
2024-07-10,0.38883501291275024,0.3896229863166809,0.3725129961967468,0.3753710091114044,251166038.0
2024-07-11,0.39581701159477234,0.4041309952735901,0.3856379985809326,0.38880300521850586,313288172.0
2024-07-12,0.4165239930152893,0.4176590144634247,0.3942590057849884,0.3958359956741333,354134954.0
2024-07-13,0.441415011882782,0.4451799988746643,0.412321001291275,0.41652700304985046,365695869.0
2024-07-14,0.43234801292419434,0.44449499249458313,0.42616501450538635,0.4414370059967041,355552828.0
2024-07-15,0.44558200240135193,0.44558200240135193,0.4321660101413727,0.4323689937591553,466472243.0
2024-07-16,0.43818899989128113,0.4521940052509308,0.42738598585128784,0.4454919993877411,485890791.0
2024-07-17,0.4367479979991913,0.4552229940891266,0.4367240071296692,0.43822601437568665,389017769.0
2024-07-18,0.42390599846839905,0.44866400957107544,0.42081400752067566,0.43669000267982483,338163499.0
2024-07-19,0.43903398513793945,0.4427649974822998,0.41593098640441895,0.42389801144599915,340393258.0
2024-07-20,0.43763700127601624,0.4416719973087311,0.42881301045417786,0.43903300166130066,250105075.0
2024-07-21,0.44607698917388916,0.4484730064868927,0.41895800828933716,0.43763700127601624,333865949.0
2024-07-22,0.42654699087142944,0.44940099120140076,0.42534399032592773,0.446056991815567,546207226.0
2024-07-23,0.41009700298309326,0.429298996925354,0.4046249985694885,0.42654699087142944,348574391.0
2024-07-24,0.4068470001220703,0.4208729863166809,0.40468600392341614,0.41008898615837097,335809825.0
2024-07-25,0.3946709930896759,0.4078739881515503,0.38282498717308044,0.4068470001220703,359539415.0
2024-07-26,0.41774699091911316,0.41957199573516846,0.3945859968662262,0.3946720063686371,265380415.0
2024-07-27,0.41819798946380615,0.4286850094795227,0.4141010046005249,0.41774600744247437,430162296.0
2024-07-28,0.40738698840141296,0.42028701305389404,0.40560001134872437,0.4181950092315674,261455853.0
2024-07-29,0.404013991355896,0.42643699049949646,0.40378299355506897,0.40738698840141296,328634235.0
2024-07-30,0.40167999267578125,0.40697699785232544,0.3960820138454437,0.40400800108909607,277821308.0
2024-07-31,0.38877299427986145,0.4074009954929352,0.3879599869251251,0.4016770124435425,282132846.0
2024-08-01,0.3927060067653656,0.3950749933719635,0.36999601125717163,0.38877400755882263,348062632.0
2024-08-02,0.36382201313972473,0.39426299929618835,0.3602890074253082,0.3927060067653656,391092412.0
2024-08-03,0.364095002412796,0.3724839985370636,0.3503499925136566,0.36382201313972473,309403901.0
2024-08-04,0.3439379930496216,0.3669930100440979,0.33556899428367615,0.3641059994697571,317908629.0
2024-08-05,0.31315499544143677,0.34546899795532227,0.27988600730895996,0.3439379930496216,1211794401.0
2024-08-06,0.3307819962501526,0.3361400067806244,0.312514990568161,0.31315600872039795,401715322.0
2024-08-07,0.3236980140209198,0.340582013130188,0.31707099080085754,0.3307819962501526,346795316.0
2024-08-08,0.35181400179862976,0.3530629873275757,0.32031700015068054,0.32370099425315857,326623648.0
2024-08-09,0.3485470116138458,0.3538700044155121,0.3375079929828644,0.35181400179862976,275869404.0
2024-08-10,0.3462890088558197,0.3517650067806244,0.3452729880809784,0.3485470116138458,155114866.0
2024-08-11,0.32832199335098267,0.3562749922275543,0.32803699374198914,0.34629198908805847,203353395.0
2024-08-12,0.33897700905799866,0.34397798776626587,0.32805201411247253,0.3283190131187439,276146893.0
2024-08-13,0.3401539921760559,0.34465599060058594,0.3318899869918823,0.33897700905799866,208538494.0
2024-08-14,0.3354550004005432,0.345194011926651,0.33243700861930847,0.340146005153656,206602286.0
2024-08-15,0.3253529965877533,0.3413679897785187,0.3214839994907379,0.3354560136795044,243240095.0
2024-08-16,0.3304719924926758,0.3449530005455017,0.3210189938545227,0.3253529965877533,333621595.0
2024-08-17,0.3368859887123108,0.33860400319099426,0.3285149931907654,0.3304719924926758,164578014.0
2024-08-18,0.33483099937438965,0.33959800004959106,0.3337959945201874,0.336887001991272,147715225.0
2024-08-19,0.3367530107498169,0.3375450074672699,0.32884201407432556,0.33483099937438965,205948260.0
2024-08-20,0.34368500113487244,0.3481540083885193,0.3362320065498352,0.3367840051651001,232812455.0
2024-08-21,0.3690589964389801,0.377265989780426,0.3434779942035675,0.34368500113487244,369934783.0
2024-08-22,0.3765360116958618,0.37719398736953735,0.36473900079727173,0.3690600097179413,253221746.0
2024-08-23,0.39153599739074707,0.39228299260139465,0.3742170035839081,0.3765380084514618,360713833.0
2024-08-24,0.39400699734687805,0.40117698907852173,0.38848400115966797,0.3915260136127472,259095804.0
2024-08-25,0.3849790096282959,0.3940260112285614,0.378711998462677,0.3940100073814392,271365361.0
2024-08-26,0.36695700883865356,0.3876760005950928,0.3669550120830536,0.38497599959373474,288310031.0
2024-08-27,0.35051101446151733,0.3724910020828247,0.34626901149749756,0.36695200204849243,307613758.0
2024-08-28,0.35019201040267944,0.3601889908313751,0.34202998876571655,0.35051101446151733,316985233.0
2024-08-29,0.35704100131988525,0.36735498905181885,0.34987199306488037,0.35019099712371826,263189476.0
2024-08-30,0.34715399146080017,0.3615800142288208,0.33882299065589905,0.35704898834228516,297382538.0
2024-08-31,0.3453519940376282,0.35011500120162964,0.3450370132923126,0.34715399146080017,120909139.0
2024-09-01,0.33173999190330505,0.34563401341438293,0.3288620114326477,0.3453510105609894,212136963.0
2024-09-02,0.3359679877758026,0.3369620144367218,0.32570499181747437,0.33173999190330505,232651288.0
2024-09-03,0.3185510039329529,0.3394089937210083,0.3185510039329529,0.33596599102020264,228558971.0
2024-09-04,0.32352399826049805,0.3291020095348358,0.30829301476478577,0.3185440003871918,320645799.0
2024-09-05,0.32506200671195984,0.339150995016098,0.3201729953289032,0.32352399826049805,302516707.0
2024-09-06,0.31471800804138184,0.33132100105285645,0.30510398745536804,0.32506200671195984,341107574.0
2024-09-07,0.3250730037689209,0.3276199996471405,0.3147130012512207,0.31471899151802063,171441808.0
2024-09-08,0.33865898847579956,0.3405809998512268,0.3241640031337738,0.3250710070133209,212278974.0
2024-09-09,0.34340599179267883,0.34838199615478516,0.3385140001773834,0.3386540114879608,257206648.0
2024-09-10,0.3434770107269287,0.3454369902610779,0.33787301182746887,0.34340599179267883,186507920.0
2024-09-11,0.3530539870262146,0.3564249873161316,0.33050599694252014,0.3434770107269287,263880950.0
2024-09-12,0.3562929928302765,0.3604629933834076,0.3527800142765045,0.3530539870262146,256108848.0
2024-09-13,0.36090001463890076,0.364547997713089,0.35078200697898865,0.3562929928302765,222228805.0
2024-09-14,0.35447999835014343,0.36175400018692017,0.35256800055503845,0.36090001463890076,160253934.0
2024-09-15,0.3385230004787445,0.3559969961643219,0.3357219994068146,0.35447999835014343,195851407.0
2024-09-16,0.3303059935569763,0.3385460078716278,0.3269670009613037,0.3385240137577057,211465289.0
2024-09-17,0.33391299843788147,0.34283798933029175,0.32889699935913086,0.3303050100803375,209019175.0
2024-09-18,0.3429360091686249,0.3429360091686249,0.3280850052833557,0.33391299843788147,254109953.0
2024-09-19,0.35094499588012695,0.3561669886112213,0.34293898940086365,0.34293898940086365,297282683.0
2024-09-20,0.3521139919757843,0.36093100905418396,0.3495199978351593,0.35094600915908813,245398498.0
2024-09-21,0.3585759997367859,0.3595559895038605,0.35107800364494324,0.3521130084991455,155658003.0
2024-09-22,0.3517720103263855,0.3590629994869232,0.343733012676239,0.35859400033950806,176346122.0
2024-09-23,0.3637309968471527,0.36522001028060913,0.347137987613678,0.3517720103263855,260276216.0
2024-09-24,0.38773301243782043,0.39121800661087036,0.3589720129966736,0.36373499035835266,329591997.0
2024-09-25,0.38108301162719727,0.39298200607299805,0.379393994808197,0.38773199915885925,280504960.0
2024-09-26,0.40188199281692505,0.4033229947090149,0.37877199053764343,0.38108301162719727,352325723.0
2024-09-27,0.4023280143737793,0.414669007062912,0.4004409909248352,0.40188100934028625,316360073.0
2024-09-28,0.40105199813842773,0.40563899278640747,0.39357998967170715,0.40232399106025696,205321418.0
2024-09-29,0.39759698510169983,0.4039500057697296,0.39362600445747375,0.40105101466178894,190459764.0
2024-09-30,0.3732140064239502,0.3976210057735443,0.37182900309562683,0.397599995136261,278179362.0
2024-10-01,0.3524410128593445,0.38567501306533813,0.3473309874534607,0.3732140064239502,440800413.0
2024-10-02,0.3440049886703491,0.36212098598480225,0.3366270065307617,0.3524419963359833,346156714.0
2024-10-03,0.34523698687553406,0.349249005317688,0.33325499296188354,0.34398800134658813,314859654.0
2024-10-04,0.3513979911804199,0.35560500621795654,0.34338098764419556,0.34523698687553406,229796454.0
2024-10-05,0.35071998834609985,0.3554779887199402,0.34598198533058167,0.3513979911804199,149913415.0
2024-10-06,0.357230007648468,0.3582029938697815,0.34835299849510193,0.35071998834609985,151061108.0
2024-10-07,0.3514670133590698,0.3676770031452179,0.35105401277542114,0.357230007648468,260641174.0
2024-10-08,0.3445169925689697,0.3565419912338257,0.3416210114955902,0.3514670133590698,225110180.0
2024-10-09,0.3397020101547241,0.3475230038166046,0.3345009982585907,0.3445169925689697,220051874.0
2024-10-10,0.3388899862766266,0.3411659896373749,0.33207398653030396,0.33969399333000183,208411029.0
2024-10-11,0.35118499398231506,0.35458898544311523,0.3385719954967499,0.3388940095901489,192684098.0
2024-10-12,0.3532150089740753,0.356130987405777,0.35118401050567627,0.35118401050567627,153558913.0
2024-10-13,0.34803399443626404,0.3588539958000183,0.34465301036834717,0.3532150089740753,185274283.0
2024-10-14,0.36388900876045227,0.36484599113464355,0.3428879976272583,0.3480350077152252,285258532.0
2024-10-15,0.3585270047187805,0.3694489896297455,0.34905698895454407,0.36388999223709106,399757771.0
2024-10-16,0.352524995803833,0.3603920042514801,0.3514159917831421,0.3585270047187805,268878089.0
2024-10-17,0.34303200244903564,0.35455799102783203,0.3403419852256775,0.352526992559433,284797891.0
2024-10-18,0.3507100045681,0.35251501202583313,0.3429099917411804,0.3430269956588745,210521099.0
2024-10-19,0.35166099667549133,0.3566330075263977,0.34964901208877563,0.3507089912891388,165288317.0
2024-10-20,0.3648410141468048,0.36514800786972046,0.34862300753593445,0.35166001319885254,202078470.0
2024-10-21,0.36095601320266724,0.37190499901771545,0.35349899530410767,0.3648419976234436,305820736.0
2024-10-22,0.36381998658180237,0.36726799607276917,0.3558659851551056,0.3609580099582672,299403395.0
2024-10-23,0.34861400723457336,0.3682210147380829,0.34332698583602905,0.36381998658180237,292449176.0
2024-10-24,0.34630998969078064,0.3543640077114105,0.34019601345062256,0.34990501403808594,268150393.0
2024-10-25,0.3244119882583618,0.3464919924736023,0.3204750120639801,0.3463220000267029,429399149.0
2024-10-26,0.3333500027656555,0.3338940143585205,0.32156801223754883,0.3244140148162842,250257801.0
2024-10-27,0.33987200260162354,0.3413800001144409,0.3313559889793396,0.3333509862422943,153581313.0
2024-10-28,0.3437960147857666,0.3469580113887787,0.3312300145626068,0.33987200260162354,268428861.0
2024-10-29,0.35565099120140076,0.3561910092830658,0.3432460129261017,0.34379398822784424,295107515.0
2024-10-30,0.35526400804519653,0.3630259931087494,0.35130399465560913,0.3556550145149231,291553538.0
2024-10-31,0.34184500575065613,0.36055201292037964,0.3410939872264862,0.3552649915218353,280824333.0
2024-11-01,0.3570899963378906,0.3610070049762726,0.3354179859161377,0.3418459892272949,368246241.0
2024-11-02,0.3477709889411926,0.362870991230011,0.3463039994239807,0.3570930063724518,236242981.0
2024-11-03,0.3342849910259247,0.34791100025177,0.3292360007762909,0.3477639853954315,282268957.0
2024-11-04,0.3260189890861511,0.3360849916934967,0.3213990032672882,0.3342849910259247,261938084.0
2024-11-05,0.33392399549484253,0.3378939926624298,0.3260129988193512,0.3260270059108734,241884463.0
2024-11-06,0.36332300305366516,0.36503198742866516,0.33392098546028137,0.3339259922504425,628391576.0
2024-11-07,0.40501299500465393,0.40501299500465393,0.36203300952911377,0.36332300305366516,621558993.0
2024-11-08,0.4438149929046631,0.45788899064064026,0.4047589898109436,0.40501299500465393,1438657272.0
2024-11-09,0.4936800003051758,0.4938949942588806,0.42896899580955505,0.44381698966026306,721697726.0
2024-11-10,0.5903090238571167,0.652301013469696,0.4899370074272156,0.4936780035495758,5261440714.0
2024-11-11,0.6138079762458801,0.6222490072250366,0.5678070187568665,0.590304970741272,2987552596.0
2024-11-12,0.5739179849624634,0.64963299036026,0.5582119822502136,0.6138079762458801,2901745029.0
2024-11-13,0.5787749886512756,0.605301022529602,0.5213019847869873,0.573943018913269,2297021923.0
2024-11-14,0.5801159739494324,0.5980579853057861,0.5458620190620422,0.5787749886512756,1494813121.0
2024-11-15,0.6740599870681763,0.6892160177230835,0.5785419940948486,0.5801370143890381,3850451584.0
2024-11-16,0.7387340068817139,0.8116559982299805,0.7033159732818604,0.7033979892730713,5486835963.0
2024-11-17,0.7023249864578247,0.7678120136260986,0.6970270276069641,0.7387310266494751,2319881888.0
2024-11-18,0.7345799803733826,0.7796580195426941,0.7022619843482971,0.702301025390625,2244334039.0
2024-11-19,0.7396420240402222,0.7635290026664734,0.7238579988479614,0.7345799803733826,1551275089.0
2024-11-20,0.8003450036048889,0.8466290235519409,0.739471971988678,0.739637017250061,3799019828.0
2024-11-21,0.8204740285873413,0.8205469846725464,0.7703859806060791,0.8003420233726501,2536610264.0
2024-11-22,1.010422945022583,1.0384249687194824,0.8152329921722412,0.8204860091209412,6204396570.0
2024-11-23,1.066236972808838,1.1416820287704468,1.0104169845581055,1.0104219913482666,6544939547.0
2024-11-24,1.0231059789657593,1.094539999961853,0.9483410120010376,1.0662000179290771,3863056160.0
2024-11-25,0.9456890225410461,1.0699199438095093,0.9335500001907349,1.0231120586395264,3241380612.0
2024-11-26,0.9612320065498352,0.9883769750595093,0.8797209858894348,0.945684015750885,2875634851.0
2024-11-27,1.0133459568023682,1.03671395778656,0.9354379773139954,0.961184024810791,2606240084.0
2024-11-28,1.0335079431533813,1.0457689762115479,0.9770380258560181,1.0133479833602905,1563014326.0
2024-11-29,1.0768580436706543,1.0977959632873535,1.0304570198059082,1.0335079431533813,2218813144.0
2024-11-30,1.0789419412612915,1.1470849514007568,1.0538409948349,1.0768870115280151,2395901131.0
2024-12-01,1.1552519798278809,1.1584930419921875,1.0409859418869019,1.078935980796814,2300394616.0
2024-12-02,1.2017760276794434,1.2306849956512451,1.0615969896316528,1.1552859544754028,5544891690.0
2024-12-03,1.198125958442688,1.318681001663208,1.16982901096344,1.2017910480499268,5770098588.0
2024-12-04,1.1873199939727783,1.2401750087738037,1.149204969406128,1.1980830430984497,2838477436.0
2024-12-05,1.1847120523452759,1.238353967666626,1.1262869834899902,1.1872349977493286,3207578224.0
2024-12-06,1.2311069965362549,1.2346420288085938,1.1430219411849976,1.1631560325622559,2258465650.0
2024-12-07,1.214195966720581,1.2345750331878662,1.1930210590362549,1.2310810089111328,1376386201.0
2024-12-08,1.1962909698486328,1.2221519947052002,1.176677942276001,1.214480996131897,1699042879.0
2024-12-09,1.0075490474700928,1.1964149475097656,0.9522050023078918,1.196295976638794,3280181154.0
2024-12-10,1.0201610326766968,1.0361729860305786,0.9149690270423889,1.0075470209121704,3443248478.0
2024-12-11,1.0888899564743042,1.1092840433120728,0.9769459962844849,1.020292043685913,2130336502.0
2024-12-12,1.1250159740447998,1.1767499446868896,1.0772650241851807,1.0888489484786987,2209430802.0
2024-12-13,1.1196019649505615,1.1274850368499756,1.0813519954681396,1.1250059604644775,1325815818.0
2024-12-14,1.0605119466781616,1.1311299800872803,1.0459280014038086,1.1196019649505615,4239229343.0
2024-12-15,1.1017080545425415,1.1070879697799683,1.042631983757019,1.0605109930038452,1008997536.0
2024-12-16,1.0788559913635254,1.115705966949463,1.052016019821167,1.10166597366333,1536006595.0
2024-12-17,1.0515249967575073,1.109043002128601,1.0452890396118164,1.0788459777832031,1578564654.0
2024-12-18,0.9684200286865234,1.0579450130462646,0.9683780074119568,1.0515270233154297,1979056656.0
2024-12-19,0.8855019807815552,0.9871839880943298,0.853875994682312,0.968438982963562,2338441189.0
2024-12-20,0.9510110020637512,0.9567130208015442,0.7658889889717102,0.8854889869689941,2803176930.0
2024-12-21,0.9046940207481384,0.9959099888801575,0.8898760080337524,0.9510110020637512,1542881115.0
2024-12-22,0.8829759955406189,0.921684980392456,0.863090991973877,0.9046869874000549,1112000307.0
2024-12-23,0.9242460131645203,0.9395459890365601,0.8652269840240479,0.8829839825630188,1295330633.0
2024-12-24,0.936460018157959,0.9477130174636841,0.8928340077400208,0.9242429733276367,992442081.0
2024-12-25,0.916858971118927,0.9365509748458862,0.9040979743003845,0.9364650249481201,646314883.0
2024-12-26,0.8597850203514099,0.9246339797973633,0.8530790209770203,0.9168540239334106,789160826.0
2024-12-27,0.8747680187225342,0.9113370180130005,0.857433021068573,0.8597800135612488,885820827.0
2024-12-28,0.8878170251846313,0.8950690031051636,0.8678249716758728,0.8747749924659729,538128475.0
2024-12-29,0.8586400151252747,0.9079430103302002,0.8522899746894836,0.8878170251846313,645859774.0
2024-12-30,0.8600170016288757,0.8961949944496155,0.8309829831123352,0.8586410284042358,970303435.0
2024-12-31,0.8437650203704834,0.8722630143165588,0.8417440056800842,0.8600239753723145,677089128.0
2025-01-01,0.9175919890403748,0.9294220209121704,0.8389260172843933,0.8437659740447998,926095054.0
2025-01-02,0.9613450169563293,0.9790819883346558,0.9175969958305359,0.9176539778709412,1199916914.0
2025-01-03,1.0903760194778442,1.1160989999771118,0.9600440263748169,0.9613469839096069,2503146669.0
2025-01-04,1.0714000463485718,1.1079189777374268,1.0588500499725342,1.0903520584106445,1175730814.0
2025-01-05,1.0934669971466064,1.107867956161499,1.055279016494751,1.0713969469070435,1241263862.0
2025-01-06,1.0941239595413208,1.1125869750976562,1.0680979490280151,1.0934640169143677,1303664168.0
2025-01-07,0.9920099973678589,1.1501630544662476,0.9919620156288147,1.0941230058670044,2238100221.0
2025-01-08,0.9480310082435608,1.0212819576263428,0.9135900139808655,0.9920179843902588,1978552965.0
2025-01-09,0.9059900045394897,0.9582769870758057,0.8837609887123108,0.9480230212211609,1351715573.0
2025-01-10,0.9314529895782471,0.9717730283737183,0.9056479930877686,0.9059900045394897,1252358898.0
2025-01-11,0.9945240020751953,1.0129410028457642,0.9164530038833618,0.9314510226249695,888877434.0
2025-01-12,0.9685549736022949,1.034566044807434,0.9636729955673218,0.9944869875907898,1120377628.0
2025-01-13,0.9447420239448547,0.9910529851913452,0.889339029788971,0.968533992767334,1532120555.0
2025-01-14,0.9949089884757996,1.0069010257720947,0.940123975276947,0.9447360038757324,1119015701.0
2025-01-15,1.0791540145874023,1.0837650299072266,0.9909840226173401,0.9949110150337219,2210962210.0
2025-01-16,1.0900989770889282,1.13960599899292,1.0301799774169922,1.0790940523147583,2245926187.0
2025-01-17,1.1351219415664673,1.1636749505996704,1.0882200002670288,1.0900930166244507,1819221213.0
2025-01-18,1.10207200050354,1.143610954284668,1.0526319742202759,1.1351089477539062,1614350854.0
2025-01-19,0.991191029548645,1.1474610567092896,0.9781140089035034,1.1020480394363403,2978644563.0
2025-01-20,1.0086439847946167,1.0967010259628296,0.9688519835472107,0.9911689758300781,2754988266.0
2025-01-21,1.004654049873352,1.0269290208816528,0.9550960063934326,1.0086619853973389,1689540931.0
2025-01-22,0.9816439747810364,1.0159939527511597,0.9794300198554993,1.004654049873352,973043309.0
2025-01-23,0.9874939918518066,1.0066380500793457,0.9537469744682312,0.9816439747810364,1176052467.0
2025-01-24,0.9714940190315247,1.0071090459823608,0.9661970138549805,0.9874609708786011,899623660.0
2025-01-25,0.9772719740867615,0.9902070164680481,0.9661849737167358,0.9714999794960022,518321010.0
2025-01-26,0.9548559784889221,0.9992120265960693,0.9548559784889221,0.9772719740867615,558478883.0
2025-01-27,0.9329429864883423,0.9568079710006714,0.8687660098075867,0.954820990562439,1388103697.0
2025-01-28,0.9161149859428406,0.9670730233192444,0.9050549864768982,0.9329519867897034,768281216.0
2025-01-29,0.9411270022392273,0.9583600163459778,0.9052199721336365,0.916109025478363,819481985.0
2025-01-30,0.9610139727592468,0.9862490296363831,0.9386979937553406,0.9411429762840271,626612172.0
2025-01-31,0.9422289729118347,0.9818969964981079,0.9368590116500854,0.9610069990158081,700669655.0
2025-02-01,0.8979439735412598,0.9560539722442627,0.8909400105476379,0.9422289729118347,576044613.0
2025-02-02,0.8017399907112122,0.9097269773483276,0.7710750102996826,0.8979349732398987,1554294076.0
2025-02-03,0.8115590214729309,0.8229950070381165,0.5648369789123535,0.8017529845237732,4694160143.0
2025-02-04,0.7463430166244507,0.81843101978302,0.7190250158309937,0.8115620017051697,1601678503.0
2025-02-05,0.7332090139389038,0.7740880250930786,0.7289459705352783,0.746330976486206,840128547.0
2025-02-06,0.7050619721412659,0.7646530270576477,0.7021329998970032,0.7331269979476929,844784492.0
2025-02-07,0.7070930004119873,0.7500200271606445,0.6924769878387451,0.705053985118866,940384129.0
2025-02-08,0.7018489837646484,0.7148569822311401,0.6847509741783142,0.7070950269699097,553879408.0
2025-02-09,0.6827009916305542,0.7126370072364807,0.6540560126304626,0.7017760276794434,679645670.0
2025-02-10,0.7106930017471313,0.716280996799469,0.66560298204422,0.6827729940414429,751114200.0
2025-02-11,0.7793989777565002,0.8159189820289612,0.7107419967651367,0.7107419967651367,1813731044.0
2025-02-12,0.7992240190505981,0.8050739765167236,0.7528030276298523,0.7793949842453003,1231175669.0
2025-02-13,0.8107420206069946,0.8269019722938538,0.7720170021057129,0.799235999584198,840300501.0
2025-02-14,0.8005070090293884,0.8270789980888367,0.7931399941444397,0.8107100129127502,787635175.0
2025-02-15,0.7811099886894226,0.8129389882087708,0.7771999835968018,0.8005139827728271,493874835.0
2025-02-16,0.772005021572113,0.7868019938468933,0.7647410035133362,0.7811110019683838,448477194.0
2025-02-17,0.8080250024795532,0.8269169926643372,0.7718629837036133,0.7720010280609131,1041802036.0
2025-02-18,0.7523630261421204,0.8125380277633667,0.7381849884986877,0.8081070184707642,905917139.0
2025-02-19,0.7729430198669434,0.7747200131416321,0.7372490167617798,0.752364993095398,706077594.0
2025-02-20,0.8044739961624146,0.8104299902915955,0.7717170119285583,0.7729399800300598,688006862.0
2025-02-21,0.7613710165023804,0.8169400095939636,0.7521179914474487,0.8044639825820923,951661847.0
2025-02-22,0.7744519710540771,0.7826600074768066,0.7585909962654114,0.7613710165023804,530696926.0
2025-02-23,0.7700409889221191,0.7869970202445984,0.7614660263061523,0.7744510173797607,495111534.0
2025-02-24,0.6822019815444946,0.7755889892578125,0.680666983127594,0.770039975643158,960897545.0
2025-02-25,0.6825820207595825,0.6930379867553711,0.6338109970092773,0.6822119951248169,1317817123.0
2025-02-26,0.6450380086898804,0.693576991558075,0.6349819898605347,0.6825860142707825,869010894.0
2025-02-27,0.6455850005149841,0.6781089901924133,0.6284220218658447,0.6450530290603638,683537664.0
2025-02-28,0.6330509781837463,0.645609974861145,0.5821880102157593,0.6455810070037842,1102255137.0
2025-03-01,0.6592649817466736,0.674651026725769,0.6267330050468445,0.6330519914627075,585631597.0
2025-03-02,1.1295030117034912,1.134268045425415,0.6461189985275269,0.6592839956283569,7647921820.0
2025-03-03,0.8552640080451965,1.1342129707336426,0.8381940126419067,1.1295260190963745,7028104831.0
2025-03-04,0.941277027130127,0.9502570033073425,0.7684890031814575,0.8552619814872742,5400303546.0
2025-03-05,0.9753559827804565,1.0150569677352905,0.919651985168457,0.941245973110199,3945666181.0
2025-03-06,0.9075520038604736,0.9784650206565857,0.8882910013198853,0.9753640294075012,2621972377.0
2025-03-07,0.8167999982833862,0.9126889705657959,0.8115950226783752,0.9075520038604736,3480876480.0
2025-03-08,0.8046919703483582,0.836214005947113,0.7968320250511169,0.8167999982833862,1184834509.0
2025-03-09,0.7201489806175232,0.8156759738922119,0.7128279805183411,0.8046799898147583,1597453600.0
2025-03-10,0.6725969910621643,0.7737690210342407,0.6611070036888123,0.7201489806175232,1891557329.0
2025-03-11,0.722586989402771,0.7412700057029724,0.6536449790000916,0.6725940108299255,1875965762.0
2025-03-12,0.7354440093040466,0.7614730000495911,0.7125800251960754,0.7226340174674988,1355643740.0
2025-03-13,0.7022889852523804,0.7383890151977539,0.6925600171089172,0.7354440093040466,1195241317.0
2025-03-14,0.738315999507904,0.7483530044555664,0.6998530030250549,0.7022870182991028,1015277074.0
2025-03-15,0.7482889890670776,0.7584199905395508,0.7331420183181763,0.7383109927177429,720758317.0
2025-03-16,0.7057639956474304,0.748278021812439,0.6990389823913574,0.7482770085334778,807154727.0
2025-03-17,0.7180920243263245,0.7291240096092224,0.705269992351532,0.7057539820671082,756343011.0
2025-03-18,0.702081024646759,0.7181329727172852,0.6839810013771057,0.7180899977684021,697365412.0
2025-03-19,0.7441999912261963,0.7460219860076904,0.7012720108032227,0.7020840048789978,1096739941.0
2025-03-20,0.7175170183181763,0.7522349953651428,0.7135390043258667,0.7442319989204407,850609830.0
2025-03-21,0.7051169872283936,0.7261019945144653,0.7017549872398376,0.7174890041351318,660902108.0
2025-03-22,0.7009410262107849,0.7152050137519836,0.6991220116615295,0.7051200270652771,458125954.0
2025-03-23,0.7095080018043518,0.7151650190353394,0.6932539939880371,0.7009410262107849,585188487.0
2025-03-24,0.7309949994087219,0.7440339922904968,0.7067490220069885,0.7095029950141907,894622894.0
2025-03-25,0.745199978351593,0.7653399705886841,0.72223299741745,0.7309960126876831,1066564498.0
2025-03-26,0.7280619740486145,0.7727810144424438,0.721930980682373,0.7451930046081543,937295461.0
2025-03-27,0.737671971321106,0.7435969710350037,0.7227590084075928,0.7280769944190979,574512540.0
2025-03-28,0.705551028251648,0.7448449730873108,0.6906650066375732,0.7376729846000671,789537387.0
2025-03-29,0.6739220023155212,0.7111859917640686,0.6611850261688232,0.7055490016937256,643130134.0
2025-03-30,0.6607080101966858,0.6867219805717468,0.6520990133285522,0.6739090085029602,489882249.0
2025-03-31,0.6614469885826111,0.6637219786643982,0.6312100291252136,0.6606969833374023,754677195.0
2025-04-01,0.6776549816131592,0.6926289796829224,0.6591150164604187,0.6614459753036499,688019564.0
2025-04-02,0.641638994216919,0.7056289911270142,0.6371780037879944,0.6776480078697205,969234908.0
2025-04-03,0.6500589847564697,0.6562399864196777,0.6152229905128479,0.6416019797325134,873870076.0
2025-04-04,0.6604490280151367,0.6685310006141663,0.6296859979629517,0.6500629782676697,934938981.0
2025-04-05,0.6546710133552551,0.6664019823074341,0.6457549929618835,0.6604359745979309,403628594.0
2025-04-06,0.5727930068969727,0.6547629833221436,0.5617870092391968,0.6546710133552551,943427756.0
2025-04-07,0.5854309797286987,0.5966190099716187,0.5162259936332703,0.5728030204772949,1985606963.0
2025-04-08,0.5578879714012146,0.616657018661499,0.5544250011444092,0.5854349732398987,1249643862.0
2025-04-09,0.631676971912384,0.6438260078430176,0.5380139946937561,0.557869017124176,1648147581.0
2025-04-10,0.609387993812561,0.6323840022087097,0.588096022605896,0.6316940188407898,921990046.0
2025-04-11,0.6241670250892639,0.6366549730300903,0.60663902759552,0.6093950271606445,837897601.0
2025-04-12,0.6588519811630249,0.665910005569458,0.617717981338501,0.6241660118103027,676334951.0
2025-04-13,0.6380749940872192,0.6663169860839844,0.6318590044975281,0.6588550209999084,664262311.0
2025-04-14,0.6348739862442017,0.6556959748268127,0.630066990852356,0.6380720138549805,702462762.0
2025-04-15,0.6091629862785339,0.6474990248680115,0.6077629923820496,0.6348749995231628,729833314.0
2025-04-16,0.610418975353241,0.6225619912147522,0.5973309874534607,0.6091629862785339,660642294.0
2025-04-17,0.6163049936294556,0.6292309761047363,0.6097490191459656,0.610418975353241,459522026.0
2025-04-18,0.6274449825286865,0.6313210129737854,0.6111559867858887,0.6163049936294556,385441968.0
2025-04-19,0.6279540061950684,0.634082019329071,0.6197729706764221,0.6274449825286865,343946478.0
2025-04-20,0.6197819709777832,0.6339120268821716,0.6105179786682129,0.6279469728469849,366085065.0
2025-04-21,0.6239399909973145,0.6492059826850891,0.6176490187644958,0.6197819709777832,657464744.0
2025-04-22,0.680404007434845,0.6838780045509338,0.6183760166168213,0.6239359974861145,857733017.0
2025-04-23,0.6975659728050232,0.7152690291404724,0.6784219741821289,0.680387020111084,971202640.0
2025-04-24,0.72182697057724,0.7390909790992737,0.6714910268783569,0.6975669860839844,1033424969.0
2025-04-25,0.7141410112380981,0.7277060151100159,0.7033529877662659,0.7219780087471008,957571529.0
2025-04-26,0.7075210213661194,0.7331420183181763,0.7023699879646301,0.7141150236129761,660103423.0
2025-04-27,0.7039750218391418,0.7170320153236389,0.6924610137939453,0.7075129747390747,573620571.0
2025-04-28,0.7054799795150757,0.7281910181045532,0.6843479871749878,0.7039790153503418,895129397.0
2025-04-29,0.6963300108909607,0.7176340222358704,0.6903160214424133,0.7054799795150757,839231770.0
2025-04-30,0.6819300055503845,0.702830970287323,0.6668940186500549,0.6963300108909607,664786586.0
2025-05-01,0.7054340243339539,0.7138029932975769,0.6818259954452515,0.6819350123405457,602107137.0
2025-05-02,0.6980419754981995,0.7243419885635376,0.6900730133056641,0.7054349780082703,690154754.0
2025-05-03,0.701026976108551,0.7283570170402527,0.6927149891853333,0.6980419754981995,778920755.0
2025-05-04,0.676692008972168,0.713371992111206,0.6733899712562561,0.701026976108551,704179966.0
2025-05-05,0.6629760265350342,0.6897919774055481,0.6559979915618896,0.676692008972168,699151297.0
2025-05-06,0.6783819794654846,0.6799700260162354,0.6446290016174316,0.6629760265350342,592765534.0
2025-05-07,0.6711859703063965,0.6878399848937988,0.6565380096435547,0.678367018699646,615619795.0
2025-05-08,0.7666040062904358,0.7683410048484802,0.6707760095596313,0.6712080240249634,1352507618.0
2025-05-09,0.7777109742164612,0.8161730170249939,0.7558590173721313,0.7667409777641296,1495123581.0
2025-05-10,0.8412730097770691,0.8414779901504517,0.7730349898338318,0.7777130007743835,1434324472.0
2025-05-11,0.8049889802932739,0.8435559868812561,0.7842689752578735,0.8412569761276245,1092674369.0
2025-05-12,0.8176379799842834,0.8608250021934509,0.7872480154037476,0.8049899935722351,2013365721.0
2025-05-13,0.8315600156784058,0.8407639861106873,0.7742679715156555,0.8176349997520447,1325631679.0
2025-05-14,0.7995200157165527,0.8317170143127441,0.7907559871673584,0.8315790295600891,1149087779.0
2025-05-15,0.7612429857254028,0.8096849918365479,0.7468500137329102,0.7995269894599915,1282600970.0
2025-05-16,0.7592679858207703,0.784978985786438,0.752905011177063,0.7612730264663696,761962011.0
2025-05-17,0.7423850297927856,0.7802760004997253,0.7294650077819824,0.7592679858207703,974561722.0
2025-05-18,0.7606260180473328,0.7752469778060913,0.7246180176734924,0.7423850297927856,940509064.0
2025-05-19,0.7430629730224609,0.7632330060005188,0.7120149731636047,0.7605990171432495,870207859.0
2025-05-20,0.7457290291786194,0.7524899840354919,0.7238219976425171,0.7430629730224609,718031523.0
2025-05-21,0.7707189917564392,0.782069981098175,0.7394649982452393,0.7457219958305359,1107919947.0
2025-05-22,0.8081380128860474,0.8098549842834473,0.769894003868103,0.7707229852676392,1060144223.0
2025-05-23,0.7463799715042114,0.8396180272102356,0.745015025138855,0.8081560134887695,1438828552.0
2025-05-24,0.7471920251846313,0.765932023525238,0.7427840232849121,0.7463849782943726,606044855.0
2025-05-25,0.7599830031394958,0.7600029706954956,0.7299140095710754,0.7471920251846313,665579932.0
2025-05-26,0.7595549821853638,0.7756810188293457,0.7529550194740295,0.7599830031394958,648219927.0
2025-05-27,0.7586830258369446,0.7749689817428589,0.7456949949264526,0.7595549821853638,707175899.0
2025-05-28,0.7468940019607544,0.7603399753570557,0.7334709763526917,0.7586830258369446,597350861.0
2025-05-29,0.7223420143127441,0.7644929885864258,0.7220939993858337,0.7468940019607544,722295527.0
2025-05-30,0.6893270015716553,0.727092981338501,0.6871060132980347,0.7223420143127441,1028958874.0
2025-05-31,0.6860740184783936,0.6946390271186829,0.6580939888954163,0.689329981803894,812725496.0
2025-06-01,0.6849740147590637,0.6870660185813904,0.6567090153694153,0.6860740184783936,601446044.0
2025-06-02,0.6896770000457764,0.6915000081062317,0.6652690172195435,0.6849730014801025,644713300.0
2025-06-03,0.6846140027046204,0.7058320045471191,0.6772040128707886,0.6896799802780151,564411241.0
2025-06-04,0.6658899784088135,0.701337993144989,0.663910984992981,0.6846129894256592,537207539.0
2025-06-05,0.6275740265846252,0.6891019940376282,0.6210359930992126,0.6658899784088135,884135870.0
2025-06-06,0.6564059853553772,0.6709520220756531,0.6237900257110596,0.6275740265846252,644957374.0
2025-06-07,0.6650099754333496,0.6703829765319824,0.6517279744148254,0.6564059853553772,384375357.0
2025-06-08,0.6698989868164062,0.6786649823188782,0.6539859771728516,0.665008008480072,500556195.0
2025-06-09,0.7050520181655884,0.706961989402771,0.6576089859008789,0.6699000000953674,623912687.0
2025-06-10,0.7159140110015869,0.7187880277633667,0.6871809959411621,0.705053985118866,854432526.0
2025-06-11,0.6981580257415771,0.7303619980812073,0.692110002040863,0.7159180045127869,762289525.0
2025-06-12,0.6638389825820923,0.6991270184516907,0.6587839722633362,0.6981580257415771,693312281.0
2025-06-13,0.6421359777450562,0.6638190150260925,0.6203640103340149,0.6638190150260925,1056842030.0
2025-06-14,0.6249489784240723,0.6421999931335449,0.6148920059204102,0.6421369910240173,413673092.0
2025-06-15,0.633849024772644,0.6356289982795715,0.6216949820518494,0.6249529719352722,353272482.0
2025-06-16,0.6316310167312622,0.656781017780304,0.6259850263595581,0.633849024772644,676555071.0
2025-06-17,0.6104490160942078,0.6419140100479126,0.6009719967842102,0.6314330101013184,716747559.0
2025-06-18,0.6034489870071411,0.620764970779419,0.5897449851036072,0.610450029373169,721275360.0
2025-06-19,0.6021249890327454,0.6108440160751343,0.5910850167274475,0.6034510135650635,472917745.0
2025-06-20,0.5772640109062195,0.6059219837188721,0.5629760026931763,0.6021270155906677,758958578.0
2025-06-21,0.5543149709701538,0.5873389840126038,0.546658992767334,0.5772650241851807,686354524.0
2025-06-22,0.5409830212593079,0.562654972076416,0.513185977935791,0.5543220043182373,1168250598.0
2025-06-23,0.5832750201225281,0.5853840112686157,0.5308489799499512,0.54100501537323,1040285762.0
2025-06-24,0.5873690247535706,0.5931649804115295,0.5775930285453796,0.5832750201225281,798539329.0
2025-06-25,0.5670809745788574,0.5899930000305176,0.5645189881324768,0.5873709917068481,620996333.0
2025-06-26,0.5540210008621216,0.5805730223655701,0.5515450239181519,0.5670809745788574,602838443.0
2025-06-27,0.5587639808654785,0.5615090131759644,0.5460289716720581,0.5540210008621216,494464871.0
2025-06-28,0.5656970143318176,0.5682680010795593,0.5561749935150146,0.5587679743766785,368639849.0
2025-06-29,0.5780860185623169,0.5824400186538696,0.5557510256767273,0.5656970143318176,583426280.0
2025-06-30,0.5721210241317749,0.588808000087738,0.558247983455658,0.5780860185623169,746847500.0
2025-07-01,0.5421580076217651,0.5759639739990234,0.5384230017662048,0.5721210241317749,714647761.0
2025-07-02,0.5841010212898254,0.5980119705200195,0.5405160188674927,0.5421580076217651,991825199.0
2025-07-03,0.5990880131721497,0.6105120182037354,0.5833280086517334,0.5841000080108643,779890753.0
2025-07-04,0.5728909969329834,0.602724015712738,0.5643470287322998,0.5990869998931885,588008206.0
2025-07-05,0.5759080052375793,0.5828490257263184,0.5707169771194458,0.5728909969329834,316451015.0
2025-07-06,0.5860130190849304,0.5918269753456116,0.5714989900588989,0.5759080052375793,412178050.0
2025-07-07,0.5802379846572876,0.5925729870796204,0.574753999710083,0.5860090255737305,604232754.0
2025-07-08,0.5884739756584167,0.5914509892463684,0.5734999775886536,0.5802389979362488,545842174.0
2025-07-09,0.6234890222549438,0.6263269782066345,0.5844860076904297,0.5884739756584167,1024072721.0
2025-07-10,0.6766480207443237,0.6787980198860168,0.6181489825248718,0.6234890222549438,1172708375.0
2025-07-11,0.7105259895324707,0.7725200057029724,0.6695579886436462,0.6766449809074402,2869891976.0
2025-07-12,0.7082970142364502,0.7336840033531189,0.6901879906654358,0.7105259895324707,1327152134.0
2025-07-13,0.7372530102729797,0.7537540197372437,0.7060819864273071,0.7082970142364502,1559998665.0
2025-07-14,0.7343360185623169,0.7654730081558228,0.7237309813499451,0.7372509837150574,1794877371.0
2025-07-15,0.7468230128288269,0.7483000159263611,0.7117230296134949,0.7343260049819946,1523030830.0
2025-07-16,0.7645490169525146,0.7835590243339539,0.7340729832649231,0.7468230128288269,1535471266.0
2025-07-17,0.8237850069999695,0.8371580243110657,0.742796003818512,0.7645490169525146,2647535949.0
2025-07-18,0.8158569931983948,0.8921710252761841,0.8007749915122986,0.8237109780311584,3058416972.0
2025-07-19,0.8303400278091431,0.835457980632782,0.8056920170783997,0.8158609867095947,1047545712.0
2025-07-20,0.8587449789047241,0.8757979869842529,0.8245289921760559,0.8303329944610596,1751415542.0
2025-07-21,0.8904250264167786,0.9296600222587585,0.8441449999809265,0.8587430119514465,2494414873.0
2025-07-22,0.902944028377533,0.9070109724998474,0.8549190163612366,0.8904060125350952,2097520070.0
2025-07-23,0.8162310123443604,0.9034550189971924,0.7933470010757446,0.9029499888420105,1971435839.0
2025-07-24,0.8055779933929443,0.8367080092430115,0.7656610012054443,0.8162270188331604,2091907443.0
2025-07-25,0.816074013710022,0.8162519931793213,0.7776939868927002,0.8055800199508667,1448176900.0
2025-07-26,0.81980299949646,0.8374770283699036,0.813040018081665,0.8160539865493774,869250145.0
2025-07-27,0.8320080041885376,0.83815997838974,0.8154550194740295,0.8198009729385376,969262242.0
2025-07-28,0.7908909916877747,0.8540030121803284,0.7890660166740417,0.8320080041885376,1298724819.0
2025-07-29,0.7824680209159851,0.8089470267295837,0.7715070247650146,0.7908840179443359,986793262.0
2025-07-30,0.7634389996528625,0.788320004940033,0.7426159977912903,0.7824680209159851,1181054301.0
2025-07-31,0.7400599718093872,0.7876889705657959,0.7382389903068542,0.7634220123291016,977040210.0
2025-08-01,0.7156670093536377,0.7400559782981873,0.7008630037307739,0.7400559782981873,1471507567.0
2025-08-02,0.6976699829101562,0.7268519997596741,0.6865170001983643,0.7156310081481934,921584134.0
2025-08-03,0.7269759774208069,0.7290189862251282,0.6910359859466553,0.6976699829101562,757511852.0
2025-08-04,0.7548080086708069,0.7585129737854004,0.7259089946746826,0.7269780039787292,893498948.0
2025-08-05,0.726036012172699,0.7593119740486145,0.7152330279350281,0.7548090219497681,945408782.0
2025-08-06,0.7417939901351929,0.7473000288009644,0.7114310264587402,0.7260410189628601,740545524.0
2025-08-07,0.7863950133323669,0.7874410152435303,0.7349249720573425,0.7417939901351929,1066141350.0
2025-08-08,0.7911810278892517,0.8044260144233704,0.7779819965362549,0.786408007144928,1342179780.0
2025-08-09,0.804036021232605,0.8194649815559387,0.7907249927520752,0.7911779880523682,1023977315.0
2025-08-10,0.8022879958152771,0.8327460289001465,0.7881919741630554,0.8040549755096436,1080500013.0
2025-08-11,0.7739769816398621,0.832243025302887,0.7683820128440857,0.8022879958152771,1413948082.0
2025-08-12,0.8412039875984192,0.8537390232086182,0.7677559852600098,0.7739689946174622,1984793671.0
2025-08-13,0.9059240221977234,0.9180219769477844,0.8340409994125366,0.8412039875984192,2355898692.0
2025-08-14,0.9253829717636108,1.0164639949798584,0.8811659812927246,0.9059230089187622,6566984812.0
2025-08-15,0.943835973739624,0.9610769748687744,0.9141719937324524,0.9253960251808167,3727215369.0
2025-08-16,0.9212819933891296,0.975259006023407,0.9038339853286743,0.9438419938087463,2342325704.0
2025-08-17,0.9618890285491943,0.9848380088806152,0.9068949818611145,0.9212980270385742,2190571305.0
2025-08-18,0.9232550263404846,0.9659919738769531,0.8944900035858154,0.961870014667511,2301661145.0
2025-08-19,0.8450390100479126,0.9506000280380249,0.8449310064315796,0.9232360124588013,2803347062.0
2025-08-20,0.8808220028877258,0.8909909725189209,0.8397660255432129,0.845067024230957,2190768811.0
2025-08-21,0.8510209918022156,0.8907340168952942,0.8485270142555237,0.8808220028877258,1294029938.0
2025-08-22,0.9299209713935852,0.9390249848365784,0.8234189748764038,0.8510180115699768,2834699734.0
2025-08-23,0.9131330251693726,0.9335880279541016,0.8922950029373169,0.9299190044403076,1485858765.0
2025-08-24,0.9096069931983948,0.9600899815559387,0.8891630172729492,0.9131479859352112,2134094046.0
2025-08-25,0.8376330137252808,0.9252349734306335,0.8330489993095398,0.9096090197563171,2362229556.0
2025-08-26,0.8666830062866211,0.8738229870796204,0.8321030139923096,0.8376269936561584,1410119067.0
2025-08-27,0.8501560091972351,0.8751929998397827,0.8500970005989075,0.8666769862174988,1323719490.0
2025-08-28,0.8577499985694885,0.8778470158576965,0.8438339829444885,0.8501600027084351,1202927839.0
2025-08-29,0.8271369934082031,0.8626239895820618,0.8121979832649231,0.8577579855918884,1678140344.0
2025-08-30,0.8224049806594849,0.8418530225753784,0.809112012386322,0.8271539807319641,795989685.0
2025-08-31,0.8113610148429871,0.8369359970092773,0.8110020160675049,0.8224120140075684,686397615.0
2025-09-01,0.8001859784126282,0.8426880240440369,0.7857739925384521,0.8113639950752258,1560962898.0
2025-09-02,0.8345810174942017,0.8347330093383789,0.7993289828300476,0.8001899719238281,1225760452.0
2025-09-03,0.8365300297737122,0.8430140018463135,0.8273550271987915,0.8345800042152405,873946795.0
2025-09-04,0.8098869919776917,0.841346025466919,0.8041669726371765,0.8365300297737122,865781781.0
2025-09-05,0.8310689926147461,0.8460689783096313,0.8057799935340881,0.8098700046539307,1262808667.0
2025-09-06,0.8184509873390198,0.835273027420044,0.8154330253601074,0.8310689926147461,579154321.0
2025-09-07,0.8350589871406555,0.840815007686615,0.8184409737586975,0.818452000617981,719398251.0
2025-09-08,0.8650529980659485,0.8685129880905151,0.83119797706604,0.8350589871406555,1398016818.0
2025-09-09,0.8650320172309875,0.8936349749565125,0.8537070155143738,0.8650569915771484,1730015556.0
2025-09-10,0.8846880197525024,0.8939700126647949,0.8606269955635071,0.8650259971618652,1204166506.0
2025-09-11,0.8942080140113831,0.8954480290412903,0.8736039996147156,0.8847010135650635,1307050671.0
2025-09-12,0.9170870184898376,0.9171010255813599,0.8848429918289185,0.8942070007324219,1586142736.0
2025-09-13,0.929843008518219,0.9525709748268127,0.9170510172843933,0.9170849919319153,2205805247.0
2025-09-14,0.8889909982681274,0.9304819703102112,0.8813629746437073,0.929843008518219,1388605835.0
2025-09-15,0.8635079860687256,0.9021649956703186,0.8547809720039368,0.8889880180358887,1947621867.0
2025-09-16,0.8806899785995483,0.8838239908218384,0.8560259938240051,0.8635079860687256,1267357116.0
2025-09-17,0.9130920171737671,0.9183170199394226,0.8642929792404175,0.8806869983673096,1875277351.0
2025-09-18,0.9253559708595276,0.9378219842910767,0.9010149836540222,0.9131060242652893,2009670534.0
2025-09-19,0.8909350037574768,0.9363790154457092,0.8874319791793823,0.9253559708595276,1573603604.0
2025-09-20,0.8939329981803894,0.9063169956207275,0.8886979818344116,0.8909329771995544,785758505.0
2025-09-21,0.8852750062942505,0.9023290276527405,0.8779039978981018,0.8939340114593506,878284682.0
2025-09-22,0.8257520198822021,0.8874809741973877,0.8060299754142761,0.8852599859237671,2389033730.0
2025-09-23,0.8076189756393433,0.8291509747505188,0.8053309917449951,0.8257669806480408,1108855046.0
2025-09-24,0.81318598985672,0.8290830254554749,0.7948960065841675,0.8076210021972656,1067044180.0
2025-09-25,0.7627890110015869,0.8144090175628662,0.7583510279655457,0.8131890296936035,1914562312.0
2025-09-26,0.7921929955482483,0.7961000204086304,0.7592530250549316,0.762781023979187,1170359717.0
2025-09-27,0.7817010283470154,0.7941470146179199,0.7775070071220398,0.7921900153160095,554628951.0
2025-09-28,0.8081660270690918,0.8112549781799316,0.7659270167350769,0.7817019820213318,744912865.0
2025-09-29,0.8067970275878906,0.8149600028991699,0.7899749875068665,0.8081650137901306,1048602865.0
2025-09-30,0.8072029948234558,0.8119840025901794,0.7799530029296875,0.8067920207977295,1095173989.0
2025-10-01,0.8500400185585022,0.8500400185585022,0.798196017742157,0.8072029948234558,1380143338.0
2025-10-02,0.8703200221061707,0.877269983291626,0.8391159772872925,0.8500350117683411,1417653094.0
2025-10-03,0.8663150072097778,0.8909919857978821,0.8504390120506287,0.8703150153160095,1417255332.0
2025-10-04,0.8399220108985901,0.8685050010681152,0.8346710205078125,0.8663190007209778,923179980.0
2025-10-05,0.8373519778251648,0.8800269961357117,0.8301339745521545,0.8399209976196289,1432571585.0
2025-10-06,0.8718159794807434,0.8797109723091125,0.8340160250663757,0.8373550176620483,1536337222.0
2025-10-07,0.8209019899368286,0.8769299983978271,0.819586992263794,0.871815025806427,1591420298.0
2025-10-08,0.838916003704071,0.8453329801559448,0.8117280006408691,0.8209050297737122,1135536629.0
2025-10-09,0.8156459927558899,0.839119017124176,0.7971389889717102,0.8389109969139099,1196536220.0
2025-10-10,0.6348350048065186,0.8226950168609619,0.33296799659729004,0.8156430125236511,4203182760.0
2025-10-11,0.6321799755096436,0.6819599866867065,0.6149320006370544,0.6348350048065186,2703054560.0
2025-10-12,0.7015050053596497,0.7082160115242004,0.6215239763259888,0.6321430206298828,1600069384.0
2025-10-13,0.7292580008506775,0.7350540161132812,0.6981250047683716,0.7015309929847717,1714657141.0
2025-10-14,0.6996920108795166,0.7325869798660278,0.6657230257987976,0.7292619943618774,1861960330.0
2025-10-15,0.66880202293396,0.7133269906044006,0.6618670225143433,0.6996930241584778,1209547947.0
2025-10-16,0.6449440121650696,0.6835539937019348,0.6358410120010376,0.6687999963760376,1359176043.0
2025-10-17,0.6248430013656616,0.6539419889450073,0.5951690077781677,0.6449440121650696,1684167803.0
2025-10-18,0.634460985660553,0.6408190131187439,0.6243500113487244,0.6248480081558228,549396048.0
2025-10-19,0.652550995349884,0.6644870042800903,0.6234109997749329,0.634460985660553,874038329.0
2025-10-20,0.6632509827613831,0.6754990220069885,0.6406800150871277,0.6525499820709229,1048326206.0
2025-10-21,0.6429139971733093,0.6846290230751038,0.6379320025444031,0.6632140278816223,1195836837.0
2025-10-22,0.6239719986915588,0.6466839909553528,0.6113529801368713,0.642920970916748,1083621498.0
2025-10-23,0.6428449749946594,0.6529579758644104,0.6232540011405945,0.6239719986915588,786265376.0
2025-10-24,0.6558910012245178,0.6588299870491028,0.6396870017051697,0.6428490281105042,838536144.0
2025-10-25,0.6546630263328552,0.6586470007896423,0.6490070223808289,0.6558939814567566,469372495.0
2025-10-26,0.6810629963874817,0.6842309832572937,0.6474819779396057,0.6546639800071716,788298972.0
2025-10-27,0.6673650145530701,0.6918720006942749,0.6652489900588989,0.6810600161552429,909288252.0
2025-10-28,0.6462730169296265,0.6745150089263916,0.6394090056419373,0.6673629879951477,1559874688.0
2025-10-29,0.6401649713516235,0.6566420197486877,0.6342689990997314,0.6462600231170654,1145954584.0
2025-10-30,0.6011229753494263,0.6476460099220276,0.5887799859046936,0.6401619911193848,1228514788.0
2025-10-31,0.6091650128364563,0.6190329790115356,0.6003440022468567,0.6011499762535095,869785976.0
2025-11-01,0.612201988697052,0.6165509819984436,0.6048229932785034,0.6091650128364563,496102908.0
2025-11-02,0.61080402135849,0.6181179881095886,0.594864010810852,0.612201988697052,566990964.0
2025-11-03,0.5523139834403992,0.6109489798545837,0.5414680242538452,0.6107919812202454,1542270537.0
2025-11-04,0.5214959979057312,0.5624409914016724,0.4933930039405823,0.5523070096969604,1869312291.0
2025-11-05,0.5461450219154358,0.5489150285720825,0.49752798676490784,0.5214890241622925,1137029829.0
2025-11-06,0.5309820175170898,0.5461379885673523,0.518979012966156,0.5461379885673523,872096877.0
2025-11-07,0.5760110020637512,0.5855069756507874,0.5208110213279724,0.5309919714927673,1278710472.0
2025-11-08,0.5684229731559753,0.5914940237998962,0.5550140142440796,0.5759689807891846,784247690.0
2025-11-09,0.5786349773406982,0.5834720134735107,0.549472987651825,0.5684450268745422,714096111.0
2025-11-10,0.5929700136184692,0.6012809872627258,0.5764849781990051,0.5786679983139038,831314134.0
2025-11-11,0.5565279722213745,0.6052200198173523,0.5547890067100525,0.5929809808731079,857150089.0
2025-11-12,0.545261025428772,0.5801439881324768,0.540585994720459,0.5565249919891357,766808820.0
2025-11-13,0.5311149954795837,0.5700870156288147,0.517212986946106,0.5452640056610107,1056326483.0
2025-11-14,0.49842000007629395,0.5320929884910583,0.4943679869174957,0.5310980081558228,1192463993.0
2025-11-15,0.5034000277519226,0.5142670273780823,0.49808499217033386,0.49842798709869385,711753171.0
2025-11-16,0.48484501242637634,0.5083739757537842,0.4760879874229431,0.5034040212631226,1034979545.0
2025-11-17,0.46553200483322144,0.49720001220703125,0.4581420123577118,0.4848319888114929,1209943614.0
2025-11-18,0.4749799966812134,0.48122501373291016,0.4586679935455322,0.46553000807762146,1101225671.0
2025-11-19,0.46323901414871216,0.47617799043655396,0.4389689862728119,0.4749720096588135,1037561742.0
2025-11-20,0.4323990046977997,0.46996599435806274,0.4296410083770752,0.463238000869751,988316139.0
2025-11-21,0.4091469943523407,0.43801799416542053,0.39111799001693726,0.43233200907707214,1770073071.0
2025-11-22,0.40460801124572754,0.41175898909568787,0.3916719853878021,0.40916600823402405,553773916.0
2025-11-23,0.4085490107536316,0.41769498586654663,0.4020949900150299,0.40460899472236633,646391172.0
2025-11-24,0.42784199118614197,0.4335879981517792,0.4042989909648895,0.4085580110549927,814509902.0
2025-11-25,0.4216170012950897,0.42862099409103394,0.4058830142021179,0.42784300446510315,652730619.0
2025-11-26,0.4356220066547394,0.4365760087966919,0.41165900230407715,0.4216170012950897,582375709.0
2025-11-27,0.4336850047111511,0.4384619891643524,0.42720699310302734,0.4356220066547394,482157613.0
2025-11-28,0.42023101449012756,0.4352410137653351,0.4161570072174072,0.4336790144443512,624407301.0
2025-11-29,0.4153830111026764,0.4215719997882843,0.41302698850631714,0.4202289879322052,379239805.0
2025-11-30,0.41588500142097473,0.42709100246429443,0.4144589900970459,0.4153760075569153,397706532.0
2025-12-01,0.38571399450302124,0.41589298844337463,0.37192898988723755,0.41589298844337463,965561899.0
2025-12-02,0.4339640140533447,0.43836599588394165,0.38569098711013794,0.38571399450302124,837346960.0
2025-12-03,0.4508090019226074,0.45315200090408325,0.42810600996017456,0.43395400047302246,817986188.0
2025-12-04,0.43945398926734924,0.45466798543930054,0.4355809986591339,0.45075100660324097,642155044.0
2025-12-05,0.41627100110054016,0.4423460066318512,0.41065898537635803,0.43945199251174927,590647098.0
2025-12-06,0.4139310121536255,0.42084801197052,0.4104210138320923,0.41627100110054016,326306941.0
2025-12-07,0.4168109893798828,0.4343140125274658,0.407584011554718,0.41393300890922546,609158162.0
2025-12-08,0.43219199776649475,0.43998101353645325,0.4154509902000427,0.4168330132961273,627341088.0
2025-12-09,0.47000500559806824,0.4828679859638214,0.42463600635528564,0.43219199776649475,1369159342.0
2025-12-10,0.453900009393692,0.47410398721694946,0.45348799228668213,0.4700010120868683,1065976755.0
2025-12-11,0.42534399032592773,0.45451900362968445,0.41103100776672363,0.453902006149292,1224577869.0
2025-12-12,0.40913501381874084,0.4286330044269562,0.4044579863548279,0.425368994474411,753251550.0
2025-12-13,0.4110569953918457,0.41544100642204285,0.40757399797439575,0.40913400053977966,336899500.0
2025-12-14,0.39658400416374207,0.4112190008163452,0.3947969973087311,0.4110560119152069,534338410.0
2025-12-15,0.38809099793434143,0.4061709940433502,0.3791379928588867,0.3965669870376587,668504094.0
2025-12-16,0.3857269883155823,0.39094701409339905,0.38012200593948364,0.3880929946899414,555939135.0
2025-12-17,0.36650198698043823,0.3987720012664795,0.3653709888458252,0.3857240080833435,687147387.0
2025-12-18,0.3514249920845032,0.37787601351737976,0.34771499037742615,0.3665109872817993,753416756.0
2025-12-19,0.3766300082206726,0.3794440031051636,0.34727799892425537,0.35142698884010315,611822292.0
2025-12-20,0.37309500575065613,0.37993499636650085,0.37227100133895874,0.3766300082206726,301429029.0
2025-12-21,0.3658910095691681,0.3740440011024475,0.3583180010318756,0.3730979859828949,453364122.0
2025-12-22,0.3708069920539856,0.3803060054779053,0.3632799983024597,0.36590200662612915,607043679.0
2025-12-23,0.36285200715065,0.3733760118484497,0.35627299547195435,0.3708069920539856,459660400.0
2025-12-24,0.35641199350357056,0.3642849922180176,0.3531470000743866,0.36284101009368896,417768956.0
2025-12-25,0.3432160019874573,0.3608259856700897,0.3426060080528259,0.35641300678253174,521736417.0
2025-12-26,0.3495819866657257,0.3572100102901459,0.34204399585723877,0.3432210087776184,547530768.0
2025-12-27,0.3695420026779175,0.3695540130138397,0.34898900985717773,0.34957700967788696,380207039.0
2025-12-28,0.3685019910335541,0.3747270107269287,0.36189699172973633,0.36955299973487854,459983671.0
2025-12-29,0.3529149889945984,0.38263800740242004,0.3505910038948059,0.3684940040111542,772916830.0
2025-12-30,0.35111701488494873,0.35597100853919983,0.3490540087223053,0.3529149889945984,491744913.0
2025-12-31,0.332830011844635,0.3529210090637207,0.3303700089454651,0.35111701488494873,621775078.0
2026-01-01,0.35621199011802673,0.3588869869709015,0.33177700638771057,0.33283600211143494,531808672.0
2026-01-02,0.39375799894332886,0.3956420123577118,0.35475900769233704,0.35621199011802673,968787318.0
2026-01-03,0.3893750011920929,0.3983420133590698,0.38362500071525574,0.39376100897789,546995635.0
2026-01-04,0.4000909924507141,0.4043079912662506,0.38919198513031006,0.38938000798225403,646307408.0
2026-01-05,0.4218739867210388,0.4246099889278412,0.39565300941467285,0.4000920057296753,905549791.0
2026-01-06,0.41962599754333496,0.43573498725891113,0.4019109904766083,0.4218739867210388,966955297.0
2026-01-07,0.40189000964164734,0.42155200242996216,0.398716002702713,0.41961899399757385,594668499.0
2026-01-08,0.39564499258995056,0.4037480056285858,0.3858869969844818,0.40189701318740845,636564711.0
2026-01-09,0.3907029926776886,0.40358099341392517,0.389039009809494,0.39564499258995056,514902682.0
2026-01-10,0.38791799545288086,0.3917059898376465,0.38494300842285156,0.39073801040649414,264122318.0
2026-01-11,0.3902849853038788,0.3957900106906891,0.38543400168418884,0.38795799016952515,393425052.0
2026-01-12,0.385904997587204,0.40277299284935,0.38212600350379944,0.39027801156044006,630973284.0
2026-01-13,0.4214189946651459,0.4255230128765106,0.3849020004272461,0.385904997587204,799417851.0
2026-01-14,0.41454699635505676,0.4266499876976013,0.4106389880180359,0.4214189946651459,807866116.0
2026-01-15,0.3934819996356964,0.41457098722457886,0.38992199301719666,0.41453999280929565,706173712.0
2026-01-16,0.3955340087413788,0.39772599935531616,0.3807710111141205,0.3934819996356964,560998439.0
2026-01-17,0.39667001366615295,0.40325701236724854,0.3936760127544403,0.3955329954624176,343097046.0
2026-01-18,0.3756929934024811,0.398283988237381,0.3755379915237427,0.3966769874095917,413105822.0
2026-01-19,0.3701249957084656,0.37567898631095886,0.35604000091552734,0.375669002532959,989768062.0
2026-01-20,0.3504279851913452,0.3701319992542267,0.3498550057411194,0.37012699246406555,747741397.0
2026-01-21,0.3656969964504242,0.3725849986076355,0.34796300530433655,0.3504199981689453,706807439.0
2026-01-22,0.35889700055122375,0.3682340085506439,0.3557890057563782,0.3656960129737854,430454100.0
2026-01-23,0.3600989878177643,0.3688490092754364,0.35332998633384705,0.35889700055122375,444642522.0
2026-01-24,0.3581629991531372,0.36189699172973633,0.35681599378585815,0.3600989878177643,209406684.0
2026-01-25,0.33870500326156616,0.35912901163101196,0.33337000012397766,0.3581570088863373,538358525.0
2026-01-26,0.3519980013370514,0.3572179973125458,0.33868199586868286,0.33871299028396606,496874214.0
2026-01-27,0.36030399799346924,0.36215800046920776,0.34786200523376465,0.3519900143146515,481944594.0
2026-01-28,0.35787901282310486,0.36387699842453003,0.3548929989337921,0.36029699444770813,473021223.0
2026-01-29,0.3340100049972534,0.358040988445282,0.32741600275039673,0.35787901282310486,673373439.0
2026-01-30,0.32035499811172485,0.3351230025291443,0.31684601306915283,0.3340170085430145,795904862.0
2026-01-31,0.2934960126876831,0.3214290142059326,0.2792620062828064,0.32035499811172485,1423489119.0
2026-02-01,0.2860319912433624,0.29829901456832886,0.2807759940624237,0.29349300265312195,757760258.0
2026-02-02,0.2989000082015991,0.3027229905128479,0.27649399638175964,0.28602901101112366,924176904.0
2026-02-03,0.2907879948616028,0.30366501212120056,0.2821289896965027,0.2989000082015991,758148474.0
2026-02-04,0.28630098700523376,0.3018079996109009,0.2808299958705902,0.29079800844192505,761471782.0
2026-02-05,0.24488499760627747,0.28829601407051086,0.24488399922847748,0.286298006772995,1441361930.0
2026-02-06,0.2762340009212494,0.28355398774147034,0.22623799741268158,0.2448820024728775,1912967348.0
2026-02-07,0.272365003824234,0.2779479920864105,0.2665410041809082,0.2762320041656494,1265758299.0
2026-02-08,0.2702629864215851,0.2755480110645294,0.26783400774002075,0.2723599970340729,799353237.0
2026-02-09,0.2697080075740814,0.27330300211906433,0.2597289979457855,0.2702609896659851,629065654.0
2026-02-10,0.26166999340057373,0.2701910138130188,0.2605310082435608,0.2697100043296814,400024186.0
2026-02-11,0.2555519938468933,0.264382004737854,0.2514210045337677,0.2616710066795349,472246559.0
2026-02-12,0.26422399282455444,0.26896199584007263,0.25554999709129333,0.25554999709129333,467092032.0
2026-02-13,0.2726919949054718,0.274044007062912,0.2584010064601898,0.2642180025577545,445201252.0
2026-02-14,0.2952660024166107,0.2998009920120239,0.2726849913597107,0.2726919949054718,522403278.0
2026-02-15,0.2817800045013428,0.30072200298309326,0.2777960002422333,0.2952660024166107,613711261.0
2026-02-16,0.2854909896850586,0.28817999362945557,0.2777999937534332,0.2817850112915039,382494768.0
2026-02-17,0.28096699714660645,0.28930899500846863,0.2778730094432831,0.2854970097541809,375377238.0
2026-02-18,0.2735860049724579,0.2867799997329712,0.2724649906158447,0.28096601366996765,357622116.0
2026-02-19,0.27254700660705566,0.2767469882965088,0.2682949900627136,0.2735849916934967,356975172.0
2026-02-20,0.2849070131778717,0.29290398955345154,0.27052000164985657,0.2725510001182556,505182730.0
2026-02-21,0.280021995306015,0.2859629988670349,0.2794789969921112,0.2849070131778717,255703999.0
2026-02-22,0.2713859975337982,0.28003498911857605,0.26924899220466614,0.2800230085849762,246018344.0
2026-02-23,0.2622550129890442,0.27436500787734985,0.2586050033569336,0.27138298749923706,475338089.0
2026-02-24,0.258758008480072,0.264272004365921,0.25456899404525757,0.2622550129890442,376723203.0
2026-02-25,0.296671986579895,0.3123829960823059,0.2581999897956848,0.258760005235672,1082297825.0
2026-02-26,0.2869729995727539,0.30042099952697754,0.28301700949668884,0.2966659963130951,676669964.0
2026-02-27,0.27761998772621155,0.29562801122665405,0.2746819853782654,0.2869719862937927,502932086.0
2026-02-28,0.2816149890422821,0.28314000368118286,0.26012998819351196,0.27762100100517273,728039641.0
2026-03-01,0.27358001470565796,0.29121801257133484,0.2696560025215149,0.2816149890422821,593823798.0
2026-03-02,0.27684101462364197,0.2876119911670685,0.26918500661849976,0.27358099818229675,623168019.0
2026-03-03,0.26288801431655884,0.2769800126552582,0.2608279883861542,0.27684399485588074,709762602.0
2026-03-04,0.2761020064353943,0.2845570147037506,0.25913700461387634,0.26288801431655884,989185528.0
2026-03-05,0.26899099349975586,0.2775219976902008,0.26600998640060425,0.2761020064353943,572697689.0
2026-03-06,0.25903698801994324,0.27173298597335815,0.2558920085430145,0.26899799704551697,483282116.0
2026-03-07,0.2546730041503906,0.26049500703811646,0.2524949908256531,0.25903698801994324,346080023.0
2026-03-08,0.24924999475479126,0.2570219933986664,0.24698400497436523,0.2546730041503906,409213223.0
2026-03-09,0.2549940049648285,0.26151901483535767,0.2492399960756302,0.24924999475479126,528757734.0
2026-03-10,0.2620120048522949,0.2731480002403259,0.25499600172042847,0.25499600172042847,649635622.0
2026-03-11,0.26253700256347656,0.2669770121574402,0.2572300136089325,0.2620150148868561,511020427.0
2026-03-12,0.26319798827171326,0.2650879919528961,0.2581709921360016,0.26253798604011536,370857830.0
2026-03-13,0.2656939923763275,0.2807599902153015,0.2631849944591522,0.26319700479507446,693568649.0
2026-03-14,0.2634440064430237,0.2664240002632141,0.25896498560905457,0.2656950056552887,378198218.0
2026-03-15,0.26984700560569763,0.2716059982776642,0.26162999868392944,0.2634440064430237,371686001.0
2026-03-16,0.29038000106811523,0.2924819886684418,0.26893898844718933,0.2698499858379364,1117143611.0
2026-03-17,0.2890630066394806,0.29256200790405273,0.28225699067115784,0.29037800431251526,642308000.0
2026-03-18,0.2741909921169281,0.2941319942474365,0.27036699652671814,0.2890639901161194,608628446.0
2026-03-19,0.2673560082912445,0.27612701058387756,0.26299700140953064,0.2741900086402893,452910427.0
2026-03-20,0.26611900329589844,0.2727639973163605,0.26234298944473267,0.26735401153564453,394906233.0
2026-03-21,0.25776898860931396,0.2670400142669678,0.257658988237381,0.26611900329589844,271134338.0
2026-03-22,0.25059500336647034,0.25962600111961365,0.2484699934720993,0.2577889859676361,476249791.0
2026-03-23,0.2616010010242462,0.2661510109901428,0.24831600487232208,0.25059500336647034,683768851.0
2026-03-24,0.26618900895118713,0.2675600051879883,0.2584039866924286,0.2616029977798462,449597944.0
2026-03-25,0.2703070044517517,0.2761020064353943,0.2659650146961212,0.2661930024623871,496454725.0
2026-03-26,0.2547740042209625,0.27042698860168457,0.25278499722480774,0.2703070044517517,504951606.0
2026-03-27,0.2460239976644516,0.2558319866657257,0.24524900317192078,0.25477099418640137,494413325.0
2026-03-28,0.2456589937210083,0.25214800238609314,0.24432100355625153,0.2460239976644516,304177659.0
2026-03-29,0.2395620048046112,0.24687500298023224,0.23468300700187683,0.24567000567913055,417636387.0
2026-03-30,0.24319399893283844,0.25102999806404114,0.2395630031824112,0.23956699669361115,426947961.0
2026-03-31,0.24156300723552704,0.24859300255775452,0.23609699308872223,0.24319200217723846,507432165.0
2026-04-01,0.2480580061674118,0.25297701358795166,0.2415360063314438,0.24156300723552704,511298140.0
2026-04-02,0.23935799300670624,0.250095009803772,0.23533600568771362,0.24806000292301178,609457229.0
2026-04-03,0.24616800248622894,0.25049901008605957,0.23919199407100677,0.23935799300670624,404562980.0
2026-04-04,0.2479490041732788,0.24919399619102478,0.24344800412654877,0.24616900086402893,245760598.0
2026-04-05,0.2504270076751709,0.2505899965763092,0.2408200055360794,0.2479490041732788,293066988.0
2026-04-06,0.24608999490737915,0.25954800844192505,0.24531300365924835,0.2504290044307709,523049791.0
2026-04-07,0.2637920081615448,0.2655630111694336,0.24024300277233124,0.24608799815177917,591484629.0
2026-04-08,0.25071099400520325,0.26403799653053284,0.25030699372291565,0.2637839913368225,517566999.0
2026-04-09,0.25381800532341003,0.25948500633239746,0.24805499613285065,0.25071099400520325,370447027.0
2026-04-10,0.25425899028778076,0.258542001247406,0.2500700056552887,0.25382199883461,421396108.0
2026-04-11,0.24966299533843994,0.25508901476860046,0.24737399816513062,0.25426000356674194,482937735.0
2026-04-12,0.23627200722694397,0.2504029870033264,0.23577000200748444,0.24966199696063995,571064165.0
2026-04-13,0.24857300519943237,0.24863700568675995,0.23615500330924988,0.23627200722694397,534047240.0
2026-04-14,0.23966699838638306,0.24879099428653717,0.2392919957637787,0.24859200417995453,519869550.0
2026-04-15,0.24590599536895752,0.24996399879455566,0.23843500018119812,0.23966799676418304,471434089.0
2026-04-16,0.25924399495124817,0.2603890001773834,0.2444249987602234,0.24590399861335754,733269165.0
2026-04-17,0.25886300206184387,0.26739299297332764,0.252346009016037,0.25924599170684814,713936059.0
2026-04-18,0.24950799345970154,0.2593179941177368,0.24783900380134583,0.25886398553848267,424901598.0
2026-04-19,0.24252399802207947,0.2506699860095978,0.2414270043373108,0.24949899315834045,558943066.0
2026-04-20,0.24828800559043884,0.2512570023536682,0.24247199296951294,0.24252599477767944,507917359.0
2026-04-21,0.2496500015258789,0.2515389919281006,0.24443599581718445,0.24828599393367767,426779608.0
2026-04-22,0.24855999648571014,0.2571150064468384,0.24854999780654907,0.24965299665927887,478814218.0
2026-04-23,0.2500090003013611,0.25063198804855347,0.24525800347328186,0.24855999648571014,462947981.0
2026-04-24,0.25044798851013184,0.2527579963207245,0.24755799770355225,0.2500090003013611,330043372.0
2026-04-25,0.2502700090408325,0.25375500321388245,0.24854899942874908,0.2504439949989319,317717858.0
2026-04-26,0.2523280084133148,0.2541300058364868,0.2488040030002594,0.2502700090408325,281698725.0
2026-04-27,0.2481510043144226,0.25591400265693665,0.2441670000553131,0.2523280084133148,421254372.0
2026-04-28,0.24680499732494354,0.24837100505828857,0.24470700323581696,0.24815300107002258,281201653.0
2026-04-29,0.2445169985294342,0.2537899911403656,0.23933100700378418,0.24680599570274353,548720750.0
2026-04-30,0.24617999792099,0.24778999388217926,0.24451600015163422,0.2445169985294342,299048849.0
2026-05-01,0.24811899662017822,0.25070101022720337,0.24614199995994568,0.24617899954319,314341284.0
2026-05-02,0.25008198618888855,0.25192299485206604,0.24722599983215332,0.24811899662017822,231090703.0
2026-05-03,0.24943499267101288,0.2514120042324066,0.24761800467967987,0.25008198618888855,270078666.0
2026-05-04,0.24989399313926697,0.25433599948883057,0.24748900532722473,0.24943499267101288,504053342.0
2026-05-05,0.2621380090713501,0.2652539908885956,0.24982300400733948,0.24989399313926697,578079305.0
2026-05-06,0.2667129933834076,0.27332401275634766,0.2604750096797943,0.2621380090713501,636443394.0
2026-05-07,0.26262301206588745,0.26993799209594727,0.26075199246406555,0.2667129933834076,493012914.0
2026-05-08,0.2732599973678589,0.27703800797462463,0.2605299949645996,0.26262301206588745,451859063.0
2026-05-09,0.2707889974117279,0.2781369984149933,0.26976698637008667,0.2732599973678589,327895948.0
2026-05-10,0.2825010120868683,0.28820401430130005,0.2686539888381958,0.2707900106906891,621326706.0
2026-05-11,0.2805339992046356,0.28293099999427795,0.2749370038509369,0.2825010120868683,491338886.0
2026-05-12,0.2709139883518219,0.28161799907684326,0.2674019932746887,0.2805339992046356,468807216.0
2026-05-13,0.26465898752212524,0.27726098895072937,0.261911004781723,0.2709139883518219,504848933.0
2026-05-14,0.2701590061187744,0.2799470126628876,0.2626110017299652,0.26465898752212524,514445671.0
2026-05-15,0.2614879906177521,0.2724609971046448,0.25771400332450867,0.2701590061187744,451445385.0
2026-05-16,0.2550410032272339,0.2620689868927002,0.2525869905948639,0.2614870071411133,323935708.0
2026-05-17,0.25187599658966064,0.25778499245643616,0.24806800484657288,0.2550410032272339,316840035.0
2026-05-18,0.25135400891304016,0.2525720000267029,0.24663099646568298,0.25187599658966064,470711622.0
2026-05-19,0.24822400510311127,0.2527430057525635,0.24755200743675232,0.25135400891304016,321271805.0
2026-05-20,0.24900099635124207,0.25084200501441956,0.246955007314682,0.24821700155735016,358236888.0
2026-05-21,0.2502569854259491,0.2530069947242737,0.2462410032749176,0.24900099635124207,438963585.0
2026-05-22,0.24242299795150757,0.2540319859981537,0.24160699546337128,0.25025901198387146,484228680.0
2026-05-23,0.2458759993314743,0.24999600648880005,0.23686100542545319,0.24242199957370758,506391353.0
2026-05-24,0.24212899804115295,0.24647100269794464,0.2388399988412857,0.2458759993314743,278691172.0
2026-05-25,0.2434609979391098,0.24739199876785278,0.24039499461650848,0.24212700128555298,310864837.0
2026-05-26,0.23980100452899933,0.24688099324703217,0.23826399445533752,0.2434609979391098,432644749.0
2026-05-27,0.237062007188797,0.24224400520324707,0.23604300618171692,0.23980200290679932,421872879.0
2026-05-28,0.23441599309444427,0.23790399730205536,0.22810199856758118,0.23706099390983582,520513722.0
2026-05-29,0.23259900510311127,0.23740500211715698,0.2301979959011078,0.23441599309444427,360213113.0
2026-05-30,0.23544199764728546,0.2385690063238144,0.23251000046730042,0.23259800672531128,351798466.0
2026-05-31,0.23528699576854706,0.23829999566078186,0.23198799788951874,0.23544299602508545,291589615.0
2026-06-01,0.23055200278759003,0.2369759976863861,0.22548000514507294,0.23528799414634705,492945357.0
2026-06-02,0.2125519961118698,0.2308170050382614,0.21001200377941132,0.23055200278759003,658043120.0
2026-06-03,0.2004529982805252,0.21796000003814697,0.2003760039806366,0.21255500614643097,643831979.0
2026-06-04,0.1796489953994751,0.20114600658416748,0.17961500585079193,0.20044900476932526,946165886.0
2026-06-05,0.15662899613380432,0.17965400218963623,0.1551470011472702,0.1796489953994751,1208509053.0
2026-06-06,0.15725600719451904,0.1619029939174652,0.14922699332237244,0.15662799775600433,683251427.0
2026-06-07,0.16497400403022766,0.16739299893379211,0.156917005777359,0.15725600719451904,545023352.0
2026-06-08,0.17033499479293823,0.17385199666023254,0.1601330041885376,0.16497400403022766,486559298.0
2026-06-09,0.1652670055627823,0.17072799801826477,0.16117100417613983,0.1703370064496994,423198020.0
2026-06-10,0.16076700389385223,0.16643500328063965,0.15881900489330292,0.16526800394058228,457510708.0
2026-06-11,0.17033599317073822,0.17125199735164642,0.16064000129699707,0.16076600551605225,470482548.0
2026-06-12,0.1698399931192398,0.17393699288368225,0.1678140014410019,0.1703380048274994,438278422.0
2026-06-13,0.171751007437706,0.1754930019378662,0.16924099624156952,0.16982899606227875,334776233.0
2026-06-14,0.1827850043773651,0.18307699263095856,0.16587600111961365,0.17175200581550598,381601010.0
2026-06-15,0.17855800688266754,0.18926399946212769,0.1774439960718155,0.18277700245380402,664256765.0
2026-06-16,0.17214800417423248,0.18093599379062653,0.1720149964094162,0.17855800688266754,403655785.0
2026-06-17,0.16659100353717804,0.17455700039863586,0.16479800641536713,0.17214800417423248,519578389.0
2026-06-18,0.16342799365520477,0.1684650033712387,0.16009999811649323,0.16659200191497803,336500935.0
2026-06-19,0.16209399700164795,0.1646070033311844,0.15881900489330292,0.1634259968996048,266241532.0
2026-06-20,0.1630759984254837,0.16432100534439087,0.1600400060415268,0.16209299862384796,227223971.0
2026-06-21,0.15663400292396545,0.16331499814987183,0.15662799775600433,0.16308100521564484,246967999.0
2026-06-22,0.15842199325561523,0.162882998585701,0.15653499960899353,0.15663300454616547,297545767.0
2026-06-23,0.15136200189590454,0.15974099934101105,0.1493310034275055,0.15842199325561523,398295602.0
2026-06-24,0.1475130021572113,0.1538739949464798,0.1398649960756302,0.15136200189590454,655127987.0
2026-06-25,0.1434289962053299,0.15025100111961365,0.13951300084590912,0.1475140005350113,464230454.0
2026-06-26,0.14820599555969238,0.14907999336719513,0.13869500160217285,0.14342600107192993,459782723.0
2026-06-27,0.14509999752044678,0.14928899705410004,0.14407600462436676,0.14820699393749237,257755448.0
2026-06-28,0.143668994307518,0.146014004945755,0.14159099757671356,0.14510099589824677,215776788.0
2026-06-29,0.1455869972705841,0.14818400144577026,0.14213000237941742,0.14366799592971802,307640288.0
2026-06-30,0.14416199922561646,0.14594100415706635,0.14207200706005096,0.1455869972705841,299197952.0
2026-07-01,0.15403999388217926,0.15750999748706818,0.1427599936723709,0.14416100084781647,600280916.0
2026-07-02,0.16129299998283386,0.16244499385356903,0.1526239961385727,0.15403899550437927,440502940.0
2026-07-03,0.17991900444030762,0.18255199491977692,0.16075800359249115,0.16129200160503387,751150969.0
2026-07-04,0.19203099608421326,0.19931599497795105,0.175026997923851,0.17991800606250763,827217332.0
2026-07-05,0.18936599791049957,0.19404099881649017,0.18553100526332855,0.19203099608421326,567947115.0
2026-07-06,0.18403199315071106,0.19008100032806396,0.1782280057668686,0.18936799466609955,496739022.0
2026-07-07,0.1744929999113083,0.18460999429225922,0.17408700287342072,0.18403099477291107,337902381.0
2026-07-08,0.16689999401569366,0.1758829951286316,0.1648930013179779,0.1744929999113083,339543624.0
2026-07-09,0.16651000082492828,0.16970400512218475,0.16502800583839417,0.16690200567245483,311240084.0
2026-07-10,0.16651800274848938,0.16944900155067444,0.16524000465869904,0.1665080040693283,335731129.0
2026-07-11,0.16596700251102448,0.1738169938325882,0.1659179925918579,0.16651800274848938,261359245.0
2026-07-12,0.16195900738239288,0.16627000272274017,0.16132499277591705,0.1659490019083023,218267221.0
2026-07-13,0.15723100304603577,0.16402700543403625,0.15585200488567352,0.16196000576019287,258683692.0
2026-07-14,0.16522599756717682,0.1672700047492981,0.15625,0.15723100304603577,318749406.0
2026-07-15,0.16509899497032166,0.1687069982290268,0.16218900680541992,0.16522599756717682,309478890.0
2026-07-16,0.16067099571228027,0.16619999706745148,0.16017800569534302,0.1650950014591217,242986450.0
2026-07-17,0.16664299368858337,0.16694499552249908,0.15790699422359467,0.16067099571228027,380301500.0
2026-07-18,0.16662199795246124,0.16902600228786469,0.1635420024394989,0.1666419953107834,241810290.0
2026-07-19,0.16598300635814667,0.1683100014925003,0.16439099609851837,0.16662099957466125,160990172.0
2026-07-20,0.16978399455547333,0.17137199640274048,0.16106000542640686,0.16598400473594666,404337279.0
2026-07-21,0.17334799468517303,0.17719300091266632,0.16951200366020203,0.1697790026664734,399209624.0
2026-07-22,0.17420800030231476,0.1800999939441681,0.17046000063419342,0.17334899306297302,297555174.0
2026-07-23,0.16832099854946136,0.17604699730873108,0.16822099685668945,0.17420700192451477,227254470.0
2026-07-24,0.16382400691509247,0.16833999752998352,0.16280600428581238,0.16832299530506134,202047884.0
2026-07-25,0.16463600099086761,0.16647499799728394,0.16154000163078308,0.16382700204849243,140670459.0
2026-07-26,0.16571199893951416,0.16633999347686768,0.16415999829769135,0.16463600099086761,132412639.0
2026-07-27,0.15542800724506378,0.16670000553131104,0.15433399379253387,0.1657170057296753,273538955.0
2026-07-28,0.16158899664878845,0.16287699341773987,0.15410099923610687,0.1554339975118637,320034342.0
2026-07-29,0.16201399266719818,0.16816499829292297,0.16067899763584137,0.16158999502658844,361049305.0
2026-07-30,0.1696850061416626,0.17520299553871155,0.16147799789905548,0.16201500594615936,390646940.0
2026-07-31,0.16796399652957916,0.17228199541568756,0.16718299686908722,0.1696850061416626,319417569.0
2026-08-01,0.17421600222587585,0.17611800134181976,0.1679619997739792,0.16796499490737915,302241056.0
2026-08-02,0.18935400247573853,0.19131700694561005,0.17293499410152435,0.17421600222587585,691825197.0
2026-08-03,0.19359000027179718,0.19542700052261353,0.18164899945259094,0.18935300409793854,645244278.0
2026-08-04,0.19279000163078308,0.19817699491977692,0.19112099707126617,0.19359000027179718,507916080.0
2026-08-05,0.19127100706100464,0.1975409984588623,0.18894700706005096,0.19279100000858307,420004299.0
2026-08-06,0.2007880061864853,0.2107349932193756,0.18657800555229187,0.19127100706100464,778964361.0
2026-08-07,0.20110000669956207,0.20335300266742706,0.19680100679397583,0.2007880061864853,425045744.0
2026-08-08,0.19921599328517914,0.20202699303627014,0.1979449987411499,0.2010989934206009,194932580.0
2026-08-09,0.19465400278568268,0.19934800267219543,0.19426099956035614,0.19921599328517914,207763448.0
2026-08-10,0.19105499982833862,0.19884200394153595,0.19105499982833862,0.19465500116348267,237199960.0
2026-08-11,0.18691499531269073,0.19117000699043274,0.1837249994277954,0.1910569965839386,274474857.0
2026-08-12,0.1824059933423996,0.18803399801254272,0.18078799545764923,0.1869170069694519,219423729.0
2026-08-13,0.18225400149822235,0.1862030029296875,0.18063600361347198,0.18240700662136078,197703303.0
2026-08-14,0.17985300719738007,0.18323299288749695,0.17808599770069122,0.18225400149822235,186818089.0
2026-08-15,0.1761319935321808,0.18126599490642548,0.17587199807167053,0.17985199391841888,120082621.0
2026-08-16,0.17484700679779053,0.17882800102233887,0.174796000123024,0.17613300681114197,160348989.0
2026-08-17,0.1740110069513321,0.17756299674510956,0.17285999655723572,0.17484700679779053,197318873.0
2026-08-18,0.17426399886608124,0.17655199766159058,0.17159700393676758,0.1740110069513321,179403037.0
2026-08-19,0.18687500059604645,0.1914069950580597,0.17340999841690063,0.17426499724388123,469459755.0
2026-08-20,0.1990489959716797,0.20271199941635132,0.18182100355625153,0.18687400221824646,705748854.0
2026-08-21,0.2292110025882721,0.2327049970626831,0.19882799685001373,0.19904600083827972,1156944577.0
2026-08-22,0.22625699639320374,0.2577030062675476,0.218517005443573,0.22921499609947205,1334074498.0
2026-08-23,0.22686199843883514,0.2300260066986084,0.21408900618553162,0.22626200318336487,650953599.0
2026-08-24,0.22115999460220337,0.22690600156784058,0.21707099676132202,0.2268739938735962,621164339.0
2026-08-25,0.20910200476646423,0.22817100584506989,0.20788300037384033,0.2211659997701645,558508806.0
2026-08-26,0.21261300146579742,0.21271799504756927,0.20297099649906158,0.20909999310970306,392649073.0
2026-08-27,0.21381500363349915,0.21720199286937714,0.20799300074577332,0.2126149982213974,425701769.0
2026-08-28,0.2030629962682724,0.21734000742435455,0.1998469978570938,0.21381500363349915,423234993.0
2026-08-29,0.2015710026025772,0.203342005610466,0.1992889940738678,0.2030629962682724,185357194.0
2026-08-30,0.19270700216293335,0.20581099390983582,0.19075599312782288,0.2015710026025772,321904022.0
2026-08-31,0.19776299595832825,0.20013800263404846,0.19213899970054626,0.1927029937505722,338111310.0
2026-09-01,0.19651800394058228,0.202797994017601,0.19398699700832367,0.1977660059928894,352379517.0
2026-09-02,0.2006639987230301,0.20066800713539124,0.19223299622535706,0.19651800394058228,316001388.0
2026-09-03,0.2212270051240921,0.22449100017547607,0.19981199502944946,0.2006639987230301,734499869.0
2026-09-04,0.21127499639987946,0.22629299759864807,0.20986199378967285,0.2212270051240921,680584315.0
2026-09-05,0.218531996011734,0.22166599333286285,0.2098120003938675,0.21127499639987946,451541564.0
2026-09-06,0.22312000393867493,0.2234559953212738,0.21648700535297394,0.21852999925613403,411138699.0
2026-09-07,0.2206220030784607,0.2258490025997162,0.2157440036535263,0.22312100231647491,524822170.0
2026-09-08,0.219309002161026,0.2309039980173111,0.2158540040254593,0.2206210047006607,635529548.0
2026-09-09,0.21194499731063843,0.2227420061826706,0.20993000268936157,0.219309002161026,527650001.0
2026-09-10,0.2047169953584671,0.214819997549057,0.2047010064125061,0.21194499731063843,434879282.0
2026-09-11,0.20616400241851807,0.21516500413417816,0.2010129988193512,0.20471499860286713,662505733.0
2026-09-12,0.20741799473762512,0.20941999554634094,0.20601299405097961,0.20616400241851807,213865707.0
2026-09-13,0.20360200107097626,0.20938700437545776,0.20250800251960754,0.20741799473762512,230042792.0
2026-09-14,0.20857800543308258,0.2153870016336441,0.2027750015258789,0.20360299944877625,439778509.0
2026-09-15,0.19542300701141357,0.20858900249004364,0.1936960071325302,0.2085839956998825,490152020.0
2026-09-16,0.19607999920845032,0.1963369995355606,0.19061000645160675,0.19542400538921356,416542511.0
2026-09-17,0.2026039958000183,0.20370100438594818,0.19444599747657776,0.19608399271965027,363487914.0
2026-09-18,0.22453999519348145,0.22649900615215302,0.20176100730895996,0.2026059925556183,752308249.0
2026-09-19,0.22453999519348145,0.22649900615215302,0.20176100730895996,0.2026059925556183,752308249.0
2026-09-20,0.22453999519348145,0.22649900615215302,0.20176100730895996,0.2026059925556183,752308249.0
