,Close,High,Low,Open,Volume
2023-09-21,210.7939453125,215.109375,209.58688354492188,214.35374450683594,384479845.0
2023-09-22,211.15086364746094,212.02658081054688,209.94168090820312,210.7893829345703,274805031.0
2023-09-23,210.56060791015625,211.58322143554688,210.1420135498047,211.1380615234375,215040995.0
2023-09-24,208.28289794921875,211.23727416992188,207.9329376220703,210.5747833251953,287192497.0
2023-09-25,210.0738067626953,210.5183868408203,207.47808837890625,208.2601318359375,294180845.0
2023-09-26,212.37844848632812,213.1878204345703,209.86691284179688,210.0501708984375,615780140.0
2023-09-27,211.98541259765625,215.72874450683594,210.88600158691406,212.37139892578125,753741988.0
2023-09-28,215.07598876953125,216.77532958984375,211.6513214111328,211.99095153808594,358321830.0
2023-09-29,215.2794189453125,217.25770568847656,214.50637817382812,215.09397888183594,335321479.0
2023-09-30,214.82130432128906,216.31216430664062,214.4836883544922,215.2777862548828,243788424.0
2023-10-01,218.04713439941406,219.1338348388672,213.5065155029297,214.80032348632812,387408083.0
2023-10-02,214.7579345703125,221.18829345703125,213.54632568359375,218.04934692382812,466879383.0
2023-10-03,213.43594360351562,215.72119140625,212.77056884765625,214.7349090576172,305437646.0
2023-10-04,213.4130859375,213.7624053955078,210.9364013671875,213.44146728515625,357560724.0
2023-10-05,210.67967224121094,213.78359985351562,210.4712371826172,213.42274475097656,351872670.0
2023-10-06,213.55552673339844,214.39295959472656,210.5572509765625,210.66526794433594,271152975.0
2023-10-07,212.36447143554688,213.85986328125,211.76080322265625,213.54396057128906,211771782.0
2023-10-08,211.51998901367188,212.84677124023438,209.7017822265625,212.38101196289062,267193041.0
2023-10-09,205.75096130371094,212.1028594970703,203.6554412841797,211.52261352539062,416312027.0
2023-10-10,208.57687377929688,210.45428466796875,205.75009155273438,205.75009155273438,441959353.0
2023-10-11,206.53341674804688,208.7305450439453,204.8092498779297,208.58229064941406,323117665.0
2023-10-12,205.2294158935547,206.6591033935547,203.658447265625,206.53587341308594,302337006.0
2023-10-13,206.03611755371094,207.94253540039062,204.61761474609375,205.22579956054688,296977151.0
2023-10-14,206.60189819335938,207.02554321289062,205.82728576660156,206.040283203125,203846460.0
2023-10-15,209.7425079345703,210.2316131591797,206.47857666015625,206.60028076171875,352524312.0
2023-10-16,214.82395935058594,217.12123107910156,209.74880981445312,209.74880981445312,521099239.0
2023-10-17,211.6432342529297,215.01222229003906,210.38235473632812,214.81211853027344,352621995.0
2023-10-18,210.50103759765625,213.57627868652344,210.09669494628906,211.63619995117188,275336939.0
2023-10-19,211.1441650390625,211.41201782226562,208.53712463378906,210.4916229248047,281310969.0
2023-10-20,212.30084228515625,216.1024169921875,210.74655151367188,211.14505004882812,335590168.0
2023-10-21,214.3056640625,215.61277770996094,211.6225128173828,212.29852294921875,267943731.0
2023-10-22,217.74737548828125,218.00485229492188,213.83428955078125,214.3217315673828,286771903.0
2023-10-23,228.35276794433594,229.98146057128906,218.3049774169922,218.45591735839844,611625206.0
2023-10-24,225.14295959472656,236.7500762939453,223.1171417236328,228.3383026123047,658304834.0
2023-10-25,222.179931640625,228.8148193359375,222.0341796875,225.16864013671875,414309192.0
2023-10-26,223.2360382080078,227.85787963867188,219.92672729492188,222.18551635742188,438534864.0
2023-10-27,224.4759063720703,229.85179138183594,220.20350646972656,223.21908569335938,554008090.0
2023-10-28,225.77407836914062,227.97061157226562,224.3576202392578,224.4715118408203,244363054.0
2023-10-29,227.14845275878906,228.14613342285156,224.25831604003906,225.78799438476562,207847188.0
2023-10-30,228.2874298095703,229.19149780273438,225.02120971679688,227.13491821289062,282899321.0
2023-10-31,226.43994140625,229.24130249023438,224.33131408691406,228.28236389160156,319329197.0
2023-11-01,228.00010681152344,229.14108276367188,222.8603973388672,226.4181671142578,384772000.0
2023-11-02,231.7230224609375,233.33607482910156,227.90748596191406,228.0166473388672,487639810.0
2023-11-03,230.60597229003906,232.21131896972656,226.34674072265625,231.70326232910156,332547803.0
2023-11-04,237.45460510253906,238.5099639892578,229.65533447265625,230.5974884033203,267965564.0
2023-11-05,244.32247924804688,245.59402465820312,236.7861785888672,237.44223022460938,419858434.0
2023-11-06,254.63479614257812,255.34230041503906,242.1800994873047,244.32044982910156,524115628.0
2023-11-07,246.39529418945312,255.5460968017578,242.69497680664062,254.65328979492188,549207441.0
2023-11-08,247.123291015625,247.80906677246094,244.58038330078125,246.39012145996094,369346518.0
2023-11-09,251.51084899902344,255.45465087890625,243.3295440673828,247.0521697998047,1116630429.0
2023-11-10,251.08236694335938,257.78802490234375,248.9433135986328,251.52682495117188,873515280.0
2023-11-11,251.42161560058594,255.07839965820312,246.72113037109375,251.09848022460938,872206327.0
2023-11-12,247.6400146484375,251.6469268798828,245.83245849609375,251.43441772460938,758715918.0
2023-11-13,241.33506774902344,250.1243133544922,241.12713623046875,247.64047241210938,888039233.0
2023-11-14,242.263671875,248.66522216796875,236.28573608398438,241.36984252929688,917236070.0
2023-11-15,253.75534057617188,254.18177795410156,242.26116943359375,242.281005859375,921052035.0
2023-11-16,242.75888061523438,255.5850372314453,240.67567443847656,253.74478149414062,950453378.0
2023-11-17,244.745361328125,245.9875946044922,238.99964904785156,242.83995056152344,788884171.0
2023-11-18,244.9507598876953,245.35305786132812,239.28082275390625,244.7462615966797,679630905.0
2023-11-19,246.58778381347656,246.93626403808594,242.4235076904297,244.96768188476562,618053586.0
2023-11-20,253.6350860595703,263.8700256347656,243.14175415039062,246.5845489501953,1289010990.0
2023-11-21,226.4864044189453,269.9175720214844,224.98170471191406,253.64385986328125,2480554399.0
2023-11-22,236.1365966796875,238.17669677734375,225.6582489013672,226.46131896972656,1338117919.0
2023-11-23,233.76580810546875,238.7913360595703,230.7522430419922,236.0960235595703,766695224.0
2023-11-24,232.9009552001953,236.37930297851562,232.19285583496094,233.75270080566406,709881299.0
2023-11-25,234.43994140625,235.7812957763672,232.683349609375,232.9174346923828,553022191.0
2023-11-26,232.0471954345703,234.49465942382812,229.3850555419922,234.42820739746094,606332049.0
2023-11-27,227.42147827148438,232.80938720703125,223.48683166503906,231.98388671875,795547656.0
2023-11-28,229.69296264648438,231.75552368164062,224.6786346435547,227.42799377441406,674267936.0
2023-11-29,227.34275817871094,231.19744873046875,226.51943969726562,229.6932373046875,602240832.0
2023-11-30,227.68380737304688,229.1439666748047,226.22654724121094,227.34303283691406,572448874.0
2023-12-01,228.54563903808594,229.8910675048828,227.232666015625,227.68881225585938,611750028.0
2023-12-02,229.30084228515625,230.0343017578125,226.68960571289062,228.53855895996094,628871423.0
2023-12-03,228.09820556640625,231.6390380859375,226.4960174560547,229.28953552246094,719496781.0
2023-12-04,233.29530334472656,236.83494567871094,227.1553192138672,228.07546997070312,2139028703.0
2023-12-05,231.2613525390625,234.48468017578125,228.40753173828125,233.30865478515625,851959167.0
2023-12-06,229.42440795898438,234.5861053466797,229.42440795898438,231.26344299316406,850327297.0
2023-12-07,232.97743225097656,234.53843688964844,229.2009735107422,229.53221130371094,813730268.0
2023-12-08,238.91598510742188,239.8386993408203,232.6486053466797,232.9604949951172,828993280.0
2023-12-09,237.7686004638672,245.00527954101562,237.07989501953125,238.9132537841797,856746249.0
2023-12-10,239.733154296875,241.25057983398438,237.55775451660156,237.79371643066406,640133489.0
2023-12-11,246.42086791992188,246.755859375,230.53103637695312,239.76890563964844,1442275453.0
2023-12-12,254.49497985839844,256.7091979980469,245.991943359375,246.36578369140625,1394681963.0
2023-12-13,252.42332458496094,255.56297302246094,244.81398010253906,254.40396118164062,1052163656.0
2023-12-14,253.5412139892578,254.08792114257812,248.7257080078125,252.40560913085938,876150236.0
2023-12-15,244.8984375,253.54971313476562,243.86737060546875,253.51744079589844,769388533.0
2023-12-16,244.35096740722656,248.0863800048828,243.45065307617188,244.89642333984375,651447427.0
2023-12-17,239.30828857421875,244.4321746826172,239.2306365966797,244.3507080078125,650163942.0
2023-12-18,241.3484344482422,241.3484344482422,232.7528076171875,239.2471466064453,871708609.0
2023-12-19,252.63719177246094,254.5745849609375,241.34768676757812,241.34768676757812,1254351945.0
2023-12-20,260.10736083984375,261.5574035644531,250.76504516601562,252.6297607421875,1053279744.0
2023-12-21,271.24658203125,274.44061279296875,256.5984802246094,260.14862060546875,1183480386.0
2023-12-22,271.3764953613281,276.1597900390625,265.41949462890625,271.2765197753906,1014769310.0
2023-12-23,271.3909606933594,272.1670837402344,266.16845703125,271.38128662109375,695725248.0
2023-12-24,264.71710205078125,272.59014892578125,262.775634765625,271.3775329589844,803502105.0
2023-12-25,267.0733642578125,267.9342041015625,262.48712158203125,264.73529052734375,738674209.0
2023-12-26,297.6932373046875,302.70758056640625,265.0900573730469,267.0721740722656,1941843757.0
2023-12-27,323.6773376464844,323.7694091796875,286.40338134765625,297.7483215332031,1893987416.0
2023-12-28,323.5989990234375,337.4258117675781,321.3273010253906,323.8037109375,1987714005.0
2023-12-29,313.8787536621094,325.5014343261719,309.1914367675781,323.5130310058594,1415732360.0
2023-12-30,317.16619873046875,320.111572265625,313.56005859375,313.8419494628906,901159404.0
2023-12-31,312.4356994628906,325.00653076171875,310.6978454589844,317.0681457519531,953254184.0
2024-01-01,314.4082946777344,315.74566650390625,308.09674072265625,312.38592529296875,910568057.0
2024-01-02,312.10382080078125,320.9332275390625,308.35064697265625,314.2675476074219,1133024158.0
2024-01-03,316.6612854003906,332.74920654296875,301.419189453125,312.151611328125,1927148986.0
2024-01-04,323.6000061035156,323.8224792480469,312.14544677734375,316.62445068359375,1285291962.0
2024-01-05,317.4502868652344,327.0423278808594,310.6506652832031,323.6202392578125,1257230413.0
2024-01-06,307.79449462890625,317.8272705078125,301.3959655761719,317.49517822265625,1051283820.0
2024-01-07,302.8905334472656,309.88238525390625,301.0862121582031,307.7940673828125,817795075.0
2024-01-08,304.5003967285156,308.2834777832031,290.8804016113281,302.90350341796875,1141697708.0
2024-01-09,300.9761047363281,306.6708068847656,296.5199890136719,304.4752502441406,1374376391.0
2024-01-10,305.0968322753906,309.6028747558594,290.1220397949219,300.98260498046875,1199728038.0
2024-01-11,308.7015075683594,316.7200622558594,302.64752197265625,305.2237854003906,1326827289.0
2024-01-12,296.6304626464844,312.68658447265625,290.7372741699219,308.6283264160156,1198386629.0
2024-01-13,302.227294921875,302.9240417480469,291.5197448730469,296.62542724609375,816347256.0
2024-01-14,299.05133056640625,306.5023193359375,299.0142517089844,302.22711181640625,787643004.0
2024-01-15,317.5672607421875,319.5900573730469,299.02581787109375,299.02581787109375,1667214322.0
2024-01-16,315.22625732421875,318.7459411621094,313.5428466796875,317.5467834472656,1143877764.0
2024-01-17,309.08538818359375,315.92755126953125,307.3587646484375,315.1612243652344,1206464161.0
2024-01-18,313.2928771972656,315.1431884765625,305.7171630859375,309.0931091308594,1105813150.0
2024-01-19,314.3004455566406,315.64007568359375,306.3778381347656,313.2928771972656,1036123822.0
2024-01-20,316.96038818359375,316.96038818359375,312.3036193847656,314.30023193359375,694855739.0
2024-01-21,318.3186950683594,321.2838134765625,316.22259521484375,316.9617614746094,723174009.0
2024-01-22,305.43701171875,319.7400817871094,304.5782165527344,318.37908935546875,948987847.0
2024-01-23,298.4039001464844,311.1738586425781,291.0572814941406,305.4375,1065495592.0
2024-01-24,293.0914306640625,300.3409729003906,290.8543395996094,298.4072265625,960725208.0
2024-01-25,291.9192810058594,296.052490234375,287.7281494140625,293.0929870605469,1086918042.0
2024-01-26,302.3179931640625,303.7918395996094,290.87738037109375,291.9390563964844,964268733.0
2024-01-27,305.8248291015625,307.41143798828125,302.0614318847656,302.3171691894531,691653061.0
2024-01-28,304.9756164550781,308.7686462402344,303.2923583984375,305.7743835449219,782354766.0
2024-01-29,310.7080078125,310.7130126953125,304.60357666015625,305.0214538574219,824640185.0
2024-01-30,307.4627380371094,312.96221923828125,306.9179382324219,310.7080078125,777667889.0
2024-01-31,300.35107421875,307.864990234375,298.96063232421875,307.4723815917969,814318731.0
2024-02-01,300.1759033203125,301.8831787109375,296.5621337890625,300.35107421875,754502530.0
2024-02-02,301.15496826171875,304.2850646972656,299.9427795410156,300.1639099121094,699579739.0
2024-02-03,299.7367248535156,303.5091552734375,299.62506103515625,301.181396484375,606345017.0
2024-02-04,304.7341613769531,307.4093322753906,298.2126159667969,299.7156677246094,818836774.0
2024-02-05,300.8540344238281,306.52313232421875,299.54913330078125,304.71844482421875,826414727.0
2024-02-06,302.71014404296875,303.5723571777344,300.63946533203125,300.8583679199219,680038428.0
2024-02-07,307.63458251953125,308.47808837890625,300.84954833984375,302.71160888671875,776516914.0
2024-02-08,318.87188720703125,320.4073486328125,307.5062255859375,307.57354736328125,1206142745.0
2024-02-09,323.84228515625,325.64459228515625,318.202392578125,318.9233703613281,1094700959.0
2024-02-10,323.1338806152344,325.42669677734375,319.5799560546875,323.8716125488281,737748174.0
2024-02-11,320.78753662109375,324.768310546875,320.30938720703125,323.103515625,706320478.0
2024-02-12,327.9446105957031,331.4398498535156,315.93243408203125,320.80401611328125,982444950.0
2024-02-13,324.86822509765625,329.2057800292969,319.4844055175781,327.9324035644531,886487720.0
2024-02-14,334.2459716796875,334.369140625,323.8765869140625,324.8655700683594,887463520.0
2024-02-15,354.7108154296875,365.13311767578125,333.8529968261719,334.21087646484375,1744161787.0
2024-02-16,360.890380859375,365.56207275390625,351.70159912109375,354.68756103515625,1461675119.0
2024-02-17,352.9081115722656,363.28179931640625,349.043212890625,360.8729553222656,1101515839.0
2024-02-18,349.6799621582031,358.00885009765625,349.6799621582031,352.9129943847656,959954204.0
2024-02-19,351.8070983886719,355.6981201171875,349.623779296875,349.67828369140625,1290009052.0
2024-02-20,354.8639221191406,360.3736267089844,346.0740051269531,351.8079528808594,1489888631.0
2024-02-21,378.5373229980469,379.0655212402344,351.4012451171875,354.8638610839844,2264483250.0
2024-02-22,382.009765625,386.5940856933594,374.3027038574219,378.7139587402344,2002118598.0
2024-02-23,375.319091796875,385.45794677734375,369.40008544921875,381.9831237792969,1755398357.0
2024-02-24,381.7427978515625,383.0736999511719,371.9991455078125,375.3238220214844,1088410661.0
2024-02-25,388.5517272949219,390.4501037597656,378.1285705566406,381.74261474609375,1324081579.0
2024-02-26,401.6438903808594,404.4400939941406,382.2568664550781,388.5350036621094,2011146388.0
2024-02-27,394.9956359863281,403.74005126953125,390.9178771972656,401.6438903808594,1750697179.0
2024-02-28,415.7716064453125,427.04681396484375,394.66107177734375,394.95172119140625,2323818531.0
2024-02-29,399.7787170410156,419.7790222167969,392.3798828125,415.5836181640625,2058367303.0
2024-03-01,407.8107604980469,408.55279541015625,399.4783020019531,399.67242431640625,1527194519.0
2024-03-02,410.9858703613281,414.84515380859375,406.5416564941406,407.8048400878906,1520439801.0
2024-03-03,414.3810729980469,416.6257019042969,405.0853271484375,410.9778137207031,1810575392.0
2024-03-04,419.0354309082031,423.8005676269531,411.4765319824219,414.4140319824219,2111212949.0
2024-03-05,394.6617431640625,427.0828857421875,363.22064208984375,419.0164489746094,3319029162.0
2024-03-06,429.011962890625,433.4255065917969,386.2295227050781,394.6649475097656,3281109608.0
2024-03-07,475.2906494140625,477.2071838378906,423.7870178222656,429.011962890625,3328990543.0
2024-03-08,488.09417724609375,489.57855224609375,464.8338623046875,475.2777099609375,3644157779.0
2024-03-09,489.56182861328125,494.0759582519531,482.640625,488.09271240234375,2314944823.0
2024-03-10,529.374755859375,537.415283203125,486.8355407714844,489.5409240722656,4507153439.0
2024-03-11,522.718017578125,532.7896728515625,509.9839172363281,529.4474487304688,3950105375.0
2024-03-12,537.86572265625,547.018310546875,521.9139404296875,522.718994140625,4381078189.0
2024-03-13,630.5613403320312,631.1683959960938,532.0458984375,537.86572265625,5717769152.0
2024-03-14,602.9887084960938,630.9562377929688,569.2069091796875,630.5613403320312,4918366892.0
2024-03-15,632.8027954101562,634.2008056640625,547.7039794921875,602.9675903320312,5849156503.0
2024-03-16,576.7752075195312,641.4811401367188,571.286865234375,632.8027954101562,3952760767.0
2024-03-17,571.0855712890625,589.6356811523438,550.1432495117188,576.7752075195312,3512190982.0
2024-03-18,554.55712890625,586.5149536132812,540.8463134765625,571.0855712890625,3982384372.0
2024-03-19,507.0765686035156,559.8604125976562,498.5623474121094,554.55712890625,4346763421.0
2024-03-20,556.7005004882812,558.9464721679688,501.1168518066406,507.0864562988281,3177352364.0
2024-03-21,553.2482299804688,570.05322265625,541.6550903320312,556.7005004882812,2595135487.0
2024-03-22,551.778564453125,587.7314453125,535.97265625,553.2482299804688,2949959002.0
2024-03-23,551.8795166015625,567.544677734375,544.9212646484375,551.778564453125,1962524597.0
2024-03-24,567.9948120117188,572.4882202148438,549.5263061523438,551.8795166015625,1745465728.0
2024-03-25,587.4276123046875,597.6621704101562,565.1378784179688,567.9948120117188,2490221265.0
2024-03-26,580.1505126953125,597.0130004882812,572.8078002929688,587.4276123046875,2086911757.0
2024-03-27,574.5115966796875,584.9867553710938,565.5116577148438,580.1593017578125,1983797879.0
2024-03-28,583.2708740234375,591.3146362304688,574.2017822265625,574.5115966796875,1986567688.0
2024-03-29,612.657958984375,619.9725952148438,582.4693603515625,583.2867431640625,2788931743.0
2024-03-30,601.016357421875,612.9949340820312,597.6298217773438,612.66015625,1750650703.0
2024-03-31,606.9086303710938,608.6642456054688,600.8792724609375,601.005126953125,1456592924.0
2024-04-01,576.3966674804688,607.6455688476562,570.0531616210938,606.90869140625,2020241864.0
2024-04-02,550.6814575195312,578.1329956054688,546.8681640625,576.3765869140625,2480273065.0
2024-04-03,562.0196533203125,567.9979858398438,540.246826171875,550.6814575195312,2096610785.0
2024-04-04,585.4415283203125,597.8353271484375,561.34912109375,562.0196533203125,2340488273.0
2024-04-05,578.9669189453125,591.3327026367188,565.7509765625,585.4832153320312,1983792648.0
2024-04-06,585.966796875,590.6022338867188,575.9175415039062,578.9669189453125,1328988130.0
2024-04-07,584.1021728515625,590.8859252929688,578.7191162109375,585.966796875,1374676397.0
2024-04-08,586.9009399414062,600.8928833007812,577.9833374023438,584.1021728515625,1739232272.0
2024-04-09,580.830322265625,589.666748046875,574.1403198242188,586.9009399414062,1988165022.0
2024-04-10,610.0839233398438,610.4829711914062,574.46142578125,580.830322265625,1654268255.0
2024-04-11,604.893798828125,617.4686279296875,592.6021728515625,610.0839233398438,1299527568.0
2024-04-12,596.380126953125,626.9840698242188,575.5808715820312,604.893798828125,2619549858.0
2024-04-13,554.2998046875,599.8919677734375,517.2700805664062,596.3749389648438,2660310655.0
2024-04-14,567.2184448242188,570.257568359375,537.1805419921875,554.2998046875,1724305772.0
2024-04-15,552.87451171875,585.4859619140625,546.8653564453125,567.2184448242188,1488692418.0
2024-04-16,537.829345703125,554.1048583984375,524.2218627929688,552.8746948242188,1299731119.0
2024-04-17,534.416015625,548.0428466796875,514.1128540039062,537.8313598632812,1411927485.0
2024-04-18,552.172119140625,555.0400390625,527.4300537109375,534.4149780273438,1439312699.0
2024-04-19,554.8892822265625,564.5448608398438,525.0286254882812,552.172119140625,1320094794.0
2024-04-20,570.9605102539062,574.0986938476562,549.800048828125,554.8881225585938,697007137.0
2024-04-21,579.6199340820312,582.2720336914062,567.1710815429688,570.9605102539062,782061076.0
2024-04-22,605.5755004882812,608.5170288085938,579.1416625976562,579.6146850585938,1300340623.0
2024-04-23,606.8406372070312,613.5433349609375,599.9375610351562,605.5755004882812,1380221181.0
2024-04-24,608.0861206054688,617.3051147460938,592.944091796875,606.8406372070312,1518718475.0
2024-04-25,614.0050048828125,617.8062133789062,601.7774658203125,608.0906372070312,1161642323.0
2024-04-26,597.7054443359375,614.834228515625,597.1796264648438,614.0050048828125,817787521.0
2024-04-27,595.7205200195312,599.2827758789062,586.1527099609375,597.7054443359375,781864034.0
2024-04-28,600.0711669921875,607.8242797851562,595.716552734375,595.7205200195312,681109845.0
2024-04-29,592.8312377929688,602.5989379882812,583.3385009765625,600.0711669921875,868114786.0
2024-04-30,578.488037109375,603.3228149414062,556.1708984375,592.831787109375,1727881192.0
2024-05-01,561.408203125,579.3329467773438,538.0464477539062,578.4874877929688,1502825527.0
2024-05-02,560.5267333984375,565.4573974609375,543.5223388671875,561.408203125,877449354.0
2024-05-03,587.0104370117188,590.2448120117188,559.4467163085938,560.5267333984375,854728192.0
2024-05-04,585.8465576171875,593.1934204101562,583.2993774414062,587.0184326171875,582273374.0
2024-05-05,592.140380859375,594.9953002929688,580.2462768554688,585.8465576171875,531182053.0
2024-05-06,588.4759521484375,601.88671875,583.3734130859375,592.139892578125,1522319999.0
2024-05-07,577.4862060546875,599.9354858398438,576.7245483398438,588.4759521484375,1535678414.0
2024-05-08,588.1974487304688,589.5725708007812,575.1480102539062,577.4862060546875,1603241013.0
2024-05-09,596.031982421875,602.5897216796875,586.7303466796875,588.1974487304688,1897318659.0
2024-05-10,585.6221923828125,596.5833740234375,582.0457763671875,596.0276489257812,1521708160.0
2024-05-11,592.0278930664062,594.20654296875,581.8966674804688,585.6221923828125,1333662111.0
2024-05-12,594.424560546875,599.1841430664062,587.8043212890625,592.0291748046875,1276671115.0
2024-05-13,591.60693359375,597.7680053710938,585.520751953125,594.424560546875,1636169234.0
2024-05-14,566.70703125,592.8369750976562,563.4202270507812,591.60693359375,1944063031.0
2024-05-15,582.0743408203125,587.4215087890625,561.1272583007812,566.70703125,1895100260.0
2024-05-16,569.1902465820312,586.4363403320312,565.7623291015625,582.1001586914062,1911862000.0
2024-05-17,581.1783447265625,584.666015625,568.8367309570312,569.1902465820312,1557134929.0
2024-05-18,580.4811401367188,581.9871826171875,575.0185546875,581.1783447265625,1358737176.0
2024-05-19,574.6316528320312,581.876708984375,572.36962890625,580.4815673828125,1298887094.0
2024-05-20,600.6163330078125,601.5638427734375,569.5235595703125,574.6316528320312,2145457267.0
2024-05-21,618.4204711914062,629.861083984375,593.9327392578125,600.60107421875,3564986916.0
2024-05-22,614.671875,625.5662841796875,610.5460205078125,618.4204711914062,2138536549.0
2024-05-23,598.6708374023438,616.5244750976562,581.9541015625,614.671875,2631566566.0
2024-05-24,600.2258911132812,604.3148803710938,588.8939819335938,598.6708374023438,1778282198.0
2024-05-25,602.1944580078125,606.3673095703125,599.6072387695312,600.2266235351562,1392399167.0
2024-05-26,599.825927734375,604.830078125,598.6958618164062,602.1944580078125,1372657185.0
2024-05-27,603.5264282226562,613.38818359375,599.7007446289062,599.825927734375,1691663828.0
2024-05-28,601.2132568359375,604.985107421875,593.7161865234375,603.5264282226562,1852329404.0
2024-05-29,594.9720458984375,602.9315185546875,592.9666137695312,601.2132568359375,1642696946.0
2024-05-30,595.0267944335938,601.6650390625,586.5576782226562,594.9725341796875,1737524745.0
2024-05-31,593.5223388671875,598.4236450195312,589.7748413085938,595.0267944335938,1590349553.0
2024-06-01,601.30419921875,607.5828857421875,592.6806030273438,593.5223388671875,1520074486.0
2024-06-02,603.026611328125,604.9780883789062,596.164794921875,601.3041381835938,1667233984.0
2024-06-03,626.4329833984375,637.2471313476562,601.1831665039062,603.0509643554688,2952110605.0
2024-06-04,686.201416015625,687.40380859375,625.2649536132812,626.4329833984375,3416994948.0
2024-06-05,698.889404296875,712.58837890625,685.777099609375,686.201416015625,3501231414.0
2024-06-06,710.4640502929688,720.672607421875,692.9947509765625,698.889404296875,2997888288.0
2024-06-07,683.3609619140625,710.8385009765625,665.18017578125,710.4603881835938,2987033806.0
2024-06-08,682.6651611328125,694.3128051757812,678.6458129882812,683.3685913085938,1966216051.0
2024-06-09,673.3153076171875,684.7598876953125,670.8135375976562,682.6638793945312,1856183346.0
2024-06-10,624.3868408203125,674.3134765625,615.77294921875,673.33544921875,3184376694.0
2024-06-11,602.55810546875,628.2633666992188,597.0418701171875,624.3967895507812,2604834485.0
2024-06-12,619.19482421875,634.6758422851562,592.2932739257812,602.6026000976562,2221546160.0
2024-06-13,599.5150756835938,619.298583984375,596.3087768554688,619.2251586914062,1879189691.0
2024-06-14,603.1805419921875,611.6287231445312,590.496337890625,599.4786987304688,1848914113.0
2024-06-15,607.8029174804688,609.0504760742188,601.5859375,603.1141967773438,1471028668.0
2024-06-16,610.0540161132812,611.197509765625,601.4769287109375,607.8084716796875,1428836675.0
2024-06-17,604.4673461914062,611.9440307617188,592.4261474609375,610.0736694335938,1797626078.0
2024-06-18,588.7020874023438,604.65283203125,575.76171875,604.3328857421875,2265505402.0
2024-06-19,598.771728515625,605.731689453125,587.01416015625,588.584716796875,1788904109.0
2024-06-20,587.107177734375,607.4007568359375,584.7599487304688,598.771728515625,1817442036.0
2024-06-21,585.9119262695312,588.7054443359375,578.015869140625,587.1126098632812,1672110625.0
2024-06-22,590.7633666992188,590.9393310546875,581.1376342773438,585.9009399414062,1387634576.0
2024-06-23,577.2108764648438,592.7726440429688,576.0581665039062,590.6715698242188,1444372224.0
2024-06-24,567.578125,581.2367553710938,552.9365234375,577.222900390625,2033721646.0
2024-06-25,578.1034545898438,579.1007690429688,566.8991088867188,567.653076171875,1581413208.0
2024-06-26,572.4017944335938,584.1988525390625,567.8788452148438,578.1137084960938,1537826836.0
2024-06-27,580.7982788085938,583.7315063476562,566.4297485351562,572.3585205078125,1659378248.0
2024-06-28,566.4644775390625,584.3499755859375,565.00537109375,580.865966796875,1618598501.0
2024-06-29,569.127685546875,572.9425659179688,566.06591796875,566.4916381835938,1375085097.0
2024-06-30,581.7711181640625,584.0786743164062,567.7850341796875,569.1678466796875,1564676508.0
2024-07-01,576.6869506835938,587.2811889648438,576.136474609375,581.674560546875,1613874196.0
2024-07-02,578.9810791015625,581.0347290039062,573.8269653320312,576.6046752929688,1528045271.0
2024-07-03,556.5777587890625,579.9353637695312,550.4166870117188,579.0103759765625,1736158280.0
2024-07-04,513.9945068359375,556.8927612304688,512.42236328125,556.4862060546875,2056945763.0
2024-07-05,497.9958190917969,515.2207641601562,456.92340087890625,513.614501953125,2865780557.0
2024-07-06,527.6743774414062,530.4472045898438,496.6573181152344,497.96551513671875,1604647597.0
2024-07-07,490.6131286621094,527.4404907226562,488.9649353027344,527.4404907226562,1660301909.0
2024-07-08,510.6142578125,523.1556396484375,472.1614074707031,490.7127990722656,2305009896.0
2024-07-09,516.568115234375,520.6463012695312,507.2747802734375,510.5447692871094,1586240513.0
2024-07-10,524.5165405273438,529.192138671875,511.8351745605469,516.6347045898438,1592646761.0
2024-07-11,525.1380615234375,540.0792236328125,521.0379638671875,524.5767211914062,1685684515.0
2024-07-12,533.75732421875,537.316162109375,517.9932861328125,525.1171264648438,1600204226.0
2024-07-13,532.3488159179688,539.1996459960938,527.7648315429688,533.7614135742188,1436156860.0
2024-07-14,544.8187255859375,547.3585815429688,532.1102294921875,532.3785400390625,1486806663.0
2024-07-15,586.1410522460938,586.5435791015625,544.7008056640625,544.9208984375,2019082961.0
2024-07-16,576.583984375,587.3955078125,556.6705322265625,586.0093994140625,2082707183.0
2024-07-17,568.9127197265625,584.0094604492188,565.4176635742188,576.5607299804688,1739938322.0
2024-07-18,571.9515380859375,579.3433227539062,562.9327392578125,568.96826171875,1636814280.0
2024-07-19,593.7021484375,598.0529174804688,565.973876953125,571.9271240234375,2052978808.0
2024-07-20,593.5722045898438,598.30126953125,587.2839965820312,593.7093505859375,1585229672.0
2024-07-21,601.8511962890625,603.6642456054688,583.540771484375,593.5726318359375,1815088659.0
2024-07-22,587.9177856445312,605.191162109375,587.77197265625,601.8511962890625,1985538902.0
2024-07-23,582.0995483398438,593.1072998046875,578.2872924804688,587.9177856445312,1839296067.0
2024-07-24,574.5784912109375,588.8692016601562,570.95361328125,582.10498046875,1601708271.0
2024-07-25,570.71337890625,575.8388061523438,554.7559814453125,574.5784912109375,1995371028.0
2024-07-26,581.0779418945312,582.7736206054688,570.4503784179688,570.71337890625,1665724792.0
2024-07-27,581.5888061523438,592.8525390625,574.8931274414062,581.0779418945312,1760015335.0
2024-07-28,584.099609375,584.68994140625,575.0437622070312,581.5888061523438,1464043630.0
2024-07-29,574.642578125,596.6491088867188,573.986083984375,584.099609375,1825858615.0
2024-07-30,587.6651000976562,587.6651000976562,567.990234375,574.642578125,1811656040.0
2024-07-31,576.3681640625,592.5235595703125,575.251953125,587.6651000976562,1798590737.0
2024-08-01,575.146728515625,577.2913208007812,553.7516479492188,576.3681640625,2045220020.0
2024-08-02,542.9151611328125,577.0011596679688,540.11865234375,575.146728515625,2062337930.0
2024-08-03,529.4813232421875,544.6666870117188,522.1957397460938,542.9151611328125,1826715291.0
2024-08-04,497.0390930175781,531.6157836914062,488.2488098144531,529.4813232421875,1980159444.0
2024-08-05,464.6269226074219,499.3894348144531,407.52459716796875,497.0390930175781,4703145244.0
2024-08-06,484.3238220214844,492.8955078125,464.2871398925781,464.6269226074219,2087680023.0
2024-08-07,474.2247619628906,497.62408447265625,468.9976806640625,484.3238220214844,1883200228.0
2024-08-08,517.3375244140625,521.0404663085938,469.190673828125,474.19970703125,1790085695.0
2024-08-09,509.1827087402344,517.72314453125,500.1761169433594,517.3375244140625,1565495419.0
2024-08-10,523.317626953125,524.9590454101562,507.8503112792969,509.1827087402344,1394699693.0
2024-08-11,503.8045349121094,535.5400390625,503.2338562011719,523.3178100585938,1563057068.0
2024-08-12,518.5361328125,523.5446166992188,500.23370361328125,503.8041687011719,1786263873.0
2024-08-13,524.1285400390625,525.6865234375,514.5475463867188,518.5361328125,1757981177.0
2024-08-14,524.0153198242188,531.5051879882812,516.50634765625,524.1285400390625,1604400640.0
2024-08-15,519.870361328125,533.6436767578125,511.6082458496094,524.0153198242188,1645936961.0
2024-08-16,519.9686279296875,524.3740234375,511.040283203125,519.870361328125,1538941515.0
2024-08-17,542.2342529296875,547.161376953125,518.940673828125,519.9686279296875,1554176167.0
2024-08-18,531.6085205078125,542.3954467773438,531.2366943359375,542.2342529296875,1458218557.0
2024-08-19,559.81884765625,560.6581420898438,529.6116333007812,531.6085205078125,1721716619.0
2024-08-20,569.2669677734375,574.556884765625,559.1103515625,559.81884765625,2062353969.0
2024-08-21,570.0197143554688,575.0878295898438,547.611083984375,569.2669677734375,1887431524.0
2024-08-22,583.0518798828125,589.4165649414062,561.2243041992188,570.0197143554688,1998394415.0
2024-08-23,591.8060302734375,597.5437622070312,575.76904296875,583.0518798828125,2037288685.0
2024-08-24,580.76220703125,592.7732543945312,575.83740234375,591.8067626953125,1954023736.0
2024-08-25,574.2499389648438,583.9363403320312,569.9006958007812,580.76220703125,1681089758.0
2024-08-26,548.8280029296875,575.981201171875,547.2277221679688,574.2499389648438,1818728257.0
2024-08-27,533.9758911132812,558.2140502929688,523.4385375976562,548.8280029296875,1853530701.0
2024-08-28,536.816162109375,546.109375,523.7744140625,533.9758911132812,1861040561.0
2024-08-29,536.6256713867188,545.4614868164062,532.3034057617188,536.816162109375,1577402536.0
2024-08-30,535.3157958984375,542.814697265625,523.058837890625,536.6256713867188,1598876190.0
2024-08-31,532.89697265625,541.1749877929688,531.6283569335938,535.3157958984375,1284869085.0
2024-09-01,512.59521484375,532.9790649414062,508.7206115722656,532.89697265625,1498350087.0
2024-09-02,526.438720703125,529.0226440429688,502.1722717285156,512.59521484375,1653356892.0
2024-09-03,518.6689453125,537.9566650390625,518.6689453125,526.438720703125,1559458476.0
2024-09-04,507.82049560546875,523.4694213867188,496.4385070800781,518.637939453125,1898187560.0
2024-09-05,502.0693664550781,512.6257934570312,497.34918212890625,507.82049560546875,1468645986.0
2024-09-06,486.9027404785156,508.82012939453125,473.1689147949219,502.0693664550781,1860035342.0
2024-09-07,493.22613525390625,499.10577392578125,483.2615966796875,486.9027404785156,1358748616.0
2024-09-08,503.0001525878906,506.42510986328125,491.0293273925781,493.22613525390625,1378399660.0
2024-09-09,518.5453491210938,524.6112670898438,501.9822082519531,503.0001525878906,1602303180.0
2024-09-10,517.4838256835938,523.913818359375,514.0165405273438,518.5453491210938,1461007853.0
2024-09-11,530.1940307617188,534.5135498046875,507.2425231933594,517.4838256835938,1629703281.0
2024-09-12,544.3037719726562,547.791748046875,530.1493530273438,530.1940307617188,1725751181.0
2024-09-13,557.01806640625,559.5098876953125,539.0565795898438,544.3037719726562,1745545933.0
2024-09-14,553.5650634765625,559.3895263671875,548.8692016601562,557.01806640625,1412065214.0
2024-09-15,553.9722900390625,561.5770874023438,552.3637084960938,553.5650634765625,1565883242.0
2024-09-16,533.80908203125,554.7008666992188,527.4401245117188,553.9722900390625,1805132571.0
2024-09-17,546.0135498046875,552.5006103515625,529.4241333007812,533.8087158203125,1617928146.0
2024-09-18,559.0445556640625,559.0445556640625,537.5084228515625,546.0135498046875,1657679444.0
2024-09-19,566.2235107421875,571.718994140625,553.5143432617188,559.0445556640625,1859308230.0
2024-09-20,568.5850830078125,576.9052734375,559.6436157226562,566.2235107421875,1821452417.0
2024-09-21,589.0379638671875,590.0252685546875,566.8111572265625,568.576416015625,1694887390.0
2024-09-22,588.0869140625,593.9545288085938,577.45263671875,589.0379638671875,1680179600.0
2024-09-23,604.3660278320312,615.7206420898438,585.5076293945312,588.0869140625,2189508231.0
2024-09-24,606.5230712890625,612.6076049804688,600.2676391601562,604.3660278320312,1904808937.0
2024-09-25,587.3525390625,607.762939453125,584.8588256835938,606.5230712890625,1744393946.0
2024-09-26,596.7769165039062,608.8541870117188,581.2283325195312,587.3513793945312,2081857126.0
2024-09-27,607.8670043945312,614.4735107421875,596.5009765625,596.7769165039062,2144197609.0
2024-09-28,601.5671997070312,617.3323974609375,595.207763671875,607.8670043945312,1858159482.0
2024-09-29,596.4111938476562,602.660400390625,593.0492553710938,601.5671997070312,1649655134.0
2024-09-30,567.2600708007812,596.4414672851562,564.6533203125,596.4111938476562,1978021598.0
2024-10-01,547.9971313476562,582.4347534179688,538.4796142578125,567.2600708007812,2124076272.0
2024-10-02,542.7123413085938,557.9986572265625,536.1533203125,547.9971313476562,1821113448.0
2024-10-03,544.4249877929688,550.507568359375,535.380615234375,542.7123413085938,1611934612.0
2024-10-04,555.3842163085938,557.4121704101562,542.2801513671875,544.4249877929688,1518084330.0
2024-10-05,563.2091674804688,564.8151245117188,552.3409423828125,555.3842163085938,1426434745.0
2024-10-06,570.542724609375,571.430419921875,561.5877685546875,563.2091674804688,1416593714.0
2024-10-07,564.1497192382812,580.9834594726562,564.1204223632812,570.542724609375,1703177011.0
2024-10-08,580.4038696289062,585.9742431640625,560.2928466796875,564.1497192382812,2143563900.0
2024-10-09,570.2771606445312,585.0736694335938,567.143798828125,580.4038696289062,1913652029.0
2024-10-10,562.7257690429688,572.0607299804688,551.783203125,570.27685546875,1559089785.0
2024-10-11,572.8572387695312,577.1348266601562,560.0671997070312,562.7257690429688,1622508791.0
2024-10-12,576.4497680664062,578.7108154296875,572.8572387695312,572.8572387695312,1482994534.0
2024-10-13,571.8217163085938,578.0640258789062,565.1304931640625,576.4497680664062,1472484694.0
2024-10-14,588.9004516601562,591.4108276367188,569.9707641601562,571.8217163085938,1825783992.0
2024-10-15,594.189208984375,598.8892822265625,578.4895629882812,588.9004516601562,2040945899.0
2024-10-16,600.8178100585938,605.1041870117188,589.9337768554688,594.189208984375,1918592073.0
2024-10-17,592.0396118164062,605.8289794921875,585.7150268554688,600.8178100585938,1739191571.0
2024-10-18,599.364990234375,602.1707153320312,591.6998291015625,592.0396118164062,1638190792.0
2024-10-19,597.9749145507812,600.9993286132812,595.72705078125,599.364990234375,1432675869.0
2024-10-20,605.517822265625,606.3153686523438,593.7393188476562,597.9749145507812,1608355248.0
2024-10-21,598.8175659179688,610.9203491210938,591.6964721679688,605.517822265625,1917193200.0
2024-10-22,593.3606567382812,599.5232543945312,587.2017211914062,598.8175659179688,1739710555.0
2024-10-23,582.473388671875,593.810791015625,573.0883178710938,593.3606567382812,1719055847.0
2024-10-24,594.15478515625,597.5253295898438,583.0283813476562,584.6485595703125,1595144217.0
2024-10-25,574.2536010742188,596.9539794921875,567.056884765625,594.15478515625,1712373877.0
2024-10-26,582.8060913085938,586.1702270507812,571.3250122070312,574.2536010742188,1433826425.0
2024-10-27,588.7158203125,590.1192626953125,581.2571411132812,582.8060913085938,1402058513.0
2024-10-28,600.5960693359375,603.7217407226562,585.1207885742188,588.7158203125,1671332663.0
2024-10-29,605.6682739257812,611.781494140625,599.9456787109375,600.5960693359375,1886358424.0
2024-10-30,595.7278442382812,606.065185546875,594.447509765625,605.6682739257812,1662620787.0
2024-10-31,576.0344848632812,596.06884765625,571.4256591796875,595.7278442382812,1810695051.0
2024-11-01,572.7622680664062,584.7971801757812,568.1642456054688,576.0344848632812,1708220753.0
2024-11-02,568.0368041992188,576.4204711914062,562.9451293945312,572.7622680664062,1427236241.0
2024-11-03,557.6416015625,569.0484619140625,547.816650390625,568.0368041992188,1584005358.0
2024-11-04,552.0711059570312,564.1986083984375,543.9083251953125,557.6416015625,1580672363.0
2024-11-05,563.612060546875,571.9705200195312,551.2522583007812,552.0711059570312,1513727150.0
2024-11-06,591.9952392578125,594.8584594726562,563.284912109375,563.612060546875,2342544855.0
2024-11-07,598.4359130859375,610.3167114257812,588.6566162109375,591.9952392578125,1970633102.0
2024-11-08,597.9484252929688,605.9241333007812,589.5486450195312,598.4359130859375,1878681588.0
2024-11-09,624.3746948242188,637.8369750976562,597.845703125,597.9484252929688,2739276599.0
2024-11-10,628.302490234375,643.664306640625,613.567138671875,624.3746948242188,2965668641.0
2024-11-11,661.88720703125,664.1434936523438,614.0211791992188,628.302490234375,3375111971.0
2024-11-12,627.0038452148438,666.9176025390625,613.6227416992188,661.8871459960938,3603680244.0
2024-11-13,621.0003051757812,638.8924560546875,600.5243530273438,627.0038452148438,3294001434.0
2024-11-14,621.6801147460938,659.531982421875,612.5340576171875,621.0,3392713356.0
2024-11-15,618.866455078125,628.1688842773438,604.2251586914062,621.6801147460938,2547491086.0
2024-11-16,622.3731689453125,633.4874877929688,617.8651733398438,618.98779296875,2115528251.0
2024-11-17,618.4000854492188,646.4497680664062,606.1865234375,622.3731689453125,2452647630.0
2024-11-18,619.4354858398438,629.09716796875,613.0554809570312,618.4000854492188,2284855769.0
2024-11-19,615.9874267578125,621.5847778320312,606.5615844726562,619.4354858398438,2075194269.0
2024-11-20,606.1174926757812,620.4660034179688,600.7662353515625,615.9874267578125,2115915285.0
2024-11-21,622.8263549804688,629.3636474609375,594.548095703125,606.1171264648438,2698689844.0
2024-11-22,633.513427734375,639.73193359375,617.4517822265625,622.8263549804688,2447537777.0
2024-11-23,651.197265625,679.4188842773438,632.2477416992188,633.5134887695312,3306614137.0
2024-11-24,660.3175659179688,687.3417358398438,638.9230346679688,651.197265625,3110188599.0
2024-11-25,636.6397094726562,675.9611206054688,627.268798828125,660.3167114257812,2787672069.0
2024-11-26,613.5872802734375,645.29296875,600.9912719726562,636.6397094726562,2637257322.0
2024-11-27,644.948486328125,646.851806640625,608.6214599609375,613.5872802734375,2393610865.0
2024-11-28,654.3616333007812,663.02197265625,641.6170654296875,644.948486328125,2597378212.0
2024-11-29,654.8097534179688,663.32470703125,649.1632080078125,654.3617553710938,2098059690.0
2024-11-30,654.3291625976562,676.9244384765625,648.8923950195312,654.8097534179688,2273610461.0
2024-12-01,655.9324951171875,664.2872924804688,646.5952758789062,654.3291625976562,2055110342.0
2024-12-02,647.594482421875,667.4237060546875,629.906005859375,655.9324951171875,2641248821.0
2024-12-03,737.6965942382812,744.779296875,625.9749755859375,647.6990966796875,4177512806.0
2024-12-04,739.2527465820312,793.3505249023438,723.5433349609375,737.6965942382812,5614818578.0
2024-12-05,714.3219604492188,739.947509765625,695.9388427734375,739.253662109375,3771629643.0
2024-12-06,732.0062866210938,746.1255493164062,708.4383544921875,717.95849609375,2870854029.0
2024-12-07,750.2726440429688,761.0914306640625,730.8739624023438,732.0062866210938,2326982728.0
2024-12-08,743.295654296875,757.5942993164062,729.051513671875,751.73193359375,2035017685.0
2024-12-09,689.9243774414062,743.295654296875,662.2440795898438,743.295654296875,3267965774.0
2024-12-10,676.98291015625,704.5599975585938,650.5972900390625,689.9243774414062,3102408468.0
2024-12-11,711.8114013671875,712.8771362304688,660.154052734375,676.98291015625,2276828057.0
2024-12-12,705.9442138671875,725.2216796875,700.1067504882812,711.8114013671875,2393129125.0
2024-12-13,726.2548217773438,729.6268920898438,698.5020751953125,705.9443359375,2449855057.0
2024-12-14,715.6956787109375,731.6613159179688,705.5390014648438,726.2548217773438,1957844883.0
2024-12-15,719.13427734375,723.0733032226562,703.1802978515625,715.6956787109375,1831103596.0
2024-12-16,720.3263549804688,730.0011596679688,704.34130859375,719.13427734375,2276490785.0
2024-12-17,716.6824951171875,735.7572021484375,713.72900390625,720.3263549804688,2363860623.0
2024-12-18,687.623779296875,721.7589111328125,686.6619262695312,716.7249145507812,2702479586.0
2024-12-19,666.5693359375,704.4877319335938,651.0365600585938,687.6243896484375,2806454484.0
2024-12-20,678.0866088867188,679.4436645507812,619.5003662109375,666.5693359375,3064285256.0
2024-12-21,663.2794799804688,692.6364135742188,652.6074829101562,678.0866088867188,2185739949.0
2024-12-22,648.7047119140625,668.8275146484375,639.608642578125,663.2660522460938,1091595586.0
2024-12-23,693.000732421875,697.39990234375,637.9652709960938,648.7047119140625,1738271695.0
2024-12-24,696.7411499023438,698.4424438476562,681.998046875,693.000732421875,1145844254.0
2024-12-25,702.3269653320312,711.9866333007812,695.9627075195312,696.7411499023438,893387310.0
2024-12-26,688.360107421875,718.1624145507812,683.262451171875,702.3269653320312,1253518341.0
2024-12-27,690.4293823242188,709.6464233398438,685.1991577148438,688.3508911132812,1884726979.0
2024-12-28,720.9590454101562,729.3158569335938,690.4293823242188,690.4293823242188,1890880986.0
2024-12-29,693.7545166015625,722.7669677734375,689.4752197265625,720.9590454101562,1647228348.0
2024-12-30,704.1463012695312,711.03564453125,686.9070434570312,693.7542724609375,1790325219.0
2024-12-31,700.9868774414062,713.5983276367188,698.0257568359375,704.1463012695312,2372886701.0
2025-01-01,706.512939453125,709.198974609375,699.7586059570312,700.9868774414062,1420234997.0
2025-01-02,705.6785888671875,714.4386596679688,697.7047119140625,706.512451171875,1880664942.0
2025-01-03,713.6435546875,715.0968627929688,697.5460815429688,705.6785888671875,1822243906.0
2025-01-04,713.8411865234375,721.15625,708.851318359375,713.6435546875,1524500208.0
2025-01-05,709.25830078125,713.8411865234375,703.0022583007812,713.8411865234375,1411808759.0
2025-01-06,729.4000854492188,745.153564453125,706.1865844726562,709.25830078125,2056633884.0
2025-01-07,697.368896484375,733.0914306640625,691.5519409179688,729.3932495117188,2200352831.0
2025-01-08,695.837158203125,706.7611083984375,677.1226196289062,697.368896484375,2189465209.0
2025-01-09,685.1207275390625,700.9730224609375,675.7342529296875,695.837158203125,1931492677.0
2025-01-10,693.6244506835938,700.4706420898438,683.6865844726562,685.120361328125,1680784122.0
2025-01-11,696.6578369140625,700.7665405273438,690.4573364257812,693.6244506835938,1290072226.0
2025-01-12,693.0482788085938,697.9985961914062,689.8890991210938,696.6578369140625,1291862069.0
2025-01-13,688.2675170898438,699.4813842773438,659.7593994140625,693.048095703125,2127442444.0
2025-01-14,698.6196899414062,699.8079223632812,686.4327392578125,688.2675170898438,1566844744.0
2025-01-15,714.0284423828125,714.6610107421875,688.7565307617188,698.6196899414062,1856118408.0
2025-01-16,708.2980346679688,717.0333251953125,701.2029418945312,714.0716552734375,1899114340.0
2025-01-17,721.75048828125,729.853515625,708.1862182617188,708.2980346679688,1946000436.0
2025-01-18,709.4249877929688,723.0932006835938,695.2164306640625,721.75048828125,2200623289.0
2025-01-19,682.2039794921875,713.4689331054688,676.8472900390625,709.4248046875,2841079952.0
2025-01-20,681.8033447265625,707.5763549804688,672.1893920898438,682.2048950195312,2865652878.0
2025-01-21,691.8165893554688,696.9175415039062,675.4456787109375,681.8033447265625,2008007873.0
2025-01-22,694.9832153320312,703.270263671875,690.2745361328125,691.8165893554688,1762077789.0
2025-01-23,690.2037353515625,697.00146484375,681.0576782226562,694.96484375,2277458782.0
2025-01-24,680.2131958007812,690.8380126953125,679.0867309570312,690.2037353515625,1730218663.0
2025-01-25,686.2684936523438,689.459716796875,678.1116333007812,680.2141723632812,1457363671.0
2025-01-26,666.7637939453125,690.3150024414062,665.041015625,686.2691650390625,1529267261.0
2025-01-27,679.7933349609375,679.913330078125,639.9559936523438,666.7637939453125,2295184879.0
2025-01-28,661.424560546875,682.856689453125,659.5821533203125,679.7933349609375,1659082131.0
2025-01-29,667.6857299804688,678.9920654296875,660.2319946289062,661.426025390625,1716776649.0
2025-01-30,677.5535888671875,682.32470703125,666.649169921875,667.7298583984375,1506319921.0
2025-01-31,677.3753662109375,689.2151489257812,673.79345703125,677.5572509765625,1589542506.0
2025-02-01,653.4329223632812,681.2196044921875,651.126220703125,677.3399047851562,1544346912.0
2025-02-02,617.6006469726562,662.6337280273438,602.7611694335938,653.4325561523438,2282982721.0
2025-02-03,617.1207885742188,619.1079711914062,519.1922607421875,617.6006469726562,3960962742.0
2025-02-04,573.3278198242188,619.3443603515625,559.2634887695312,617.1207885742188,2336864401.0
2025-02-05,569.7468872070312,578.96240234375,562.0692749023438,573.3278198242188,1494467850.0
2025-02-06,572.2740478515625,589.00634765625,569.597412109375,569.7468872070312,1722558011.0
2025-02-07,578.0668334960938,589.6243286132812,571.2775268554688,572.2747192382812,1583843573.0
2025-02-08,613.32421875,633.0552368164062,574.0418701171875,578.0668334960938,2087349099.0
2025-02-09,616.64208984375,647.7876586914062,603.4038696289062,613.32421875,2630256614.0
2025-02-10,618.3145141601562,621.4203491210938,597.0648193359375,616.64208984375,1860480297.0
2025-02-11,642.5872802734375,646.0993041992188,615.691650390625,618.3145141601562,2162944541.0
2025-02-12,698.037353515625,704.7020263671875,627.5713500976562,642.5872802734375,3007130370.0
2025-02-13,668.2775268554688,730.834716796875,660.646728515625,698.037353515625,5139846836.0
2025-02-14,658.0436401367188,683.9999389648438,652.4675903320312,668.2775268554688,2581045409.0
2025-02-15,662.3276977539062,670.7623291015625,654.4702758789062,658.0436401367188,1794465917.0
2025-02-16,674.100830078125,685.0858764648438,654.3810424804688,662.3275756835938,2009553142.0
2025-02-17,667.2290649414062,681.6255493164062,659.2930908203125,674.100830078125,1942930816.0
2025-02-18,647.443359375,667.759521484375,630.6552734375,667.2362060546875,1985512627.0
2025-02-19,653.5147094726562,659.9885864257812,638.140869140625,647.443603515625,1916599180.0
2025-02-20,657.2009887695312,658.9291381835938,646.6703491210938,653.5147094726562,1709065792.0
2025-02-21,646.8995361328125,668.0032958984375,635.3399047851562,657.2009887695312,1926193637.0
2025-02-22,668.5747680664062,679.123291015625,645.6533813476562,646.8995361328125,1899367077.0
2025-02-23,657.9036865234375,671.0719604492188,648.9799194335938,668.574462890625,1502735946.0
2025-02-24,613.9630126953125,659.1483154296875,612.8212280273438,657.9036865234375,1901201673.0
2025-02-25,622.9407958984375,627.2440185546875,589.2698364257812,613.9630126953125,2591258749.0
2025-02-26,610.6930541992188,630.8197631835938,595.2650146484375,622.9407958984375,1996066325.0
2025-02-27,605.1236572265625,618.6282348632812,595.80029296875,610.6930541992188,1866447677.0
2025-02-28,587.4515991210938,605.4012451171875,559.970458984375,605.1236572265625,2166029990.0
2025-03-01,607.5115356445312,608.8959350585938,586.5928344726562,587.44580078125,1694454521.0
2025-03-02,622.9360961914062,634.5426635742188,602.6329956054688,607.5109252929688,2130538305.0
2025-03-03,575.1699829101562,623.299560546875,568.5407104492188,622.9360961914062,2161303026.0
2025-03-04,583.5868530273438,587.8701782226562,551.6925048828125,575.1699829101562,1969539538.0
2025-03-05,597.975830078125,604.5371704101562,581.321533203125,583.5859985351562,1534770591.0
2025-03-06,596.7237548828125,612.0313110351562,589.891357421875,597.975830078125,1621101888.0
2025-03-07,593.96337890625,609.43115234375,579.3677978515625,596.7236938476562,1866542048.0
2025-03-08,593.0808715820312,601.6478881835938,591.710205078125,593.9637451171875,1147671365.0
2025-03-09,554.5804443359375,593.0997314453125,551.1481323242188,593.0823974609375,1540503120.0
2025-03-10,532.1218872070312,572.0503540039062,524.99609375,554.5804443359375,1896805158.0
2025-03-11,551.4745483398438,565.158203125,509.835693359375,532.106201171875,2438043846.0
2025-03-12,569.8948364257812,574.4215698242188,545.266845703125,551.4745483398438,1792696031.0
2025-03-13,579.2188110351562,603.405029296875,568.1260375976562,569.8948364257812,2402408414.0
2025-03-14,587.1362915039062,589.1632080078125,577.2465209960938,579.2188110351562,1535548122.0
2025-03-15,619.486083984375,619.49951171875,587.083984375,587.1140747070312,1403335470.0
2025-03-16,602.2166137695312,621.3615112304688,593.9570922851562,619.4927368164062,1437680152.0
2025-03-17,631.3626098632812,643.0403442382812,602.2096557617188,602.2096557617188,2488514984.0
2025-03-18,628.1344604492188,642.8888549804688,622.400146484375,631.3464965820312,2175151767.0
2025-03-19,619.2575073242188,628.1376342773438,605.617919921875,628.1344604492188,2006233746.0
2025-03-20,629.9424438476562,637.2163696289062,616.9637451171875,619.2509765625,2327219768.0
2025-03-21,634.6077880859375,637.1900634765625,625.8570556640625,629.9424438476562,1472201311.0
2025-03-22,626.5744018554688,635.7655029296875,624.1967163085938,634.5969848632812,1182741851.0
2025-03-23,623.3494873046875,628.9656372070312,619.8584594726562,626.5744018554688,1222239081.0
2025-03-24,636.64453125,639.0225830078125,619.0501708984375,623.3494873046875,1788439257.0
2025-03-25,629.94287109375,644.874267578125,627.444091796875,636.6449584960938,2238118522.0
2025-03-26,617.8167724609375,634.0476684570312,615.8455200195312,629.9423828125,1600178624.0
2025-03-27,637.2069702148438,641.4896240234375,617.6777954101562,617.8167724609375,2441273622.0
2025-03-28,619.4749145507812,637.2418823242188,615.9251098632812,637.2064208984375,1608298526.0
2025-03-29,603.2378540039062,623.21240234375,598.2188110351562,619.474609375,1367332800.0
2025-03-30,601.8302001953125,612.7893676757812,594.21435546875,603.1913452148438,1204098085.0
2025-03-31,605.0728149414062,608.5010986328125,588.086181640625,601.8302001953125,1538796118.0
2025-04-01,611.297119140625,618.123779296875,604.7547607421875,605.0728149414062,2091803391.0
2025-04-02,590.6375732421875,611.5181884765625,585.1218872070312,611.297119140625,1835749587.0
2025-04-03,592.1244506835938,609.3446655273438,579.444091796875,590.6375732421875,2067033502.0
2025-04-04,597.5794067382812,599.4798583984375,585.3539428710938,592.1237182617188,1520730677.0
2025-04-05,593.1148681640625,598.5463256835938,589.9329833984375,597.5792846679688,1008300251.0
2025-04-06,554.5949096679688,593.4614868164062,545.3226928710938,593.1387939453125,1679604717.0
2025-04-07,554.4833984375,564.7924194335938,522.7157592773438,554.5949096679688,2852045942.0
2025-04-08,553.4674072265625,564.938232421875,548.1412353515625,554.4859008789062,1676208165.0
2025-04-09,582.3693237304688,585.6036987304688,534.8805541992188,553.4674072265625,1963610005.0
2025-04-10,577.4059448242188,582.3907470703125,567.2200927734375,582.378173828125,1731740429.0
2025-04-11,586.0889892578125,589.8585205078125,575.7572631835938,577.4059448242188,1369541748.0
2025-04-12,597.123046875,600.055908203125,583.9794921875,586.0889892578125,1331878416.0
2025-04-13,584.04248046875,597.5099487304688,580.824462890625,597.1232299804688,1318461096.0
2025-04-14,584.335205078125,592.5643920898438,583.3970336914062,584.04248046875,1359554984.0
2025-04-15,579.68603515625,590.5156860351562,579.6400756835938,584.3346557617188,1329270099.0
2025-04-16,582.8062133789062,585.4108276367188,576.459228515625,579.6860961914062,1435912484.0
2025-04-17,590.1621704101562,592.8593139648438,581.203857421875,582.8062133789062,1401643770.0
2025-04-18,591.7638549804688,595.766357421875,587.26611328125,590.1621704101562,1418376835.0
2025-04-19,591.7767944335938,594.1421508789062,587.9763793945312,591.7638549804688,1227124904.0
2025-04-20,592.972412109375,595.1541137695312,587.765380859375,591.7767944335938,1307477245.0
2025-04-21,597.4141845703125,607.8202514648438,592.6761474609375,592.972412109375,1430343137.0
2025-04-22,618.8269653320312,618.9900512695312,595.8809814453125,597.4171752929688,1734142941.0
2025-04-23,605.8150024414062,619.8624877929688,601.9541625976562,618.8269653320312,1834047719.0
2025-04-24,601.7158203125,606.7443237304688,594.3950805664062,605.8150024414062,1573943361.0
2025-04-25,600.1810302734375,610.1796264648438,597.7703247070312,601.7152709960938,1735398071.0
2025-04-26,607.7041015625,609.1361083984375,600.0881958007812,600.19189453125,1507509250.0
2025-04-27,603.6184692382812,608.5829467773438,597.9349975585938,607.7041015625,1452152303.0
2025-04-28,606.364990234375,608.1511840820312,598.9937133789062,603.6246337890625,1478956158.0
2025-04-29,601.0289916992188,610.6404418945312,598.6602783203125,606.364990234375,1587553456.0
2025-04-30,599.6817016601562,604.4778442382812,592.4177856445312,601.0189819335938,1504095222.0
2025-05-01,599.918212890625,605.1372680664062,598.4885864257812,599.6871948242188,1406049035.0
2025-05-02,601.1641845703125,603.5050659179688,595.8296508789062,599.9290161132812,1444818831.0
2025-05-03,599.3313598632812,601.29443359375,595.5932006835938,601.1643676757812,1221915136.0
2025-05-04,585.9950561523438,600.4434814453125,585.30810546875,599.3313598632812,1306600030.0
2025-05-05,597.6897583007812,599.8522338867188,584.6096801757812,585.9950561523438,1465943685.0
2025-05-06,602.473876953125,602.9686279296875,593.5989990234375,597.6897583007812,1594251780.0
2025-05-07,603.2796630859375,608.98583984375,598.2972412109375,602.473876953125,1537003234.0
2025-05-08,628.6634521484375,628.6717529296875,601.0078735351562,603.2794189453125,2061341461.0
2025-05-09,666.8784790039062,667.8003540039062,623.8834838867188,628.6528930664062,2418287835.0
2025-05-10,663.6172485351562,677.3533935546875,649.3594970703125,666.8892822265625,2282413256.0
2025-05-11,650.6254272460938,667.635498046875,648.8480834960938,663.6165161132812,1906600802.0
2025-05-12,660.4843139648438,690.3782348632812,648.9622802734375,650.6254272460938,2609669556.0
2025-05-13,665.570556640625,670.8955078125,641.682861328125,660.4843139648438,2108811440.0
2025-05-14,652.571044921875,665.6529541015625,648.1204833984375,665.6119995117188,1876674692.0
2025-05-15,651.2642211914062,660.2804565429688,643.4594116210938,652.5711669921875,1888457576.0
2025-05-16,646.3213500976562,659.6885986328125,644.3860473632812,651.2623291015625,1634445685.0
2025-05-17,639.618896484375,646.7220458984375,635.48486328125,646.3213500976562,1449713512.0
2025-05-18,652.164306640625,654.7149658203125,635.4116821289062,639.618896484375,1592388678.0
2025-05-19,649.8529052734375,652.9885864257812,634.1826782226562,652.1163940429688,1595233688.0
2025-05-20,650.330810546875,653.402099609375,641.1644287109375,649.8463745117188,1512635652.0
2025-05-21,673.1486206054688,677.0289916992188,649.134521484375,650.330810546875,2377493291.0
2025-05-22,686.2356567382812,688.0584106445312,673.1314086914062,673.1505126953125,2248278627.0
2025-05-23,656.231689453125,690.9200439453125,654.8810424804688,686.2514038085938,1996132529.0
2025-05-24,668.3065185546875,676.8643188476562,656.1278076171875,656.2304077148438,1475660792.0
2025-05-25,669.9168701171875,671.4579467773438,658.1526489257812,668.3065185546875,1591152958.0
2025-05-26,674.3926391601562,677.6790771484375,668.89990234375,669.91748046875,1568627598.0
2025-05-27,687.1594848632812,695.868408203125,667.23095703125,674.3926391601562,2019130226.0
2025-05-28,687.405517578125,688.9776000976562,680.665283203125,687.1602172851562,1759924602.0
2025-05-29,675.1721801757812,690.8436889648438,673.9274291992188,687.4058227539062,1938258667.0
2025-05-30,655.482177734375,678.1555786132812,654.650634765625,675.2001953125,1904377880.0
2025-05-31,658.5012817382812,661.3086547851562,646.9629516601562,655.5108642578125,1478599983.0
2025-06-01,660.9917602539062,662.3483276367188,648.2598266601562,658.4995727539062,1468711165.0
2025-06-02,666.5907592773438,666.9949340820312,650.44970703125,660.9854736328125,1782539875.0
2025-06-03,661.6989135742188,672.7042236328125,658.549560546875,666.5907592773438,1696519631.0
2025-06-04,663.706298828125,671.9303588867188,661.3744506835938,661.698974609375,1561308740.0
2025-06-05,634.0535888671875,670.58056640625,626.680419921875,663.7078857421875,1987901562.0
2025-06-06,643.4342041015625,651.379638671875,631.1067504882812,634.052001953125,1728825229.0
2025-06-07,651.1504516601562,653.8911743164062,640.9490356445312,643.4424438476562,1468009270.0
2025-06-08,652.1478271484375,656.2777099609375,646.9312744140625,651.1504516601562,1385072458.0
2025-06-09,665.9540405273438,667.7135009765625,648.5833129882812,652.1478271484375,1629752670.0
2025-06-10,673.6104736328125,673.6307373046875,657.6258544921875,665.95458984375,1849736872.0
2025-06-11,667.6690673828125,673.9506225585938,663.1364135742188,673.6104736328125,1778663531.0
2025-06-12,656.2438354492188,669.5156860351562,652.7897338867188,667.6690673828125,1695465665.0
2025-06-13,655.2557373046875,659.311767578125,641.3123168945312,656.2520141601562,1964558213.0
2025-06-14,645.9127807617188,655.4783935546875,639.6327514648438,655.2623901367188,1337524307.0
2025-06-15,648.28076171875,651.7022094726562,642.9979858398438,645.912353515625,1352632285.0
2025-06-16,650.9617309570312,659.243408203125,646.8132934570312,648.2817993164062,1588063609.0
2025-06-17,648.5108032226562,659.038818359375,640.8545532226562,650.9661865234375,1784039065.0
2025-06-18,644.8067626953125,653.4296875,637.9425659179688,648.5108032226562,1667361898.0
2025-06-19,644.6807250976562,646.4259033203125,639.02294921875,644.8067626953125,1374982734.0
2025-06-20,641.784423828125,649.5967407226562,638.6568603515625,644.6846923828125,1614121225.0
2025-06-21,628.7478637695312,644.9034423828125,624.7100830078125,641.784423828125,1486820788.0
2025-06-22,615.99462890625,635.169921875,602.705078125,628.7477416992188,1895564160.0
2025-06-23,641.2962036132812,642.7957763671875,615.58837890625,615.9945678710938,1783710380.0
2025-06-24,643.7371826171875,644.28173828125,636.9046020507812,641.2962036132812,1498769929.0
2025-06-25,645.9231567382812,650.2681884765625,642.5645751953125,643.7371826171875,1653677161.0
2025-06-26,642.4142456054688,649.984130859375,641.8189086914062,645.9231567382812,1439442979.0
2025-06-27,646.1536254882812,647.4111328125,640.5480346679688,642.4138793945312,1358247058.0
2025-06-28,648.7504272460938,649.1661376953125,644.57421875,646.1536254882812,1185616315.0
2025-06-29,655.0361938476562,655.6026611328125,647.2733154296875,648.7504272460938,1284469590.0
2025-06-30,657.0253295898438,659.8912353515625,651.8738403320312,655.0361938476562,1487336817.0
2025-07-01,646.39794921875,658.9859619140625,644.6724853515625,657.0258178710938,1382771755.0
2025-07-02,660.0572509765625,664.7877807617188,644.872802734375,646.39794921875,1576434816.0
2025-07-03,663.3231201171875,664.3876953125,657.2025756835938,660.0572509765625,1512518612.0
2025-07-04,653.739501953125,664.0619506835938,650.7118530273438,663.3231201171875,1379813703.0
2025-07-05,656.1428833007812,656.661865234375,652.3401489257812,653.739501953125,1193229342.0
2025-07-06,663.0889892578125,664.6273803710938,653.8736572265625,656.1429443359375,1387600565.0
2025-07-07,661.0181884765625,663.2283325195312,657.1060791015625,663.0889892578125,1524912345.0
2025-07-08,660.7628784179688,662.4974365234375,657.5650634765625,661.01806640625,1517607542.0
2025-07-09,669.1525268554688,670.7850952148438,659.5992431640625,660.7628784179688,1667011677.0
2025-07-10,685.6607055664062,687.354248046875,668.0310668945312,669.1525268554688,2023565748.0
2025-07-11,689.8733520507812,696.8695068359375,683.8527221679688,685.6607055664062,2327541748.0
2025-07-12,685.7778930664062,696.9548950195312,680.401611328125,689.8733520507812,1715321874.0
2025-07-13,692.2304077148438,694.0123291015625,685.4672241210938,685.7778930664062,1631603869.0
2025-07-14,689.416748046875,706.7133178710938,686.828857421875,692.2304077148438,2362276526.0
2025-07-15,689.921142578125,692.9431762695312,675.876708984375,689.416748046875,2167202399.0
2025-07-16,708.1260986328125,714.7908935546875,685.6761474609375,689.921142578125,2298649454.0
2025-07-17,721.2119750976562,726.66064453125,707.8897705078125,708.1260986328125,2877681453.0
2025-07-18,730.2163696289062,763.0548095703125,720.235595703125,721.2119750976562,3407382999.0
2025-07-19,733.529052734375,742.331787109375,721.0870361328125,730.2608032226562,2067691091.0
2025-07-20,757.7399291992188,760.4404907226562,732.3448486328125,733.529052734375,2353254456.0
2025-07-21,766.783935546875,780.9653930664062,747.5570678710938,757.7399291992188,2776231461.0
2025-07-22,786.1411743164062,787.2482299804688,746.1088256835938,766.783935546875,3009453883.0
2025-07-23,776.6404418945312,809.3135986328125,753.7788696289062,786.1411743164062,3987433985.0
2025-07-24,771.239990234375,785.4175415039062,745.3941040039062,776.6744995117188,2833667773.0
2025-07-25,785.6064453125,785.6441040039062,753.606201171875,771.239990234375,2536046506.0
2025-07-26,793.2825927734375,797.1967163085938,778.9398193359375,785.6064453125,1760509145.0
2025-07-27,843.261962890625,846.2210693359375,792.663330078125,793.2825927734375,2914460887.0
2025-07-28,822.0185546875,859.5628662109375,821.6815795898438,843.261962890625,3448410233.0
2025-07-29,804.89892578125,834.46142578125,800.642822265625,822.0791625976562,3097306022.0
2025-07-30,793.1448364257812,810.4419555664062,771.1812744140625,804.89892578125,2836541071.0
2025-07-31,783.6668090820312,813.0089111328125,782.8258666992188,793.1448364257812,2581137230.0
2025-08-01,757.1865844726562,794.8995361328125,746.3453369140625,783.6646728515625,3061372565.0
2025-08-02,736.6464233398438,769.56103515625,732.53173828125,757.2212524414062,2181365266.0
2025-08-03,751.5609741210938,755.1250610351562,732.3884887695312,736.6464233398438,1761506433.0
2025-08-04,769.05908203125,769.5585327148438,750.8377075195312,751.559814453125,1940596416.0
2025-08-05,754.8510131835938,769.1633911132812,746.6951904296875,769.0582885742188,1951120762.0
2025-08-06,769.8478393554688,774.8028564453125,747.7263793945312,754.8510131835938,1969112524.0
2025-08-07,788.1963500976562,788.1963500976562,765.3430786132812,769.8478393554688,2162190917.0
2025-08-08,793.4395751953125,797.8942260742188,781.4666137695312,788.196533203125,2429517922.0
2025-08-09,799.0867309570312,818.5120849609375,793.1973266601562,793.4395751953125,2215143664.0
2025-08-10,805.8734741210938,815.072509765625,796.2681884765625,799.0867309570312,2090904941.0
2025-08-11,806.730224609375,826.5098266601562,793.378662109375,805.8734741210938,2805693912.0
2025-08-12,832.9265747070312,838.8615112304688,798.6620483398438,806.7435913085938,2889217820.0
2025-08-13,849.0054931640625,857.7623901367188,829.0764770507812,832.9265747070312,3364649534.0
2025-08-14,840.9309692382812,868.6798095703125,826.002197265625,849.0054931640625,4687490471.0
2025-08-15,827.2891845703125,853.4983520507812,813.8512573242188,840.9309692382812,3843113557.0
2025-08-16,839.3980712890625,839.5164794921875,826.6146850585938,827.2891845703125,1960223183.0
2025-08-17,856.4029541015625,863.3430786132812,839.1815795898438,839.3967895507812,2286889646.0
2025-08-18,847.4179077148438,858.3074340820312,826.5350341796875,856.4033203125,2765082388.0
2025-08-19,823.56591796875,851.9415893554688,823.356689453125,847.4179077148438,2718797059.0
2025-08-20,869.1038818359375,880.3314819335938,819.3298950195312,823.56591796875,3612563758.0
2025-08-21,839.0408325195312,882.5895385742188,834.07958984375,869.1038818359375,2848998239.0
2025-08-22,898.7745361328125,899.7001342773438,839.0408325195312,839.0408325195312,3534039226.0
2025-08-23,880.046142578125,899.3594360351562,876.5121459960938,898.7745361328125,2470653598.0
2025-08-24,876.0802001953125,885.5560302734375,860.0352172851562,880.0533447265625,2909070734.0
2025-08-25,840.1719360351562,879.9407348632812,835.2559814453125,876.0802001953125,3300479072.0
2025-08-26,863.6304931640625,867.7128295898438,832.7194213867188,840.1710205078125,2609863400.0
2025-08-27,855.6463012695312,866.9847412109375,853.8656616210938,863.6304931640625,2391188252.0
2025-08-28,874.3660278320312,878.80859375,851.8986206054688,855.6463012695312,2744315947.0
2025-08-29,863.2765502929688,876.8477172851562,851.3141479492188,874.3545532226562,2614507748.0
2025-08-30,862.4039916992188,863.644775390625,852.8187255859375,863.2821655273438,2030968355.0
2025-08-31,857.8167724609375,867.5966796875,857.3178100585938,862.4039916992188,1741117798.0
2025-09-01,845.8262939453125,866.973876953125,840.8975219726562,857.8126220703125,2756614903.0
2025-09-02,851.7772216796875,856.4644165039062,841.6126098632812,845.8262939453125,2385434736.0
2025-09-03,855.2587890625,863.4725341796875,849.157958984375,851.7772216796875,1915348780.0
2025-09-04,843.802978515625,856.9368286132812,841.8807983398438,855.2588500976562,1915009280.0
2025-09-05,849.979248046875,857.224609375,843.7465209960938,843.802978515625,2025139739.0
2025-09-06,861.7720947265625,864.4991455078125,849.5745849609375,849.979248046875,1992250771.0
2025-09-07,880.613037109375,882.8858032226562,861.2745361328125,861.7720947265625,1996378716.0
2025-09-08,878.2759399414062,885.2318115234375,872.0386352539062,880.613037109375,2289021738.0
2025-09-09,880.0150146484375,884.2359008789062,871.8602294921875,878.2759399414062,1795168603.0
2025-09-10,893.5665893554688,906.1226196289062,877.5120239257812,880.0150146484375,2868650920.0
2025-09-11,902.9833374023438,903.3329467773438,889.3707275390625,893.5665893554688,2250551806.0
2025-09-12,925.0307006835938,928.6170043945312,901.97412109375,902.9833374023438,2648100391.0
2025-09-13,933.899658203125,942.5284423828125,923.8671875,925.0307006835938,2744192106.0
2025-09-14,927.24169921875,944.0581665039062,923.7640380859375,933.899658203125,2338327311.0
2025-09-15,919.97021484375,935.2177124023438,911.5524291992188,927.2432250976562,2475846477.0
2025-09-16,955.7125854492188,958.6553955078125,917.2383422851562,919.97021484375,3101245055.0
2025-09-17,990.3097534179688,993.1290283203125,947.77099609375,955.6878662109375,3641636248.0
2025-09-18,981.835205078125,1005.292236328125,980.3798217773438,990.3190307617188,3741252935.0
2025-09-19,984.1240844726562,1002.0828857421875,975.811767578125,981.835205078125,3293771895.0
2025-09-20,1042.650146484375,1043.243896484375,984.1197509765625,984.134521484375,3759046572.0
2025-09-21,1048.67236328125,1080.4776611328125,1041.0262451171875,1042.6627197265625,4306431415.0
2025-09-22,993.0140380859375,1050.318359375,978.5733032226562,1048.671142578125,4892903256.0
2025-09-23,1017.0198974609375,1026.24560546875,964.55322265625,993.0140380859375,4038510425.0
2025-09-24,1018.8478393554688,1034.0548095703125,995.2929077148438,1017.029296875,3603925585.0
2025-09-25,945.713623046875,1019.8428344726562,943.3248291015625,1018.8718872070312,4693762081.0
2025-09-26,960.9239501953125,964.7283935546875,933.5052490234375,945.713623046875,3789703570.0
2025-09-27,968.78955078125,983.9268798828125,957.402099609375,960.9239501953125,2777184185.0
2025-09-28,993.3155517578125,993.3856811523438,964.2875366210938,968.78955078125,2519459113.0
2025-09-29,1030.7412109375,1035.7254638671875,992.6415405273438,993.3157958984375,3359320684.0
2025-09-30,1008.4834594726562,1032.7960205078125,994.4840087890625,1030.7412109375,3076619211.0
2025-10-01,1026.166748046875,1034.8297119140625,1003.8837280273438,1008.4834594726562,3100184262.0
2025-10-02,1090.6556396484375,1097.2117919921875,1023.9827270507812,1026.166748046875,3813163059.0
2025-10-03,1189.9190673828125,1190.354248046875,1085.595458984375,1090.6556396484375,6097241167.0
2025-10-04,1150.547607421875,1190.0084228515625,1138.26611328125,1189.9288330078125,3775482131.0
2025-10-05,1165.527587890625,1186.8543701171875,1145.52880859375,1150.5452880859375,3611451465.0
2025-10-06,1223.5810546875,1237.8118896484375,1164.016845703125,1165.527587890625,5653272930.0
2025-10-07,1310.21435546875,1336.5655517578125,1209.281494140625,1223.580078125,11163171147.0
2025-10-08,1306.599365234375,1332.83154296875,1270.310302734375,1310.2276611328125,7916662087.0
2025-10-09,1255.890625,1318.057373046875,1228.08203125,1306.597412109375,8172167891.0
2025-10-10,1106.8985595703125,1276.358154296875,962.4681396484375,1255.8875732421875,10329526518.0
2025-10-11,1137.1993408203125,1180.52587890625,1080.7183837890625,1106.8985595703125,8101403820.0
2025-10-12,1303.1173095703125,1319.77197265625,1110.1973876953125,1137.1993408203125,10201040572.0
2025-10-13,1293.4732666015625,1370.5460205078125,1257.1102294921875,1303.1473388671875,11820387271.0
2025-10-14,1211.0511474609375,1316.4071044921875,1147.75,1293.4732666015625,10106588255.0
2025-10-15,1162.6917724609375,1221.70751953125,1151.835205078125,1211.0511474609375,5853929585.0
2025-10-16,1145.8253173828125,1193.77392578125,1125.333251953125,1162.6937255859375,5605348340.0
2025-10-17,1071.9630126953125,1154.8912353515625,1024.083251953125,1145.8179931640625,6656427568.0
2025-10-18,1093.1524658203125,1129.1925048828125,1071.473876953125,1071.965576171875,3767783165.0
2025-10-19,1109.6800537109375,1132.3472900390625,1069.3074951171875,1093.1524658203125,3690436753.0
2025-10-20,1101.0616455078125,1142.7445068359375,1090.0068359375,1109.68212890625,4209252745.0
2025-10-21,1057.4404296875,1114.313232421875,1054.304931640625,1101.1649169921875,4398689427.0
2025-10-22,1072.0479736328125,1082.9290771484375,1054.0701904296875,1057.4404296875,3625757780.0
2025-10-23,1127.572998046875,1150.999267578125,1071.939453125,1072.0509033203125,5661131703.0
2025-10-24,1109.148681640625,1141.639404296875,1098.9310302734375,1127.5726318359375,3451758493.0
2025-10-25,1116.7412109375,1120.0706787109375,1102.4951171875,1109.14990234375,2230311136.0
2025-10-26,1137.5869140625,1141.9556884765625,1115.5335693359375,1116.741943359375,2746697366.0
2025-10-27,1139.7459716796875,1180.014892578125,1134.291015625,1137.587646484375,4501355092.0
2025-10-28,1103.144775390625,1148.558349609375,1088.881591796875,1139.7508544921875,4178047763.0
2025-10-29,1107.163330078125,1120.72998046875,1089.7681884765625,1103.149169921875,4169218996.0
2025-10-30,1078.6114501953125,1123.6968994140625,1050.1282958984375,1107.1619873046875,4153774666.0
2025-10-31,1088.9554443359375,1104.24755859375,1073.4539794921875,1078.612548828125,4399392720.0
2025-11-01,1094.642333984375,1097.13818359375,1082.4669189453125,1088.9443359375,2138185589.0
2025-11-02,1084.35986328125,1094.64453125,1073.653076171875,1094.6414794921875,2049912244.0
2025-11-03,992.535400390625,1086.594482421875,975.796142578125,1084.33642578125,4849653054.0
2025-11-04,937.8932495117188,1000.1986083984375,886.3854370117188,992.5518798828125,5824529918.0
2025-11-05,959.9510498046875,966.803955078125,903.8692626953125,937.88232421875,3816276917.0
2025-11-06,949.1804809570312,964.3312377929688,927.4452514648438,959.9534301757812,2798073439.0
2025-11-07,990.5523681640625,994.412841796875,927.10986328125,949.2072143554688,3614944089.0
2025-11-08,990.2227172851562,1005.8635864257812,981.1117553710938,990.5819091796875,2913804232.0
2025-11-09,996.579833984375,1005.9384765625,977.64404296875,990.2310791015625,2642212274.0
2025-11-10,991.919677734375,1017.682861328125,977.107666015625,996.5888671875,2844075057.0
2025-11-11,958.2657470703125,1005.9725341796875,956.8362426757812,991.9202880859375,2696896367.0
2025-11-12,953.010498046875,976.957763671875,940.8616943359375,958.2320556640625,2405972144.0
2025-11-13,928.046630859375,969.8464965820312,907.6197509765625,953.0198364257812,3034452281.0
2025-11-14,915.3092651367188,932.64501953125,889.4031982421875,928.0397338867188,3778463496.0
2025-11-15,932.201904296875,944.0817260742188,915.19384765625,915.19384765625,1963778260.0
2025-11-16,927.2578735351562,948.5120239257812,910.9035034179688,932.1851806640625,2497118342.0
2025-11-17,906.482421875,936.9906616210938,893.0040893554688,927.2578735351562,3757441490.0
2025-11-18,932.4823608398438,937.3841552734375,888.5147094726562,906.4705810546875,3623344375.0
2025-11-19,895.6196899414062,939.2861328125,872.9431762695312,932.4846801757812,3254464199.0
2025-11-20,866.3438720703125,912.6580200195312,866.3438720703125,895.6640014648438,3038816761.0
2025-11-21,830.0787353515625,874.2615966796875,793.8209228515625,866.3346557617188,4772315493.0
2025-11-22,833.35107421875,841.4924926757812,815.2092895507812,830.0795288085938,2015396840.0
2025-11-23,843.2247924804688,854.4036865234375,833.2874755859375,833.3475952148438,1754920246.0
2025-11-24,864.421142578125,875.2612915039062,832.0480346679688,843.2236328125,2485800089.0
2025-11-25,862.1080322265625,866.9095458984375,838.9786376953125,864.4609985351562,2007620452.0
2025-11-26,891.7533569335938,896.6287841796875,852.4906005859375,862.1033935546875,2040255309.0
2025-11-27,895.559814453125,902.5869140625,885.2288208007812,891.7745971679688,1780660164.0
2025-11-28,887.6467895507812,904.3790893554688,877.3135375976562,895.5643920898438,2009647841.0
2025-11-29,873.6898803710938,888.85302734375,869.8357543945312,887.6465454101562,1357539865.0
2025-11-30,877.5767822265625,899.5747680664062,871.07373046875,873.6884765625,1452982911.0
2025-12-01,827.4053955078125,877.704833984375,803.458251953125,877.5615844726562,2778473663.0
2025-12-02,877.03466796875,884.0598754882812,821.3009643554688,827.4092407226562,2264885312.0
2025-12-03,921.7537231445312,922.1299438476562,874.4122314453125,877.0285034179688,2754777581.0
2025-12-04,900.0661010742188,927.4549560546875,889.617431640625,921.7321166992188,2052379059.0
2025-12-05,884.2180786132812,906.8523559570312,873.4063720703125,900.063720703125,1968850986.0
2025-12-06,890.5450439453125,896.6558227539062,878.9838256835938,884.2127685546875,1418385761.0
2025-12-07,894.0222778320312,905.114501953125,872.8945922851562,890.5266723632812,1779976227.0
2025-12-08,897.6040649414062,911.5386352539062,891.7789916992188,894.02734375,1906067258.0
2025-12-09,898.8104248046875,926.51708984375,882.4072265625,897.5906372070312,2357057936.0
2025-12-10,894.650634765625,914.1864013671875,884.947509765625,898.7805786132812,2429639422.0
2025-12-11,886.1666259765625,894.6589965820312,861.253662109375,894.6589965820312,2524483059.0
2025-12-12,881.8676147460938,895.4688720703125,873.608154296875,886.1660766601562,1807202490.0
2025-12-13,897.4295654296875,903.7582397460938,880.7807006835938,881.8624267578125,1472368344.0
2025-12-14,877.806884765625,899.2176513671875,874.129638671875,897.435791015625,1640570319.0
2025-12-15,858.5451049804688,894.2052612304688,843.7678833007812,877.7892456054688,2222157806.0
2025-12-16,874.8990478515625,877.6130981445312,851.3676147460938,858.5458984375,2379705373.0
2025-12-17,842.93017578125,875.11083984375,834.8516845703125,874.905517578125,2968394043.0
2025-12-18,829.3011474609375,850.8983764648438,819.9838256835938,842.9312744140625,3195634004.0
2025-12-19,855.9432983398438,861.0877075195312,823.1718139648438,829.3038940429688,5429911683.0
2025-12-20,853.586181640625,858.7412109375,850.890869140625,855.9429931640625,1374684930.0
2025-12-21,857.8892211914062,858.9291381835938,846.0993041992188,853.5969848632812,1501917010.0
2025-12-22,857.857421875,869.0992431640625,852.6373291015625,857.8866577148438,1959463444.0
2025-12-23,843.7714233398438,860.7771606445312,839.5874633789062,857.8599243164062,1696809904.0
2025-12-24,846.2596435546875,849.3277587890625,835.2703857421875,843.7693481445312,1535799969.0
2025-12-25,829.4244384765625,847.0791625976562,827.6585693359375,846.2431030273438,1415229398.0
2025-12-26,834.1515502929688,845.7174682617188,823.3729248046875,829.4263916015625,1730790904.0
2025-12-27,844.5545043945312,844.5943603515625,834.1458740234375,834.1513671875,1496575663.0
2025-12-28,858.8287963867188,864.9430541992188,839.5921020507812,844.5575561523438,1855190489.0
2025-12-29,851.1875610351562,869.98583984375,846.6453247070312,858.835205078125,2271142660.0
2025-12-30,860.5537109375,862.0198364257812,848.4505004882812,851.1907348632812,2042633098.0
2025-12-31,863.2573852539062,873.8369140625,856.8807983398438,860.5555419921875,2539874072.0
2026-01-01,863.0546264648438,872.2593994140625,855.6074829101562,863.2581787109375,1623168589.0
2026-01-02,880.8441772460938,890.1697387695312,858.8756103515625,863.05517578125,2274583336.0
2026-01-03,878.6394653320312,883.4481201171875,869.5321044921875,880.8558959960938,1660447864.0
2026-01-04,894.3836669921875,902.0450439453125,878.4307250976562,878.6434326171875,1869811425.0
2026-01-05,910.7883911132812,915.7417602539062,891.7756958007812,894.3954467773438,2191450063.0
2026-01-06,917.5072631835938,921.5477905273438,892.9228515625,910.7823486328125,2396005647.0
2026-01-07,899.414306640625,918.7974853515625,892.78076171875,917.507568359375,2328531769.0
2026-01-08,891.7537231445312,903.2437133789062,875.6906127929688,899.4205932617188,2150672078.0
2026-01-09,895.46923828125,899.3383178710938,885.8805541992188,891.74267578125,1729373289.0
2026-01-10,906.1124877929688,913.9031982421875,895.4766235351562,895.4766235351562,1917030206.0
2026-01-11,902.7507934570312,915.600830078125,898.7893676757812,906.108154296875,1753041961.0
2026-01-12,905.4176635742188,909.0939331054688,894.8656616210938,902.7498168945312,2073080994.0
2026-01-13,942.4600830078125,949.0227661132812,901.7335205078125,905.41455078125,3312675690.0
2026-01-14,949.10888671875,951.8939819335938,928.5576171875,942.4613647460938,2898477115.0
2026-01-15,930.8783569335938,949.0888061523438,924.7374267578125,949.0888061523438,2344675895.0
2026-01-16,937.5318603515625,938.5700073242188,924.5513916015625,930.880615234375,1873697028.0
2026-01-17,947.0445556640625,954.8583374023438,935.4063720703125,937.5349731445312,1840297630.0
2026-01-18,932.5913696289062,952.6962280273438,932.496826171875,947.0431518554688,1896106924.0
2026-01-19,922.4950561523438,932.5851440429688,910.626220703125,932.5845947265625,3099807569.0
2026-01-20,884.6754760742188,931.8021850585938,884.2285766601562,922.5040893554688,2987548371.0
2026-01-21,882.5582885742188,892.538818359375,864.4113159179688,884.6625366210938,3827882862.0
2026-01-22,886.9723510742188,896.4900512695312,878.450927734375,882.560302734375,1870632923.0
2026-01-23,890.7664184570312,902.139892578125,883.2767333984375,886.9716796875,2043693107.0
2026-01-24,886.1796264648438,892.8172607421875,885.5463256835938,890.7814331054688,1290044834.0
2026-01-25,864.7267456054688,886.1843872070312,855.9146118164062,886.1843872070312,2065395074.0
2026-01-26,878.7445068359375,880.0272827148438,864.7274169921875,864.7274169921875,2107947407.0
2026-01-27,897.66552734375,899.839599609375,875.3734130859375,878.7389526367188,2080464235.0
2026-01-28,901.348876953125,907.3658447265625,893.4732055664062,897.6614990234375,1929255921.0
2026-01-29,867.09814453125,904.4390869140625,853.1878662109375,901.3906860351562,3967708737.0
2026-01-30,857.2587280273438,867.9181518554688,832.5636596679688,867.0933837890625,3063940340.0
2026-01-31,780.4845581054688,858.8644409179688,765.6923217773438,857.252685546875,3250985432.0
2026-02-01,758.4573974609375,788.1553344726562,742.9596557617188,780.4640502929688,2530207621.0
2026-02-02,774.5792846679688,779.3193969726562,730.0673217773438,758.4321899414062,3129876950.0
2026-02-03,753.5781860351562,782.135498046875,736.810791015625,774.5657958984375,2673231321.0
2026-02-04,697.8617553710938,763.9029541015625,687.341552734375,753.5673217773438,3263769381.0
2026-02-05,606.5428466796875,699.7532958984375,603.3870239257812,697.8231811523438,4896219244.0
2026-02-06,657.4215087890625,668.3985595703125,576.7190551757812,606.547607421875,4201603681.0
2026-02-07,647.3502807617188,662.0016479492188,631.9534301757812,657.4197998046875,2237248068.0
2026-02-08,640.253662109375,650.4102783203125,633.6199951171875,647.3492431640625,1623329068.0
2026-02-09,635.9544677734375,644.5773315429688,616.7033081054688,640.2106323242188,1879500739.0
2026-02-10,619.5703125,640.9609985351562,614.6978759765625,635.9563598632812,1623315797.0
2026-02-11,607.1871337890625,623.1843872070312,587.8129272460938,619.5706787109375,2137150889.0
2026-02-12,613.7109375,619.1156005859375,601.8274536132812,607.189453125,1596683425.0
2026-02-13,619.0838623046875,621.9074096679688,592.6002807617188,613.7088012695312,1865657141.0
2026-02-14,633.34521484375,636.5562744140625,616.19287109375,619.086181640625,1422078768.0
2026-02-15,614.6380004882812,640.5645141601562,609.2208862304688,633.3302612304688,1572726908.0
2026-02-16,626.5706787109375,629.6680297851562,605.3688354492188,614.6565551757812,1384918308.0
2026-02-17,617.5620727539062,630.4534912109375,610.81884765625,626.5838623046875,1273885332.0
2026-02-18,604.5238037109375,624.6931762695312,602.2733764648438,617.5640258789062,1407996950.0
2026-02-19,607.1598510742188,613.7492065429688,597.5038452148438,604.5213012695312,1468442931.0
2026-02-20,625.6635131835938,628.9857788085938,601.8662109375,607.1751708984375,1709915616.0
2026-02-21,625.8980712890625,633.5925903320312,624.1028442382812,625.6677856445312,1183913259.0
2026-02-22,614.4066772460938,626.5341186523438,610.2918090820312,625.8922119140625,1089029749.0
2026-02-23,595.8651123046875,614.85791015625,586.0204467773438,614.40625,2110764624.0
2026-02-24,584.1098022460938,602.2252197265625,578.3405151367188,595.8753051757812,1777417541.0
2026-02-25,629.0726318359375,636.5101318359375,582.2049560546875,584.1054077148438,2691687940.0
2026-02-26,625.9132080078125,633.10009765625,615.2544555664062,629.0772094726562,2766164029.0
2026-02-27,613.9695434570312,633.1871948242188,607.4542846679688,625.9151000976562,1782727960.0
2026-02-28,617.2463989257812,620.1138305664062,589.5475463867188,613.9728393554688,1819918584.0
2026-03-01,618.107177734375,631.6217651367188,611.6749877929688,617.2444458007812,1918919287.0
2026-03-02,637.2395629882812,651.0946655273438,613.5411376953125,618.0946655273438,1947915391.0
2026-03-03,633.8309326171875,641.4384155273438,621.8411254882812,637.2459716796875,1802590269.0
2026-03-04,657.8167724609375,665.103271484375,627.156494140625,633.8281860351562,2127945160.0
2026-03-05,647.6258544921875,664.6438598632812,646.8931884765625,657.8167724609375,1672800685.0
2026-03-06,627.2734375,651.22705078125,626.0018310546875,647.622802734375,1385900394.0
2026-03-07,620.0662841796875,629.9575805664062,619.0372924804688,627.2833862304688,1082294510.0
2026-03-08,612.0388793945312,623.7977294921875,609.404296875,620.0664672851562,1289759347.0
2026-03-09,634.5003662109375,642.1057739257812,611.7686157226562,612.0381469726562,1626567950.0
2026-03-10,641.8792114257812,651.5347900390625,634.5042724609375,634.5062866210938,1580638205.0
2026-03-11,651.4783325195312,655.0443725585938,636.7280883789062,641.8812255859375,1616600713.0
2026-03-12,652.135009765625,656.0228881835938,642.4793701171875,651.4718627929688,1564250832.0
2026-03-13,655.8819580078125,677.7486572265625,651.46240234375,652.1265869140625,2275392491.0
2026-03-14,657.8316040039062,657.8693237304688,650.6181640625,655.87353515625,1300376753.0
2026-03-15,673.701171875,678.3255615234375,654.6995849609375,657.8248291015625,1570006668.0
2026-03-16,679.3547973632812,685.4031372070312,670.8892211914062,673.7127685546875,2399816312.0
2026-03-17,668.7809448242188,685.6272583007812,664.715576171875,679.3580322265625,1875359590.0
2026-03-18,652.05908203125,676.30078125,645.5967407226562,668.7760620117188,1920423223.0
2026-03-19,639.2661743164062,655.2645263671875,634.0431518554688,652.0613403320312,1763650441.0
2026-03-20,642.183349609375,646.859130859375,637.0761108398438,639.2692260742188,1633691311.0
2026-03-21,630.1337890625,645.5946655273438,629.8920288085938,642.1868896484375,1236470411.0
2026-03-22,626.601318359375,636.671142578125,622.8684692382812,629.8768310546875,1616327413.0
2026-03-23,638.5368041992188,648.4214477539062,621.026123046875,626.5970458984375,2371029968.0
2026-03-24,638.2528076171875,639.3514404296875,627.3970336914062,638.5543823242188,1645704845.0
2026-03-25,647.328125,651.9640502929688,638.2335205078125,638.2496337890625,1700935601.0
2026-03-26,628.9946899414062,647.84765625,623.0634155273438,647.3297729492188,1566197398.0
2026-03-27,613.2924194335938,631.232177734375,606.0051879882812,628.994384765625,1674423686.0
2026-03-28,610.7012329101562,617.5477294921875,610.1975708007812,613.30712890625,875286131.0
2026-03-29,605.6762084960938,614.4796752929688,598.7274780273438,610.7001342773438,1340354447.0
2026-03-30,608.5535278320312,620.2302856445312,605.1995849609375,605.6853637695312,1691424092.0
2026-03-31,617.0491943359375,618.4916381835938,599.7499389648438,608.5606079101562,1789909133.0
2026-04-01,610.6229858398438,620.9547119140625,610.3040771484375,617.0487670898438,1708753116.0
2026-04-02,583.1368408203125,612.9745483398438,570.6839599609375,610.6221923828125,2253593411.0
2026-04-03,588.1000366210938,589.0858154296875,582.391845703125,583.1388549804688,1249381771.0
2026-04-04,593.28369140625,595.6993408203125,587.4022827148438,588.0983276367188,730361887.0
2026-04-05,601.5355834960938,603.0015869140625,587.622314453125,593.28369140625,869628725.0
2026-04-06,600.3857421875,608.5709228515625,597.8638916015625,601.5371704101562,1559391237.0
2026-04-07,620.898681640625,623.72119140625,593.1414794921875,600.3787841796875,1954715522.0
2026-04-08,601.1722412109375,621.1431274414062,600.3358764648438,620.8573608398438,2031695469.0
2026-04-09,602.8275146484375,610.0821533203125,597.3724365234375,601.1717529296875,1836620252.0
2026-04-10,605.9915161132812,610.1380004882812,598.0321044921875,602.8265991210938,1779562868.0
2026-04-11,607.3914184570312,613.906494140625,603.7946166992188,605.9866333007812,1673930281.0
2026-04-12,592.2140502929688,607.4102783203125,589.6085815429688,607.390380859375,1835478450.0
2026-04-13,615.05126953125,617.2954711914062,592.0985717773438,592.2178344726562,1956433843.0
2026-04-14,614.0372314453125,624.8760375976562,611.7742309570312,615.05224609375,2008088284.0
2026-04-15,622.6653442382812,626.7930297851562,610.9451904296875,614.0441284179688,1644633857.0
2026-04-16,635.5833740234375,636.8116455078125,616.1176147460938,622.6685180664062,1856483537.0
2026-04-17,643.4501342773438,645.67626953125,627.1564331054688,635.5836791992188,1994808217.0
2026-04-18,630.3224487304688,648.50390625,628.5675659179688,643.4588012695312,1585391318.0
2026-04-19,616.5244750976562,630.4656982421875,615.6062622070312,630.3184204101562,1507732097.0
2026-04-20,629.2551879882812,631.8038940429688,616.4576416015625,616.5169677734375,1537738592.0
2026-04-21,631.7921752929688,640.5401000976562,625.4496459960938,629.2555541992188,1638232350.0
2026-04-22,637.9317626953125,651.9832153320312,631.4053344726562,631.792236328125,1843147330.0
2026-04-23,638.7262573242188,640.2591552734375,631.4028930664062,637.9317626953125,1592966390.0
2026-04-24,636.4029541015625,640.2322387695312,632.4772338867188,638.7290649414062,1358812029.0
2026-04-25,628.6572875976562,638.4401245117188,627.6519775390625,636.3995361328125,758377286.0
2026-04-26,636.1114501953125,637.398193359375,627.7479858398438,628.6551513671875,1164927198.0
2026-04-27,626.9642333984375,639.6881713867188,619.8306274414062,636.1132202148438,1637610223.0
2026-04-28,624.31103515625,627.419921875,619.69189453125,626.9631958007812,1232472114.0
2026-04-29,617.3297729492188,629.2849731445312,611.4309692382812,624.3167724609375,1599657620.0
2026-04-30,615.0667114257812,620.086669921875,613.9241333007812,617.3309936523438,1271759829.0
2026-05-01,615.3310546875,622.49072265625,614.2719116210938,615.0634765625,1373446549.0
2026-05-02,617.82763671875,620.3760986328125,614.1849365234375,615.3344116210938,712563317.0
2026-05-03,617.4823608398438,621.7371215820312,615.1119995117188,617.8273315429688,834198484.0
2026-05-04,622.6590576171875,637.5142822265625,615.694091796875,617.4823608398438,2279940194.0
2026-05-05,630.3912353515625,634.3936157226562,622.5728759765625,622.6592407226562,1737844496.0
2026-05-06,647.57373046875,662.101318359375,629.640625,630.3914184570312,2481476834.0
2026-05-07,637.02197265625,652.891357421875,634.2047729492188,647.5768432617188,1667366871.0
2026-05-08,649.0093383789062,651.1504516601562,635.1071166992188,637.02197265625,1438423521.0
2026-05-09,649.7373657226562,655.5877685546875,646.34765625,649.0152587890625,1278930889.0
2026-05-10,663.6634521484375,666.179443359375,645.0519409179688,649.737060546875,1412124607.0
2026-05-11,669.9736328125,672.29296875,649.7805786132812,663.6634521484375,1803928124.0
2026-05-12,664.5411376953125,670.7261962890625,650.7424926757812,669.9802856445312,1642513243.0
2026-05-13,671.3828125,685.1040649414062,664.40576171875,664.5421752929688,1960838590.0
2026-05-14,677.9397583007812,685.026611328125,665.5272827148438,671.38232421875,1656801797.0
2026-05-15,672.111328125,689.1156005859375,670.1974487304688,677.9467163085938,1703187702.0
2026-05-16,656.216064453125,674.1542358398438,650.8592529296875,672.100830078125,1379762213.0
2026-05-17,648.7941284179688,657.0416870117188,643.2247314453125,656.2135009765625,783703455.0
2026-05-18,643.0562133789062,649.0114135742188,634.8690795898438,648.7821044921875,1418244426.0
2026-05-19,639.4500122070312,646.0852661132812,636.6726684570312,643.0573120117188,1113171362.0
2026-05-20,648.8192749023438,650.740966796875,637.5531005859375,639.4344482421875,1126919622.0
2026-05-21,657.349853515625,658.8483276367188,646.0508422851562,648.8208618164062,1228340767.0
2026-05-22,649.4689331054688,662.8820190429688,648.6656494140625,657.3369140625,1327486028.0
2026-05-23,655.7096557617188,661.4991455078125,635.64599609375,649.475830078125,1294474331.0
2026-05-24,656.0982666015625,660.9962158203125,649.513916015625,655.7109985351562,1104832926.0
2026-05-25,662.3038330078125,672.2332763671875,655.4401245117188,656.0916748046875,1309145054.0
2026-05-26,655.5963745117188,667.137939453125,653.2839965820312,662.3070068359375,1618469382.0
2026-05-27,648.1592407226562,657.9292602539062,646.1885375976562,655.6019897460938,1299270396.0
2026-05-28,637.4937744140625,648.1614990234375,628.17236328125,648.1614990234375,1387114881.0
2026-05-29,642.2872924804688,643.6944580078125,631.308349609375,637.5028076171875,1229212667.0
2026-05-30,717.9337768554688,726.1751708984375,642.0878295898438,642.301025390625,3590363740.0
2026-05-31,708.584228515625,743.3580932617188,704.9672241210938,717.9302978515625,3011261654.0
2026-06-01,692.1307983398438,725.1892700195312,674.9254150390625,708.5490112304688,3603890086.0
2026-06-02,650.4299926757812,694.2510375976562,645.6150512695312,692.1263427734375,2212967555.0
2026-06-03,620.0994262695312,655.1470336914062,617.6315307617188,650.422607421875,2023083015.0
2026-06-04,603.5347290039062,623.089111328125,588.540771484375,620.0994262695312,2306830558.0
2026-06-05,572.1068725585938,606.1956176757812,558.3897705078125,603.5301513671875,2607132303.0
2026-06-06,574.5108032226562,583.1162719726562,561.0240478515625,572.1333618164062,1418745727.0
2026-06-07,603.6289672851562,606.80908203125,573.8145141601562,574.5046997070312,1355939748.0
2026-06-08,601.6277465820312,609.70458984375,592.0619506835938,603.6482543945312,1157549571.0
2026-06-09,592.8506469726562,604.8546752929688,584.650390625,601.6333618164062,1187053835.0
2026-06-10,586.173828125,596.510986328125,581.291015625,592.8521728515625,1017565363.0
2026-06-11,605.0415649414062,605.4056396484375,586.0934448242188,586.1744384765625,1095074108.0
2026-06-12,603.506591796875,611.7357788085938,596.2879638671875,605.0452880859375,994015378.0
2026-06-13,609.5437622070312,610.4230346679688,599.4810180664062,603.5062255859375,821135662.0
2026-06-14,616.0859375,616.3787231445312,602.63818359375,609.542236328125,1036522794.0
2026-06-15,617.421875,631.1109619140625,612.6526489257812,616.0867919921875,1343292765.0
2026-06-16,604.3461303710938,618.8651733398438,602.8196411132812,617.4208984375,1347367138.0
2026-06-17,600.9586791992188,611.21240234375,596.4523315429688,604.347412109375,1281028503.0
2026-06-18,578.0147094726562,603.1732788085938,573.3677978515625,600.9449462890625,1125978611.0
2026-06-19,581.1637573242188,581.93505859375,571.0119018554688,578.0147094726562,869522115.0
2026-06-20,587.6138916015625,588.56103515625,579.6949462890625,581.2623901367188,828038134.0
2026-06-21,583.7516479492188,591.3309326171875,583.7308959960938,587.6135864257812,758751631.0
2026-06-22,589.918701171875,601.447021484375,583.7190551757812,583.7490844726562,989771505.0
2026-06-23,577.5996704101562,591.8448486328125,570.8225708007812,589.895751953125,966075609.0
2026-06-24,563.7708129882812,580.5236206054688,548.5870361328125,577.6015625,1326402841.0
2026-06-25,559.7989501953125,571.3173217773438,543.183837890625,563.77197265625,1359821571.0
2026-06-26,566.8584594726562,568.9840087890625,550.2499389648438,559.7989501953125,1485816125.0
2026-06-27,556.390869140625,567.6494750976562,555.2898559570312,566.8609008789062,908411267.0
2026-06-28,550.69970703125,557.9688110351562,545.8073120117188,556.3785400390625,900129154.0
2026-06-29,558.668212890625,561.3637084960938,546.3059692382812,550.6596069335938,1115281924.0
2026-06-30,545.6861572265625,559.3113403320312,543.345703125,558.6676025390625,1113363069.0
2026-07-01,550.1094970703125,557.3272705078125,538.5992431640625,545.67919921875,1369626811.0
2026-07-02,558.0145263671875,566.0003051757812,546.3494262695312,550.1113891601562,1333013092.0
2026-07-03,573.4421997070312,574.17626953125,556.9342651367188,558.0144653320312,1081508938.0
2026-07-04,574.9729614257812,578.0556640625,568.4288940429688,573.4444580078125,1084811368.0
2026-07-05,588.9351196289062,592.1261596679688,568.5374145507812,574.9724731445312,1328089383.0
2026-07-06,585.4335327148438,592.1600341796875,570.1879272460938,588.9380493164062,1405839910.0
2026-07-07,576.7965698242188,587.1636962890625,576.1844482421875,585.4364624023438,1091645141.0
2026-07-08,568.3060913085938,578.3355712890625,560.27587890625,576.7944946289062,1104808263.0
2026-07-09,568.4684448242188,575.0242919921875,565.54150390625,568.3072509765625,1020956200.0
2026-07-10,575.031982421875,577.5811157226562,568.12109375,568.4669799804688,1039954030.0
2026-07-11,574.8894653320312,582.0732421875,573.1099243164062,575.0352172851562,869866045.0
2026-07-12,573.9483032226562,582.97216796875,570.0609130859375,574.8919067382812,968436788.0
2026-07-13,566.6336669921875,578.9523315429688,562.2921142578125,573.9459838867188,991239692.0
2026-07-14,581.7556762695312,583.3642578125,566.2113647460938,566.6309814453125,1188215639.0
2026-07-15,580.1040649414062,584.1309204101562,575.7394409179688,581.7587280273438,1170264202.0
2026-07-16,572.1932373046875,584.1412963867188,571.5925903320312,580.107421875,1034278765.0
2026-07-17,567.7648315429688,574.2609252929688,555.6729736328125,572.1828002929688,1233596492.0
2026-07-18,570.2855224609375,571.9390869140625,566.1561279296875,567.7681274414062,834755411.0
2026-07-19,570.4041748046875,571.658447265625,566.75439453125,570.2862548828125,824772602.0
2026-07-20,570.7332763671875,574.4619750976562,563.2748413085938,570.4097900390625,1103435923.0
2026-07-21,573.5968627929688,579.148193359375,570.5935668945312,570.7421264648438,1115064597.0
2026-07-22,570.7539672851562,575.0814819335938,567.2611694335938,573.602294921875,991239577.0
2026-07-23,566.9454956054688,571.7393188476562,564.103271484375,570.7554931640625,914774204.0
2026-07-24,564.3374633789062,570.5921630859375,556.7088012695312,566.9429321289062,1011337723.0
2026-07-25,568.46875,569.3478393554688,563.613037109375,564.3324584960938,785530621.0
2026-07-26,574.5038452148438,575.6427001953125,568.4383544921875,568.466796875,818584128.0
2026-07-27,565.73046875,576.2010498046875,565.3123779296875,574.5032958984375,961806343.0
2026-07-28,570.4871826171875,574.6143188476562,562.9065551757812,565.7461547851562,987867906.0
2026-07-29,571.4020385742188,572.6674194335938,565.0828247070312,570.495361328125,939729864.0
2026-07-30,592.0128173828125,595.229248046875,570.4595336914062,571.4003295898438,1326666570.0
2026-07-31,586.427001953125,594.3985595703125,583.5209350585938,592.0213623046875,1212212216.0
2026-08-01,574.9596557617188,591.578125,573.7284545898438,586.4301147460938,1092981314.0
2026-08-02,587.5682983398438,590.129638671875,573.700927734375,574.9642333984375,941393721.0
2026-08-03,588.795166015625,593.3220825195312,580.8663330078125,587.5711059570312,1006505117.0
2026-08-04,592.8079223632812,594.4669799804688,587.5797729492188,588.7953491210938,949346459.0
2026-08-05,593.2213134765625,603.9481201171875,591.8446044921875,592.7850952148438,1306888800.0
2026-08-06,591.6528930664062,597.4979248046875,589.6243286132812,593.2227783203125,953743093.0
2026-08-07,592.1971435546875,593.7726440429688,585.1305541992188,591.6525268554688,1370866961.0
2026-08-08,600.4220581054688,609.5114135742188,590.5120239257812,592.193115234375,1072496627.0
2026-08-09,601.7662963867188,610.097412109375,599.9470825195312,600.4210205078125,1032011852.0
2026-08-10,598.6873168945312,605.95361328125,597.3451538085938,601.7837524414062,1054595862.0
2026-08-11,616.4986572265625,616.8174438476562,598.1167602539062,598.6846923828125,1311056319.0
2026-08-12,609.6798095703125,619.3920288085938,608.5897827148438,616.498291015625,1179194321.0
2026-08-13,610.0366821289062,614.0260009765625,605.6968994140625,609.66552734375,991318908.0
2026-08-14,607.5797729492188,611.791748046875,602.6419067382812,610.0361328125,904964325.0
2026-08-15,607.104248046875,611.7791137695312,606.84814453125,607.5783081054688,555761984.0
2026-08-16,602.4793701171875,607.660888671875,601.1326904296875,607.1052856445312,635151199.0
2026-08-17,605.17236328125,607.151123046875,600.982666015625,602.4811401367188,1022798732.0
2026-08-18,603.5281982421875,605.3096313476562,599.52783203125,605.1646118164062,972520123.0
2026-08-19,626.4718017578125,635.4505615234375,600.863525390625,603.52880859375,1864254281.0
2026-08-20,654.9075317382812,657.6785278320312,622.2499389648438,626.4666748046875,2301724571.0
2026-08-21,686.966796875,691.3654174804688,653.5401000976562,654.9114379882812,2932629797.0
2026-08-22,695.7017211914062,725.3282470703125,683.4513549804688,686.971435546875,3166031052.0
2026-08-23,701.8467407226562,706.6343383789062,678.8565673828125,695.713134765625,1748341826.0
2026-08-24,703.6381225585938,715.3873291015625,693.6182861328125,701.8606567382812,1930945903.0
2026-08-25,694.0257568359375,718.5745239257812,690.64306640625,703.6607666015625,1797771745.0
2026-08-26,707.8804931640625,707.9307861328125,692.280029296875,694.0215454101562,1542801679.0
2026-08-27,712.1705932617188,714.8690185546875,701.3085327148438,707.8785400390625,1468797908.0
2026-08-28,691.1170043945312,718.1212768554688,685.765625,712.1675415039062,1489232317.0
2026-08-29,692.6039428710938,693.9805908203125,687.24951171875,691.1176147460938,947152139.0
2026-08-30,684.8091430664062,703.46435546875,681.3799438476562,692.6016845703125,1186105163.0
2026-08-31,691.0252685546875,693.8984375,682.5994873046875,684.8028564453125,1234273448.0
2026-09-01,682.7491455078125,694.1860961914062,675.1741943359375,691.02978515625,1197910613.0
2026-09-02,687.9632568359375,689.1416015625,679.89697265625,682.7489624023438,1263823790.0
2026-09-03,724.9962158203125,726.757568359375,686.7681274414062,687.9613037109375,1769490260.0
2026-09-04,721.2604370117188,728.656494140625,710.2684326171875,724.998291015625,1630848206.0
2026-09-05,766.9117431640625,778.8104858398438,719.752685546875,721.2665405273438,2911517322.0
2026-09-06,752.500732421875,768.5564575195312,741.7472534179688,766.9279174804688,1809733130.0
2026-09-07,740.0272827148438,755.5850219726562,734.632080078125,752.5057373046875,1542958780.0
2026-09-08,752.42919921875,760.218017578125,737.5789794921875,740.03173828125,1930669841.0
2026-09-09,722.7352294921875,757.1658935546875,718.87451171875,752.42919921875,1763558699.0
2026-09-10,709.1333618164062,725.4892578125,704.9750366210938,722.734375,1670884807.0
2026-09-11,726.9684448242188,739.3829956054688,708.7147827148438,709.1307373046875,1722788676.0
2026-09-12,727.453125,738.8262939453125,725.2286987304688,726.96826171875,1157881596.0
2026-09-13,716.3305053710938,729.4397583007812,713.4972534179688,727.452880859375,1067973135.0
2026-09-14,720.2359008789062,732.5966796875,714.583740234375,716.3378295898438,1616186488.0
2026-09-15,712.16064453125,723.8658447265625,709.2535400390625,720.2349243164062,1525574555.0
2026-09-16,725.575927734375,725.8045654296875,704.4161376953125,712.162841796875,1491110810.0
2026-09-17,738.001953125,738.1859130859375,720.4427490234375,725.5938110351562,1487195591.0
2026-09-18,761.0164184570312,767.4240112304688,735.072509765625,738.0060424804688,2183916470.0
2026-09-19,761.0164184570312,767.4240112304688,735.072509765625,738.0060424804688,2183916470.0
2026-09-20,761.0164184570312,767.4240112304688,735.072509765625,738.0060424804688,2183916470.0
