,Close,High,Low,Open,Volume
2023-09-21,4.013978958129883,4.161034107208252,4.00815486907959,4.139848232269287,96861726.0
2023-09-22,4.019402027130127,4.035163879394531,3.9965779781341553,4.014036178588867,83094041.0
2023-09-23,4.0325398445129395,4.0361199378967285,4.005505084991455,4.019329071044922,60313482.0
2023-09-24,3.9901950359344482,4.056786060333252,3.9850940704345703,4.032537937164307,66771867.0
2023-09-25,4.064115047454834,4.086166858673096,3.9727420806884766,3.990417003631592,99085397.0
2023-09-26,4.014101028442383,4.087615966796875,3.993155002593994,4.0640177726745605,91992477.0
2023-09-27,3.990726947784424,4.069361209869385,3.9710500240325928,4.013868808746338,75472569.0
2023-09-28,4.074660778045654,4.094013214111328,3.9849870204925537,3.9906959533691406,83423727.0
2023-09-29,4.077261924743652,4.1127119064331055,4.063875198364258,4.074631214141846,74285652.0
2023-09-30,4.105618000030518,4.115923881530762,4.074866771697998,4.077208995819092,51458101.0
2023-10-01,4.261009216308594,4.279936790466309,4.103879928588867,4.1054768562316895,82943342.0
2023-10-02,4.123762130737305,4.2976460456848145,4.103481769561768,4.26078987121582,115298155.0
2023-10-03,4.074246883392334,4.159029960632324,4.056303977966309,4.123037815093994,59966101.0
2023-10-04,4.047316074371338,4.075450897216797,3.9947140216827393,4.074286937713623,73143922.0
2023-10-05,4.022737979888916,4.072004795074463,4.010641098022461,4.047331809997559,56530006.0
2023-10-06,4.07214879989624,4.092491149902344,4.0060319900512695,4.0226521492004395,52328321.0
2023-10-07,4.0564470291137695,4.111029148101807,4.054783821105957,4.072028160095215,40367505.0
2023-10-08,4.014286041259766,4.073115825653076,4.006164073944092,4.055929183959961,50702115.0
2023-10-09,3.8772189617156982,4.027659893035889,3.7943060398101807,4.014153957366943,111810840.0
2023-10-10,3.812432050704956,3.8912088871002197,3.7847580909729004,3.87703800201416,73969885.0
2023-10-11,3.738058090209961,3.821716070175171,3.7053520679473877,3.8124940395355225,76263823.0
2023-10-12,3.6735970973968506,3.7388510704040527,3.641685962677002,3.737694025039673,76835167.0
2023-10-13,3.721198081970215,3.7621779441833496,3.6701951026916504,3.6736350059509277,60969633.0
2023-10-14,3.7362759113311768,3.7594308853149414,3.7209739685058594,3.7215991020202637,40015361.0
2023-10-15,3.7549779415130615,3.7731521129608154,3.7120299339294434,3.736320972442627,55133272.0
2023-10-16,3.7862110137939453,3.8710389137268066,3.7422409057617188,3.7550530433654785,104165497.0
2023-10-17,3.6750569343566895,3.7859818935394287,3.662230968475342,3.7859818935394287,72585706.0
2023-10-18,3.6565489768981934,3.720716953277588,3.6366798877716064,3.675153970718384,62395387.0
2023-10-19,3.6488780975341797,3.6574389934539795,3.607706069946289,3.65643310546875,78858521.0
2023-10-20,3.7212750911712646,3.7983689308166504,3.6414990425109863,3.6491689682006836,103783716.0
2023-10-21,3.904405117034912,3.9663949012756348,3.712709903717041,3.7212390899658203,102109347.0
2023-10-22,3.9647159576416016,3.9679739475250244,3.820570945739746,3.905255079269409,102800544.0
2023-10-23,4.348272800445557,4.348272800445557,3.9311330318450928,3.9813590049743652,279500647.0
2023-10-24,4.186614036560059,4.400951862335205,4.134200096130371,4.349508762359619,287578869.0
2023-10-25,4.2850542068481445,4.3470587730407715,4.159365177154541,4.186936855316162,191355809.0
2023-10-26,4.236405849456787,4.409787178039551,4.170870780944824,4.285378932952881,196562760.0
2023-10-27,4.139359951019287,4.236472129821777,4.065489768981934,4.236472129821777,157567536.0
2023-10-28,4.180108070373535,4.221337795257568,4.135636806488037,4.139181137084961,98811863.0
2023-10-29,4.3125457763671875,4.350803852081299,4.150012969970703,4.180193901062012,114199710.0
2023-10-30,4.527799129486084,4.528045177459717,4.2440290451049805,4.312788009643555,189424182.0
2023-10-31,4.4511799812316895,4.595820903778076,4.322356224060059,4.527864933013916,197568842.0
2023-11-01,4.730909824371338,4.795650959014893,4.334122180938721,4.4510498046875,240014626.0
2023-11-02,4.635324001312256,4.795106887817383,4.557126998901367,4.7308759689331055,215676198.0
2023-11-03,4.6154937744140625,4.639011859893799,4.481236934661865,4.635337829589844,157624901.0
2023-11-04,4.691026210784912,4.768822193145752,4.595696926116943,4.61528205871582,129760785.0
2023-11-05,4.773220062255859,4.899320125579834,4.670991897583008,4.690703868865967,205523537.0
2023-11-06,4.968372821807861,4.985403060913086,4.7019429206848145,4.7727861404418945,188597116.0
2023-11-07,4.931488037109375,5.004222869873047,4.737154960632324,4.968561172485352,208520335.0
2023-11-08,5.053585052490234,5.0817718505859375,4.872838020324707,4.931319236755371,213839664.0
2023-11-09,5.087355136871338,5.253759860992432,4.796288013458252,5.052425861358643,371195493.0
2023-11-10,5.300800800323486,5.3093390464782715,5.011776924133301,5.087687015533447,285459747.0
2023-11-11,5.553164958953857,5.6576409339904785,5.120489120483398,5.300642967224121,410791406.0
2023-11-12,5.707890033721924,5.846567153930664,5.392652988433838,5.553711891174316,396517036.0
2023-11-13,5.368368148803711,5.8761701583862305,5.364659786224365,5.708605766296387,330915168.0
2023-11-14,5.2027268409729,5.515987873077393,5.0657639503479,5.367783069610596,287416833.0
2023-11-15,5.566057205200195,5.631501197814941,5.200839996337891,5.202480792999268,273974492.0
2023-11-16,5.358421802520752,5.784718990325928,5.314825057983398,5.56646203994751,348858975.0
2023-11-17,5.242203235626221,5.479097843170166,5.08736515045166,5.3580322265625,255997486.0
2023-11-18,5.291220188140869,5.292086124420166,5.024771213531494,5.242760181427002,189841324.0
2023-11-19,5.444248199462891,5.479985237121582,5.193368911743164,5.291365146636963,187907209.0
2023-11-20,5.304597854614258,5.559099197387695,5.292698860168457,5.44413423538208,217195343.0
2023-11-21,4.8893890380859375,5.326882839202881,4.855857849121094,5.304758071899414,285788399.0
2023-11-22,5.17286491394043,5.278530120849609,4.87028694152832,4.888023853302002,208993295.0
2023-11-23,5.13363790512085,5.2166547775268555,5.096879959106445,5.17264986038208,122906505.0
2023-11-24,5.24334192276001,5.288729190826416,5.127062797546387,5.133674144744873,193231709.0
2023-11-25,5.3300862312316895,5.381474018096924,5.230507850646973,5.242917060852051,124787041.0
2023-11-26,5.32512903213501,5.4074578285217285,5.2050018310546875,5.33013916015625,170218507.0
2023-11-27,5.161478042602539,5.36693000793457,5.049295902252197,5.324221134185791,203213671.0
2023-11-28,5.2706780433654785,5.308376789093018,5.116793155670166,5.1611480712890625,187192411.0
2023-11-29,5.168088912963867,5.370061874389648,5.160088062286377,5.270658016204834,184196011.0
2023-11-30,5.465794086456299,5.567933082580566,5.128605842590332,5.1681108474731445,282346044.0
2023-12-01,5.475039958953857,5.516274929046631,5.37985897064209,5.46608304977417,153997357.0
2023-12-02,5.573881149291992,5.597385883331299,5.458980083465576,5.474730968475342,128776781.0
2023-12-03,5.54657506942749,5.608564853668213,5.443553924560547,5.573408126831055,152613977.0
2023-12-04,5.626327037811279,5.716184139251709,5.490693092346191,5.546393871307373,276026759.0
2023-12-05,5.911571979522705,5.932798862457275,5.521039962768555,5.626979827880859,349322266.0
2023-12-06,6.043325901031494,6.1947832107543945,5.8150129318237305,5.910768985748291,391203869.0
2023-12-07,6.246665954589844,6.285830974578857,5.93161678314209,6.0444440841674805,302450588.0
2023-12-08,6.839678764343262,6.901350021362305,6.182971954345703,6.24694299697876,413408879.0
2023-12-09,7.11761999130249,7.6706109046936035,6.839934825897217,6.839934825897217,712895503.0
2023-12-10,7.3415751457214355,7.3415751457214355,6.987497806549072,7.117362022399902,319835932.0
2023-12-11,6.7066969871521,7.345096111297607,6.418455123901367,7.342336177825928,538631045.0
2023-12-12,7.123778820037842,7.3033270835876465,6.706394195556641,6.706394195556641,532269712.0
2023-12-13,7.610177993774414,7.625853061676025,6.665576934814453,7.123782157897949,463975500.0
2023-12-14,7.521094799041748,7.729955196380615,7.142624855041504,7.611420154571533,494202129.0
2023-12-15,6.956742763519287,7.554464817047119,6.956742763519287,7.5197601318359375,388837339.0
2023-12-16,7.085906982421875,7.337008953094482,6.903770923614502,6.956724166870117,279250108.0
2023-12-17,6.792212963104248,7.15267276763916,6.771905899047852,7.085665225982666,259799176.0
2023-12-18,6.875728130340576,6.879576206207275,6.410623073577881,6.790312767028809,307104897.0
2023-12-19,6.715219020843506,7.024956226348877,6.633543968200684,6.876213073730469,228867147.0
2023-12-20,6.942695140838623,7.1226677894592285,6.64164400100708,6.714593887329102,303998673.0
2023-12-21,8.361507415771484,8.36302375793457,6.927731037139893,6.9430389404296875,964588443.0
2023-12-22,7.969131946563721,8.530817985534668,7.871650218963623,8.370100975036621,640763569.0
2023-12-23,8.34211540222168,8.438288688659668,7.621263027191162,7.968948841094971,460523777.0
2023-12-24,8.647969245910645,9.156386375427246,8.337475776672363,8.342073440551758,1079897568.0
2023-12-25,9.228659629821777,9.378779411315918,8.538396835327148,8.647509574890137,883892634.0
2023-12-26,8.819256782531738,9.578560829162598,8.519404411315918,9.222354888916016,707582624.0
2023-12-27,8.703069686889648,8.997459411621094,8.442439079284668,8.819127082824707,474271917.0
2023-12-28,8.450114250183105,8.899014472961426,8.313275337219238,8.70330810546875,434449041.0
2023-12-29,8.292625427246094,8.67758560180664,8.135847091674805,8.450278282165527,474260327.0
2023-12-30,8.37086296081543,8.474199295043945,8.13432788848877,8.292732238769531,239200073.0
2023-12-31,8.193986892700195,8.627558708190918,8.128181457519531,8.369000434875488,304720310.0
2024-01-01,8.59892463684082,8.624625205993652,8.099416732788086,8.201030731201172,246624749.0
2024-01-02,8.41269588470459,8.801246643066406,8.35427188873291,8.599173545837402,340575264.0
2024-01-03,7.641822814941406,8.564529418945312,6.978058815002441,8.412877082824707,662847385.0
2024-01-04,7.881475925445557,7.987429141998291,7.537779808044434,7.641465187072754,333627890.0
2024-01-05,7.44556188583374,7.945946216583252,7.246333122253418,7.881258010864258,348229259.0
2024-01-06,7.13883113861084,7.448600769042969,6.987271785736084,7.445598125457764,241045789.0
2024-01-07,6.8958330154418945,7.31396484375,6.844491004943848,7.139665126800537,223805100.0
2024-01-08,7.477948188781738,7.500977039337158,6.564640998840332,6.89644718170166,344729757.0
2024-01-09,7.1172099113464355,7.521772861480713,6.926910877227783,7.478612899780273,293447141.0
2024-01-10,7.9710612297058105,8.074015617370605,6.848066806793213,7.1185407638549805,416263452.0
2024-01-11,8.170188903808594,8.56672477722168,7.88328218460083,7.97337007522583,535315793.0
2024-01-12,7.569273948669434,8.206327438354492,7.419299125671387,8.166200637817383,350427695.0
2024-01-13,7.612985134124756,7.739999771118164,7.412961006164551,7.567115783691406,202570099.0
2024-01-14,7.327098846435547,7.6884331703186035,7.327098846435547,7.613140106201172,170845572.0
2024-01-15,7.517786979675293,7.676066875457764,7.320394992828369,7.325549125671387,194678728.0
2024-01-16,7.490059852600098,7.662617206573486,7.355122089385986,7.515417098999023,196373828.0
2024-01-17,7.33296012878418,7.590974807739258,7.266695976257324,7.488630771636963,183863749.0
2024-01-18,7.007637023925781,7.377193927764893,6.8632330894470215,7.335141181945801,242668717.0
2024-01-19,6.874605178833008,7.0418500900268555,6.595668792724609,7.007309913635254,228284379.0
2024-01-20,6.898894786834717,6.942978858947754,6.783598899841309,6.875,140211032.0
2024-01-21,6.807318210601807,6.964542865753174,6.807318210601807,6.900289058685303,115667492.0
2024-01-22,6.332924842834473,6.835377216339111,6.320576190948486,6.8084330558776855,269918505.0
2024-01-23,6.35443115234375,6.443181037902832,6.001399993896484,6.332934856414795,251031948.0
2024-01-24,6.459842205047607,6.532093048095703,6.264542102813721,6.35441780090332,182514259.0
2024-01-25,6.434463024139404,6.559728145599365,6.353330135345459,6.459924221038818,156401029.0
2024-01-26,6.672458171844482,6.723200798034668,6.365406036376953,6.433969020843506,186488222.0
2024-01-27,6.6702470779418945,6.740087985992432,6.540070056915283,6.672746181488037,141355540.0
2024-01-28,6.839127063751221,6.839127063751221,6.57917594909668,6.670121192932129,181489925.0
2024-01-29,7.030881881713867,7.290433883666992,6.7207560539245605,6.846796989440918,340006925.0
2024-01-30,6.8419671058654785,7.074925899505615,6.832417964935303,7.030881881713867,219740479.0
2024-01-31,6.655735969543457,6.881528854370117,6.602621078491211,6.840968132019043,196604220.0
2024-02-01,6.791077136993408,6.810060977935791,6.5575480461120605,6.655661106109619,157887536.0
2024-02-02,6.936224937438965,7.018485069274902,6.773137092590332,6.790939807891846,157571928.0
2024-02-03,6.8314900398254395,6.999074935913086,6.824721813201904,6.936542987823486,108609624.0
2024-02-04,6.6672282218933105,6.831117153167725,6.663340091705322,6.831117153167725,99743821.0
2024-02-05,6.726913928985596,6.961443901062012,6.602934837341309,6.666592121124268,164799424.0
2024-02-06,6.805706977844238,6.824390888214111,6.653200149536133,6.72693395614624,145904731.0
2024-02-07,6.939929962158203,6.955843925476074,6.672439098358154,6.805765151977539,164416661.0
2024-02-08,7.0146660804748535,7.100994110107422,6.873566150665283,6.940086841583252,218444800.0
2024-02-09,7.19149112701416,7.313177108764648,6.965021133422852,7.015011787414551,258789600.0
2024-02-10,7.208862781524658,7.287110805511475,7.073970794677734,7.192077159881592,149811265.0
2024-02-11,7.096012115478516,7.331010818481445,7.087368965148926,7.208156108856201,169782015.0
2024-02-12,7.346063137054443,7.3699212074279785,6.992568016052246,7.0968098640441895,245642262.0
2024-02-13,7.362933158874512,7.443851947784424,7.152872085571289,7.344686985015869,241793764.0
2024-02-14,7.658267021179199,7.704767227172852,7.285497188568115,7.361873149871826,294559497.0
2024-02-15,7.778054237365723,7.941685199737549,7.557400226593018,7.657978057861328,336231658.0
2024-02-16,7.657581806182861,7.862547874450684,7.558803081512451,7.780669212341309,216737045.0
2024-02-17,7.7043538093566895,7.7043538093566895,7.359714984893799,7.657166957855225,189701668.0
2024-02-18,7.8500590324401855,7.913236141204834,7.695055961608887,7.704592227935791,205287649.0
2024-02-19,8.029154777526855,8.138372421264648,7.67304801940918,7.850647926330566,331476480.0
2024-02-20,7.733205795288086,8.108119010925293,7.471696853637695,8.028989791870117,378987928.0
2024-02-21,7.468303203582764,7.7329511642456055,7.250452041625977,7.7329511642456055,276903184.0
2024-02-22,7.482891082763672,7.661427974700928,7.285481929779053,7.469287872314453,239367257.0
2024-02-23,7.563416004180908,7.636072158813477,7.279379844665527,7.4824910163879395,249643272.0
2024-02-24,7.809398174285889,7.885220050811768,7.444859981536865,7.563381195068359,237375316.0
2024-02-25,7.923061847686768,7.933513164520264,7.685474872589111,7.809704780578613,183729022.0
2024-02-26,8.10434341430664,8.10434341430664,7.593861103057861,7.922079086303711,296502812.0
2024-02-27,8.371495246887207,8.44161319732666,8.042547225952148,8.10512924194336,405624500.0
2024-02-28,8.342618942260742,8.693132400512695,7.872698783874512,8.370067596435547,609235960.0
2024-02-29,8.255024909973145,8.881213188171387,8.048049926757812,8.343832969665527,508493882.0
2024-03-01,8.674229621887207,8.674408912658691,8.252628326416016,8.252628326416016,336431152.0
2024-03-02,9.436100959777832,9.459188461303711,8.6152925491333,8.674181938171387,553392267.0
2024-03-03,9.797439575195312,9.883532524108887,8.785393714904785,9.440377235412598,663668776.0
2024-03-04,9.911170959472656,10.269759178161621,9.64480972290039,9.792799949645996,857188708.0
2024-03-05,9.330388069152832,10.74907112121582,8.366874694824219,9.896360397338867,1345409497.0
2024-03-06,10.514226913452148,10.557882308959961,8.943414688110352,9.330403327941895,783733356.0
2024-03-07,10.422065734863281,10.989618301391602,10.267990112304688,10.514226913452148,585840471.0
2024-03-08,10.665131568908691,10.710165977478027,10.004076957702637,10.421942710876465,609067054.0
2024-03-09,10.522542953491211,10.965413093566895,10.449006080627441,10.665156364440918,449980303.0
2024-03-10,10.278813362121582,10.574631690979004,9.995622634887695,10.522547721862793,388874905.0
2024-03-11,11.036376953125,11.238323211669922,9.95882511138916,10.278986930847168,733295312.0
2024-03-12,10.726625442504883,11.142626762390137,10.184982299804688,11.036376953125,566762255.0
2024-03-13,11.32108211517334,11.32108211517334,10.658047676086426,10.727691650390625,569338750.0
2024-03-14,11.542901992797852,11.88243293762207,10.751774787902832,11.321287155151367,954859836.0
2024-03-15,10.838363647460938,11.678496360778809,10.075045585632324,11.542890548706055,916276315.0
2024-03-16,9.696842193603516,10.886320114135742,9.521222114562988,10.838363647460938,587580190.0
2024-03-17,10.115609169006348,10.240716934204102,9.241060256958008,9.696842193603516,466294928.0
2024-03-18,9.907398223876953,10.442526817321777,9.614563941955566,10.078953742980957,461962142.0
2024-03-19,8.764359474182129,9.980661392211914,8.604705810546875,9.907398223876953,607301835.0
2024-03-20,9.491859436035156,9.557973861694336,8.510772705078125,8.764359474182129,530907741.0
2024-03-21,9.172893524169922,9.57751178741455,9.071198463439941,9.491859436035156,341959124.0
2024-03-22,8.919258117675781,9.353450775146484,8.72485065460205,9.172804832458496,296569819.0
2024-03-23,8.982089042663574,9.217262268066406,8.880110740661621,8.919258117675781,189986287.0
2024-03-24,9.369309425354004,9.429478645324707,8.974255561828613,8.982227325439453,193041938.0
2024-03-25,9.737619400024414,9.820472717285156,9.29410171508789,9.369295120239258,300666153.0
2024-03-26,9.690574645996094,10.052383422851562,9.539748191833496,9.737619400024414,360756482.0
2024-03-27,9.443778038024902,9.79432201385498,9.314148902893066,9.690574645996094,325392728.0
2024-03-28,9.516780853271484,9.64892578125,9.302928924560547,9.443778038024902,259183583.0
2024-03-29,9.596235275268555,9.797361373901367,9.364839553833008,9.516780853271484,293826300.0
2024-03-30,9.433736801147461,9.693848609924316,9.398588180541992,9.596659660339355,173787689.0
2024-03-31,9.64262580871582,9.642939567565918,9.426131248474121,9.433736801147461,152565004.0
2024-04-01,9.16106128692627,9.731353759765625,8.94188404083252,9.642613410949707,305782869.0
2024-04-02,8.57861328125,9.161090850830078,8.39034366607666,9.161039352416992,339528418.0
2024-04-03,8.433554649353027,8.777227401733398,8.29648208618164,8.578600883483887,257058637.0
2024-04-04,8.490893363952637,8.707253456115723,8.27935791015625,8.433548927307129,238433578.0
2024-04-05,8.38903522491455,8.508145332336426,8.094186782836914,8.490839958190918,227938545.0
2024-04-06,8.494186401367188,8.547804832458496,8.344802856445312,8.38903522491455,156072071.0
2024-04-07,8.70672607421875,8.737574577331543,8.467881202697754,8.493988990783691,184130993.0
2024-04-08,9.044649124145508,9.081189155578613,8.577800750732422,8.70672607421875,255986859.0
2024-04-09,8.660052299499512,9.102187156677246,8.638287544250488,9.044662475585938,301146995.0
2024-04-10,8.418901443481445,8.686888694763184,8.192951202392578,8.660017013549805,300776050.0
2024-04-11,8.379441261291504,8.515911102294922,8.201009750366211,8.418827056884766,220806144.0
2024-04-12,7.2410888671875,8.482064247131348,6.600109100341797,8.379779815673828,650188288.0
2024-04-13,6.417977809906006,7.324754238128662,5.81012487411499,7.241166114807129,670503551.0
2024-04-14,6.8693461418151855,6.9224958419799805,6.224710941314697,6.417977809906006,511526862.0
2024-04-15,6.712531089782715,7.203770160675049,6.4586968421936035,6.8693461418151855,344174099.0
2024-04-16,6.700047016143799,6.811182975769043,6.392067909240723,6.712433815002441,239057451.0
2024-04-17,6.57962703704834,6.766924858093262,6.3566999435424805,6.700076103210449,202508444.0
2024-04-18,6.785522937774658,6.818521022796631,6.459134101867676,6.579668998718262,179384204.0
2024-04-19,6.687657833099365,6.910538196563721,6.298625946044922,6.785522937774658,279495726.0
2024-04-20,7.234262943267822,7.276090145111084,6.62283182144165,6.6876068115234375,168418299.0
2024-04-21,7.135028839111328,7.287929058074951,6.984335899353027,7.234401226043701,149501379.0
2024-04-22,7.477910995483398,7.568668842315674,7.116386890411377,7.135028839111328,220628801.0
2024-04-23,7.244586944580078,7.53865909576416,7.215280055999756,7.477910995483398,207206637.0
2024-04-24,6.930154800415039,7.488140106201172,6.864323139190674,7.244586944580078,238265461.0
2024-04-25,6.862369060516357,6.989291191101074,6.711061954498291,6.930377960205078,182874679.0
2024-04-26,6.758216857910156,6.94232702255249,6.723820209503174,6.862369060516357,176487967.0
2024-04-27,6.798635005950928,6.851877212524414,6.546915054321289,6.758216857910156,160600840.0
2024-04-28,6.723606109619141,6.941548824310303,6.70150899887085,6.798635005950928,121036003.0
2024-04-29,6.591732978820801,6.8161749839782715,6.47987699508667,6.723606109619141,165873956.0
2024-04-30,6.422237873077393,6.658287048339844,6.0707879066467285,6.59174108505249,268360238.0
2024-05-01,6.883042812347412,6.904794216156006,6.1378350257873535,6.422231197357178,398713345.0
2024-05-02,7.285116195678711,7.397714138031006,6.704588890075684,6.883581161499023,268770098.0
2024-05-03,7.255101203918457,7.381486892700195,7.021543025970459,7.285116195678711,258847903.0
2024-05-04,7.1270599365234375,7.255156993865967,7.118240833282471,7.2550811767578125,161650387.0
2024-05-05,7.306784152984619,7.3957672119140625,7.030177116394043,7.1270599365234375,177269447.0
2024-05-06,7.122262001037598,7.46200704574585,7.073089122772217,7.306784152984619,225357675.0
2024-05-07,6.996738910675049,7.286386013031006,6.994541168212891,7.122262001037598,176649888.0
2024-05-08,6.990118980407715,7.179062843322754,6.908949851989746,6.996738910675049,192829781.0
2024-05-09,7.050119876861572,7.084794044494629,6.79024600982666,6.99010705947876,170326766.0
2024-05-10,6.749961853027344,7.144003868103027,6.712246894836426,7.0501580238342285,184632969.0
2024-05-11,6.6592278480529785,6.8017168045043945,6.642405986785889,6.749966144561768,118680608.0
2024-05-12,6.6203789710998535,6.785958766937256,6.601149082183838,6.659226894378662,96206969.0
2024-05-13,6.665497779846191,6.818121910095215,6.440234184265137,6.6203789710998535,173695911.0
2024-05-14,6.4789018630981445,6.692512035369873,6.474983215332031,6.665469169616699,159527216.0
2024-05-15,6.963479995727539,7.0173468589782715,6.470198154449463,6.478930950164795,239221408.0
2024-05-16,7.029125213623047,7.059906959533691,6.827576160430908,6.963543891906738,193239228.0
2024-05-17,7.196755886077881,7.290482044219971,7.008498191833496,7.029125213623047,235632961.0
2024-05-18,7.161952972412109,7.224698066711426,7.0758137702941895,7.196849822998047,132802922.0
2024-05-19,6.937534809112549,7.176050186157227,6.9014739990234375,7.1619648933410645,130335901.0
2024-05-20,7.5750298500061035,7.575379848480225,6.868141174316406,6.937534809112549,260338772.0
2024-05-21,7.613661766052246,7.657810211181641,7.435469150543213,7.5750298500061035,284995754.0
2024-05-22,7.454471111297607,7.690678119659424,7.387515068054199,7.613661766052246,241724928.0
2024-05-23,7.200774192810059,7.593684196472168,6.94857120513916,7.454471111297607,381531543.0
2024-05-24,7.244290828704834,7.375998020172119,7.0309929847717285,7.200774192810059,211685490.0
2024-05-25,7.42813777923584,7.432281970977783,7.2300238609313965,7.244316101074219,133937935.0
2024-05-26,7.547234058380127,7.63136100769043,7.373899936676025,7.42813777923584,176701530.0
2024-05-27,7.628291130065918,7.762155055999756,7.38190221786499,7.547234058380127,222498639.0
2024-05-28,7.367073059082031,7.65201997756958,7.288393974304199,7.628291130065918,279082891.0
2024-05-29,7.172421932220459,7.543121814727783,7.14491081237793,7.367073059082031,243596665.0
2024-05-30,6.997859954833984,7.227707862854004,6.930857181549072,7.172430038452148,218551016.0
2024-05-31,6.987146854400635,7.045054912567139,6.814091205596924,6.997859954833984,176610947.0
2024-06-01,7.058611869812012,7.123993873596191,6.959849834442139,6.9871439933776855,117043124.0
2024-06-02,6.989039897918701,7.11710786819458,6.9304280281066895,7.0586137771606445,134459964.0
2024-06-03,7.010249137878418,7.176097869873047,6.947174072265625,6.989048957824707,203470309.0
2024-06-04,7.187405109405518,7.229269981384277,6.947958946228027,7.010249137878418,176200639.0
2024-06-05,7.248727798461914,7.288291931152344,7.1588969230651855,7.187405109405518,171196834.0
2024-06-06,7.142014026641846,7.279624938964844,7.068439960479736,7.24875020980835,154128107.0
2024-06-07,6.657766819000244,7.278182029724121,6.168392181396484,7.142000198364258,363773564.0
2024-06-08,6.388423919677734,6.67264986038208,6.350042819976807,6.657566070556641,197471477.0
2024-06-09,6.522762775421143,6.5327558517456055,6.378783226013184,6.388192176818848,195475434.0
2024-06-10,6.507446765899658,6.568325996398926,6.369578838348389,6.523529052734375,220599250.0
2024-06-11,6.379897117614746,6.516393184661865,6.2327880859375,6.506753921508789,289201631.0
2024-06-12,6.7417168617248535,6.916798114776611,6.293917179107666,6.380321025848389,280376858.0
2024-06-13,6.360072135925293,6.741590976715088,6.34522008895874,6.741590976715088,177868866.0
2024-06-14,6.162761211395264,6.476306915283203,6.051517963409424,6.3595290184021,212559940.0
2024-06-15,6.221013069152832,6.248477935791016,6.113217830657959,6.162670135498047,108320418.0
2024-06-16,6.388068199157715,6.417224884033203,6.157321929931641,6.221358776092529,130776707.0
2024-06-17,6.073915004730225,6.408695220947266,6.005823135375977,6.387889862060547,185556256.0
2024-06-18,5.775650978088379,6.0800580978393555,5.545482158660889,6.07253885269165,349859142.0
2024-06-19,5.7942118644714355,5.985485076904297,5.73560094833374,5.774956226348877,169602545.0
2024-06-20,5.640769004821777,5.9661359786987305,5.605885028839111,5.7942118644714355,162420088.0
2024-06-21,5.611062049865723,5.727128028869629,5.556006908416748,5.640611171722412,154582654.0
2024-06-22,5.747869968414307,5.797318935394287,5.546115875244141,5.61077880859375,120663154.0
2024-06-23,5.64489221572876,5.806873798370361,5.621041774749756,5.747808933258057,101792780.0
2024-06-24,5.724685192108154,5.730959892272949,5.475926876068115,5.645191192626953,230924758.0
2024-06-25,5.842494964599609,5.963014125823975,5.709228038787842,5.724759101867676,163348129.0
2024-06-26,5.793276786804199,5.943253993988037,5.777820110321045,5.842371940612793,135278947.0
2024-06-27,6.281444072723389,6.363743782043457,5.709179878234863,5.793172836303711,260245970.0
2024-06-28,6.174601078033447,6.419427871704102,6.153142929077148,6.28070592880249,179031807.0
2024-06-29,6.07234001159668,6.285306930541992,6.061954021453857,6.174863815307617,94858682.0
2024-06-30,6.208572864532471,6.244703769683838,6.026980876922607,6.071980953216553,110717916.0
2024-07-01,6.330221176147461,6.434625148773193,6.192640781402588,6.208346843719482,179707677.0
2024-07-02,6.5148210525512695,6.590686798095703,6.322027206420898,6.330423831939697,248756210.0
2024-07-03,6.069333076477051,6.530625820159912,5.998508930206299,6.5149030685424805,269805022.0
2024-07-04,5.559063911437988,6.122413158416748,5.5563812255859375,6.069485187530518,381566518.0
2024-07-05,5.665740966796875,5.902950763702393,4.987698078155518,5.556714057922363,604311813.0
2024-07-06,6.241476058959961,6.30422306060791,5.644064903259277,5.668899059295654,346223277.0
2024-07-07,5.9062628746032715,6.298780918121338,5.889053821563721,6.241156101226807,202810887.0
2024-07-08,5.9447550773620605,6.276504993438721,5.725104808807373,5.907637119293213,257760504.0
2024-07-09,6.11407995223999,6.173305988311768,5.859729766845703,5.943953037261963,202718308.0
2024-07-10,6.098880767822266,6.252007961273193,6.063803195953369,6.114542007446289,167142776.0
2024-07-11,5.904892921447754,6.237524032592773,5.902581214904785,6.098538875579834,141984692.0
2024-07-12,6.099207878112793,6.099207878112793,5.810904026031494,5.904808044433594,142923900.0
2024-07-13,6.2440080642700195,6.299224853515625,6.081786155700684,6.099343776702881,116024543.0
2024-07-14,6.328077793121338,6.348679065704346,6.169004917144775,6.242612838745117,146384445.0
2024-07-15,6.498557090759277,6.535531044006348,6.304654121398926,6.32836389541626,236126117.0
2024-07-16,6.3442230224609375,6.506251811981201,6.1496901512146,6.496417045593262,227737448.0
2024-07-17,6.259860992431641,6.527832984924316,6.257976055145264,6.343821048736572,184124455.0
2024-07-18,6.093573093414307,6.396080017089844,6.045522212982178,6.258707046508789,183527904.0
2024-07-19,6.346135139465332,6.349836826324463,6.016585826873779,6.093509197235107,168630679.0
2024-07-20,6.337130069732666,6.396584987640381,6.2358927726745605,6.346166133880615,115131117.0
2024-07-21,6.419742107391357,6.438455104827881,6.12521505355835,6.3371357917785645,142963618.0
2024-07-22,6.107129096984863,6.472462177276611,6.0917792320251465,6.419787883758545,364398964.0
2024-07-23,5.918869972229004,6.158688068389893,5.82026481628418,6.107129096984863,168141654.0
2024-07-24,5.748384952545166,5.994307041168213,5.6867828369140625,5.918715953826904,132448835.0
2024-07-25,5.75399923324585,5.773934841156006,5.553193092346191,5.748384952545166,167003222.0
2024-07-26,5.870021820068359,5.885100841522217,5.73380708694458,5.75399923324585,130011270.0
2024-07-27,5.83108377456665,5.938118934631348,5.741860866546631,5.870051860809326,118935693.0
2024-07-28,5.721426010131836,5.839261054992676,5.677410125732422,5.831017017364502,87551364.0
2024-07-29,5.654067039489746,5.871234893798828,5.630529880523682,5.721409797668457,136029167.0
2024-07-30,5.522171974182129,5.716568946838379,5.497265815734863,5.653850078582764,114594609.0
2024-07-31,5.3853302001953125,5.5513129234313965,5.350934982299805,5.522322177886963,145226834.0
2024-08-01,5.342948913574219,5.414649963378906,5.055552005767822,5.385548114776611,185659075.0
2024-08-02,5.122200012207031,5.358197212219238,5.016777992248535,5.342948913574219,165653318.0
2024-08-03,5.043665885925293,5.200541019439697,4.867706775665283,5.122200012207031,151195181.0
2024-08-04,4.683842182159424,5.088066101074219,4.557233810424805,5.043663024902344,183256632.0
2024-08-05,4.208274841308594,4.710947036743164,3.647516965866089,4.683787822723389,641150348.0
2024-08-06,4.506931781768799,4.601323127746582,4.204352855682373,4.208274841308594,208498863.0
2024-08-07,4.570662975311279,4.635366916656494,4.417646884918213,4.506961822509766,195816767.0
2024-08-08,4.88088321685791,4.8931050300598145,4.500192165374756,4.571073055267334,181242434.0
2024-08-09,4.787671089172363,4.915779113769531,4.741820812225342,4.88088321685791,122327254.0
2024-08-10,4.756072044372559,4.826968193054199,4.7313008308410645,4.787671089172363,70894457.0
2024-08-11,4.496322154998779,4.822975158691406,4.480997085571289,4.756113052368164,89636164.0
2024-08-12,4.587265968322754,4.678394794464111,4.460031986236572,4.496322154998779,117539002.0
2024-08-13,4.549482822418213,4.60799503326416,4.406084060668945,4.587265968322754,106974688.0
2024-08-14,4.386328220367432,4.551281929016113,4.354831218719482,4.549482822418213,107348501.0
2024-08-15,4.282610893249512,4.4771928787231445,4.2351179122924805,4.386328220367432,113713948.0
2024-08-16,4.295183181762695,4.384130001068115,4.225119113922119,4.282610893249512,101658042.0
2024-08-17,4.364744186401367,4.381405830383301,4.281960964202881,4.295183181762695,57227471.0
2024-08-18,4.391077041625977,4.512112140655518,4.354150772094727,4.364744186401367,92972953.0
2024-08-19,4.483818054199219,4.499666213989258,4.354802131652832,4.391077041625977,103081435.0
2024-08-20,4.53368616104126,4.601950168609619,4.462907791137695,4.483818054199219,98177193.0
2024-08-21,4.6698150634765625,4.7467827796936035,4.507748126983643,4.523086071014404,110665822.0
2024-08-22,4.693690776824951,4.711424827575684,4.60994815826416,4.6698150634765625,114452997.0
2024-08-23,4.898672103881836,4.949835777282715,4.689216136932373,4.693690776824951,138077995.0
2024-08-24,4.986936092376709,5.097871780395508,4.853682994842529,4.898702144622803,125289778.0
2024-08-25,4.824508190155029,4.988411903381348,4.7615838050842285,4.986936092376709,120675968.0
2024-08-26,4.562509059906006,4.861638069152832,4.538105010986328,4.824508190155029,115544759.0
2024-08-27,4.380867004394531,4.653777122497559,4.264977931976318,4.562482833862305,138385247.0
2024-08-28,4.258794784545898,4.443668842315674,4.182110786437988,4.380867004394531,132944785.0
2024-08-29,4.250732898712158,4.400683879852295,4.1864471435546875,4.25878381729126,95517992.0
2024-08-30,4.2784857749938965,4.332068920135498,4.11636209487915,4.250732898712158,99822021.0
2024-08-31,4.25848388671875,4.315579891204834,4.227060794830322,4.278487205505371,52421111.0
2024-09-01,4.073627948760986,4.258711814880371,4.047452926635742,4.25848388671875,92291455.0
2024-09-02,4.208609104156494,4.227211952209473,4.0617852210998535,4.073614120483398,98721986.0
2024-09-03,4.062910079956055,4.279738903045654,4.0628662109375,4.208609104156494,106086436.0
2024-09-04,4.109951972961426,4.192819118499756,3.9111149311065674,4.062910079956055,148690104.0
2024-09-05,4.016057968139648,4.123764991760254,3.980285882949829,4.110412120819092,80593906.0
2024-09-06,3.9594709873199463,4.091670036315918,3.838773012161255,4.016057968139648,128523727.0
2024-09-07,4.076632976531982,4.1313347816467285,3.9391870498657227,3.9594709873199463,72200009.0
2024-09-08,4.1641058921813965,4.2014851570129395,4.0629119873046875,4.076632976531982,69211726.0
2024-09-09,4.285942077636719,4.3282060623168945,4.115846157073975,4.1641740798950195,96199112.0
2024-09-10,4.256246089935303,4.286902904510498,4.2028021812438965,4.285942077636719,76475859.0
2024-09-11,4.191651821136475,4.256381988525391,4.067048072814941,4.256246089935303,104250706.0
2024-09-12,4.292720794677734,4.297976970672607,4.191226005554199,4.191514015197754,87501819.0
2024-09-13,4.425520896911621,4.469523906707764,4.279193878173828,4.292720794677734,108819117.0
2024-09-14,4.439149856567383,4.442901134490967,4.354160785675049,4.425520896911621,72242882.0
2024-09-15,4.40186882019043,4.552270889282227,4.378057956695557,4.439149856567383,94593170.0
2024-09-16,4.198472023010254,4.402130126953125,4.152810096740723,4.40186882019043,105436892.0
2024-09-17,4.1564249992370605,4.281866073608398,4.141442775726318,4.198469161987305,113298700.0
2024-09-18,4.169034957885742,4.173799991607666,3.9827499389648438,4.1564249992370605,143736318.0
2024-09-19,4.255255222320557,4.349271774291992,4.169034957885742,4.169034957885742,152750587.0
2024-09-20,4.337357997894287,4.400172233581543,4.195855140686035,4.255270004272461,138092209.0
2024-09-21,4.4660258293151855,4.474554061889648,4.29099178314209,4.337357997894287,92182639.0
2024-09-22,4.314034938812256,4.471959114074707,4.244255065917969,4.4660258293151855,95020812.0
2024-09-23,4.455470085144043,4.457672119140625,4.2550201416015625,4.314150810241699,129488645.0
2024-09-24,4.640799045562744,4.676723003387451,4.405288219451904,4.455470085144043,166402679.0
2024-09-25,4.635497093200684,4.764047145843506,4.600622177124023,4.640812873840332,158784444.0
2024-09-26,4.8162841796875,4.871750831604004,4.5750322341918945,4.635497093200684,167873396.0
2024-09-27,4.892055034637451,4.959981918334961,4.813892841339111,4.8162841796875,159241377.0
2024-09-28,4.805895805358887,4.9268059730529785,4.758756160736084,4.892066955566406,117362803.0
2024-09-29,4.768427848815918,4.851449012756348,4.694986820220947,4.8058929443359375,116622382.0
2024-09-30,4.43708610534668,4.768427848815918,4.412438869476318,4.768427848815918,174515107.0
2024-10-01,4.1590070724487305,4.556908130645752,4.089645862579346,4.43708610534668,285793267.0
2024-10-02,4.1038079261779785,4.265391826629639,4.017632961273193,4.1590070724487305,187345315.0
2024-10-03,4.1271071434021,4.167281150817871,4.000950813293457,4.1038079261779785,187929672.0
2024-10-04,4.19361686706543,4.209506034851074,4.111705780029297,4.1271071434021,136319044.0
2024-10-05,4.137217044830322,4.22816801071167,4.0817389488220215,4.19361686706543,91568603.0
2024-10-06,4.188560962677002,4.193426132202148,4.106607913970947,4.137217044830322,83174499.0
2024-10-07,4.135059833526611,4.2682390213012695,4.135059833526611,4.188560962677002,151415535.0
2024-10-08,4.09792423248291,4.180113792419434,4.073520183563232,4.135059833526611,136614966.0
2024-10-09,4.0237321853637695,4.144097805023193,3.960855007171631,4.097940921783447,132527915.0
2024-10-10,4.066133975982666,4.068947792053223,3.9656450748443604,4.023701190948486,134888627.0
2024-10-11,4.167765140533447,4.192625999450684,4.05278205871582,4.066133975982666,116589153.0
2024-10-12,4.207736015319824,4.25800895690918,4.155821800231934,4.167765140533447,108316314.0
2024-10-13,4.157303810119629,4.2120680809021,4.091302871704102,4.207736015319824,105235244.0
2024-10-14,4.373050212860107,4.393191814422607,4.137793064117432,4.157303810119629,144748060.0
2024-10-15,4.403149127960205,4.522443771362305,4.30419921875,4.3730387687683105,194272421.0
2024-10-16,4.316714763641357,4.405463218688965,4.294114112854004,4.403149127960205,117023413.0
2024-10-17,4.188973903656006,4.3447699546813965,4.15331506729126,4.316714763641357,105605045.0
2024-10-18,4.306358814239502,4.306595802307129,4.175714015960693,4.189016819000244,98028201.0
2024-10-19,4.43390417098999,4.475691795349121,4.3062849044799805,4.3063178062438965,105923539.0
2024-10-20,4.571722984313965,4.585089206695557,4.361738204956055,4.433901786804199,116461746.0
2024-10-21,4.377028942108154,4.607481002807617,4.337555885314941,4.571731090545654,133806727.0
2024-10-22,4.321435928344727,4.427627086639404,4.283112049102783,4.377028942108154,117279362.0
2024-10-23,4.194595813751221,4.323945999145508,4.113789081573486,4.321436882019043,117950740.0
2024-10-24,4.2046799659729,4.253075122833252,4.144590854644775,4.208096981048584,102930671.0
2024-10-25,3.9875540733337402,4.212436199188232,3.878434896469116,4.2046799659729,175175937.0
2024-10-26,4.029809951782227,4.054423809051514,3.94438099861145,3.9874839782714844,109688224.0
2024-10-27,4.124960899353027,4.126934051513672,4.0068159103393555,4.029809951782227,82672865.0
2024-10-28,4.130046844482422,4.2171630859375,4.011054039001465,4.124960899353027,145099368.0
2024-10-29,4.189741134643555,4.242685794830322,4.122018814086914,4.130046844482422,162106563.0
2024-10-30,4.191606044769287,4.213045120239258,4.122191905975342,4.189741134643555,126490852.0
2024-10-31,3.956449031829834,4.209660053253174,3.9067230224609375,4.191606044769287,155197828.0
2024-11-01,3.906809091567993,3.989569902420044,3.8591349124908447,3.956450939178467,142144666.0
2024-11-02,3.901505947113037,3.94193696975708,3.832479953765869,3.906809091567993,88224793.0
2024-11-03,3.7885890007019043,3.9258029460906982,3.673923969268799,3.901505947113037,157820157.0
2024-11-04,3.7471671104431152,3.83040189743042,3.6845738887786865,3.7885890007019043,112550409.0
2024-11-05,3.857814073562622,3.911849021911621,3.7471799850463867,3.7471799850463867,118786223.0
2024-11-06,4.11768913269043,4.127407073974609,3.857461929321289,3.857814073562622,301386360.0
2024-11-07,4.163136959075928,4.195718765258789,4.053821086883545,4.11768913269043,203636243.0
2024-11-08,4.3314127922058105,4.384537220001221,4.124578952789307,4.163139820098877,316263436.0
2024-11-09,4.632638931274414,4.634102821350098,4.269525051116943,4.3314008712768555,228370247.0
2024-11-10,5.252132892608643,5.466256141662598,4.5908708572387695,4.632638931274414,1024286321.0
2024-11-11,5.710699081420898,5.758357048034668,4.990261077880859,5.252132892608643,790196066.0
2024-11-12,5.334292888641357,5.830973148345947,5.135797023773193,5.710699081420898,976518885.0
2024-11-13,5.0765581130981445,5.421718120574951,4.940690994262695,5.333869934082031,705801156.0
2024-11-14,4.768950939178467,5.210712909698486,4.709554195404053,5.0765581130981445,473465083.0
2024-11-15,5.140809059143066,5.169055938720703,4.716891765594482,4.768950939178467,429347535.0
2024-11-16,5.7608561515808105,5.787892818450928,5.143639087677002,5.149099826812744,659267040.0
2024-11-17,5.41603422164917,6.125935077667236,5.322024822235107,5.762208938598633,698713110.0
2024-11-18,6.00641393661499,6.095530033111572,5.409971237182617,5.41603422164917,670940436.0
2024-11-19,5.805377006530762,6.034246921539307,5.67975378036499,6.00641393661499,407677228.0
2024-11-20,5.716891765594482,6.0716729164123535,5.551713943481445,5.805377006530762,580714093.0
2024-11-21,5.937807083129883,5.955491065979004,5.4909539222717285,5.716896057128906,567055125.0
2024-11-22,6.662622928619385,6.676760196685791,5.890710830688477,5.93800687789917,942446028.0
2024-11-23,8.50830078125,9.387110710144043,6.615413188934326,6.662622928619385,3276644224.0
2024-11-24,8.8135347366333,10.287908554077148,8.17457389831543,8.50830078125,3405320353.0
2024-11-25,8.24442195892334,9.338971138000488,8.128591537475586,8.81363296508789,1278225222.0
2024-11-26,8.07812786102295,8.453028678894043,7.583653926849365,8.24442195892334,984978319.0
2024-11-27,8.464702606201172,8.567083358764648,7.867549896240234,8.078103065490723,829929419.0
2024-11-28,8.621152877807617,8.719005584716797,8.01606559753418,8.464715003967285,673383472.0
2024-11-29,9.038749694824219,9.048937797546387,8.451301574707031,8.621170997619629,823758070.0
2024-11-30,8.967267990112305,9.199931144714355,8.618816375732422,9.03831672668457,921189074.0
2024-12-01,9.307755470275879,9.377215385437012,8.718488693237305,8.96717643737793,791968765.0
2024-12-02,9.986504554748535,10.176344871520996,8.477810859680176,9.30880355834961,1740978849.0
2024-12-03,9.829697608947754,10.331896781921387,9.255152702331543,9.986783027648926,1796116462.0
2024-12-04,10.528636932373047,11.60030746459961,9.712268829345703,9.829697608947754,2522338803.0
2024-12-05,10.524624824523926,11.209031105041504,9.934617042541504,10.528653144836426,1683790657.0
2024-12-06,10.705370903015137,10.875263214111328,10.041525840759277,10.393248558044434,1099610157.0
2024-12-07,10.629205703735352,10.913064956665039,10.33354663848877,10.704195022583008,777967117.0
2024-12-08,10.412901878356934,10.801326751708984,10.220648765563965,10.738398551940918,647567269.0
2024-12-09,8.513443946838379,10.420669555664062,7.878520965576172,10.420669555664062,1499721447.0
2024-12-10,8.396628379821777,8.703577995300293,7.610950946807861,8.513406753540039,1230641205.0
2024-12-11,9.006820678710938,9.2571439743042,8.056782722473145,8.396639823913574,887182489.0
2024-12-12,9.064152717590332,9.647730827331543,8.928762435913086,9.006811141967773,954962376.0
2024-12-13,9.09039306640625,9.221778869628906,8.805413246154785,9.064179420471191,627788025.0
2024-12-14,8.551411628723145,9.197182655334473,8.364982604980469,9.09039306640625,543775536.0
2024-12-15,9.029330253601074,9.223221778869629,8.379759788513184,8.551411628723145,638430486.0
2024-12-16,8.751370429992676,9.174510955810547,8.613651275634766,9.02885627746582,630039846.0
2024-12-17,8.476944923400879,8.954907417297363,8.391226768493652,8.751370429992676,540709622.0
2024-12-18,7.6892218589782715,8.5382080078125,7.685387134552002,8.477280616760254,709483921.0
2024-12-19,6.9653239250183105,7.776832103729248,6.799716949462891,7.689308166503906,978016274.0
2024-12-20,7.293115139007568,7.3462300300598145,6.072368144989014,6.96536111831665,924291708.0
2024-12-21,6.970913887023926,7.7894182205200195,6.845085144042969,7.293115139007568,556917437.0
2024-12-22,6.830101013183594,7.2533721923828125,6.695582866668701,6.970914840698242,380242082.0
2024-12-23,7.3676838874816895,7.540092945098877,6.664820194244385,6.830270767211914,478366374.0
2024-12-24,7.5558271408081055,7.618183135986328,7.161909103393555,7.367669105529785,392313973.0
2024-12-25,7.492839813232422,7.660735130310059,7.362005233764648,7.5558390617370605,293342421.0
2024-12-26,6.928015232086182,7.572203159332275,6.88495397567749,7.492839813232422,311602625.0
2024-12-27,6.8976030349731445,7.271920204162598,6.821508884429932,6.927761077880859,307254090.0
2024-12-28,7.104069232940674,7.152982234954834,6.795557022094727,6.897633075714111,219926523.0
2024-12-29,6.862186908721924,7.1317620277404785,6.807802200317383,7.103998184204102,205139312.0
2024-12-30,6.6966681480407715,7.085008144378662,6.548233985900879,6.862185001373291,331498848.0
2024-12-31,6.634932041168213,6.89803409576416,6.566824913024902,6.696602821350098,211894654.0
2025-01-01,7.028347015380859,7.114743232727051,6.519655227661133,6.634947776794434,231933496.0
2025-01-02,7.168960094451904,7.342212200164795,7.028051853179932,7.028343200683594,288205887.0
2025-01-03,7.74745512008667,7.966928005218506,7.136919021606445,7.168881893157959,492168497.0
2025-01-04,7.68438196182251,7.865242004394531,7.62491512298584,7.74741792678833,282573463.0
2025-01-05,7.679114818572998,7.718759059906006,7.474041938781738,7.684340953826904,233645715.0
2025-01-06,7.76667594909668,7.981669902801514,7.551534175872803,7.679114818572998,376165033.0
2025-01-07,7.015230178833008,7.877315998077393,7.014815807342529,7.766932010650635,512248161.0
2025-01-08,6.761236190795898,7.124827861785889,6.4567718505859375,7.015194892883301,488975074.0
2025-01-09,6.557372093200684,6.828740119934082,6.471333026885986,6.761380195617676,333718501.0
2025-01-10,6.736066818237305,6.800893783569336,6.509853839874268,6.557353973388672,315163497.0
2025-01-11,6.73646879196167,6.868025779724121,6.593245029449463,6.7360358238220215,167199506.0
2025-01-12,6.628734111785889,6.805016040802002,6.5489420890808105,6.736443042755127,147948026.0
2025-01-13,6.396489143371582,6.792050838470459,6.041914939880371,6.628666877746582,387765090.0
2025-01-14,6.664538860321045,6.682316780090332,6.3740410804748535,6.396625995635986,213602044.0
2025-01-15,7.164988040924072,7.18480920791626,6.563243865966797,6.664535999298096,498691508.0
2025-01-16,7.1502227783203125,7.371554851531982,6.866825103759766,7.165280818939209,403292323.0
2025-01-17,7.512493133544922,7.591952800750732,7.149649143218994,7.150208950042725,353928552.0
2025-01-18,7.043352127075195,7.580073833465576,6.852603912353516,7.512386798858643,357923556.0
2025-01-19,6.232108116149902,7.221158027648926,6.1414642333984375,7.0431060791015625,617631749.0
2025-01-20,6.374917984008789,6.869900226593018,6.069569110870361,6.2316060066223145,759638337.0
2025-01-21,6.627902030944824,6.83955717086792,6.162096977233887,6.3748250007629395,337199062.0
2025-01-22,6.440516948699951,6.686152935028076,6.426140785217285,6.627902030944824,199490157.0
2025-01-23,6.354040145874023,6.4908061027526855,6.212457180023193,6.439992904663086,251938168.0
2025-01-24,6.315302848815918,6.527091026306152,6.21025276184082,6.354040145874023,194127903.0
2025-01-25,6.322443008422852,6.401471138000488,6.253273963928223,6.315333843231201,141149093.0
2025-01-26,6.184237957000732,6.462948799133301,6.183279037475586,6.322443008422852,155157041.0
2025-01-27,5.943115234375,6.203790187835693,5.519750118255615,6.184235095977783,421359851.0
2025-01-28,5.655594825744629,6.028219223022461,5.606818199157715,5.9433112144470215,194297100.0
2025-01-29,5.7635297775268555,5.869219779968262,5.5590667724609375,5.655611038208008,216166779.0
2025-01-30,6.126862049102783,6.24724006652832,5.733512878417969,5.7637128829956055,198393555.0
2025-01-31,6.318368911743164,6.487727165222168,6.035582065582275,6.126813888549805,314381911.0
2025-02-01,5.921681880950928,6.476463794708252,5.867547035217285,6.318353176116943,247497057.0
2025-02-02,5.148262023925781,6.034733772277832,4.941940784454346,5.9216108322143555,513053386.0
2025-02-03,5.185870170593262,5.275869846343994,4.010571002960205,5.148315906524658,1137490117.0
2025-02-04,4.750216007232666,5.227540016174316,4.591136932373047,5.185870170593262,445306523.0
2025-02-05,4.692637920379639,4.855924129486084,4.64512300491333,4.750216007232666,205438832.0
2025-02-06,4.492766857147217,4.831255912780762,4.465463161468506,4.692564964294434,194634715.0
2025-02-07,4.590202808380127,4.934070110321045,4.468080043792725,4.49277400970459,312014325.0
2025-02-08,4.7452287673950195,4.760420799255371,4.509909152984619,4.590192794799805,163493250.0
2025-02-09,4.77225923538208,4.870952129364014,4.520455837249756,4.744631767272949,210431570.0
2025-02-10,4.841084003448486,4.908328056335449,4.6173810958862305,4.77225923538208,204227048.0
2025-02-11,4.808444023132324,5.203351974487305,4.761879920959473,4.841084003448486,266391361.0
2025-02-12,5.228726863861084,5.321436882019043,4.7839789390563965,4.808451175689697,410877108.0
2025-02-13,5.1322340965271,5.271078109741211,5.075535774230957,5.228713035583496,213266580.0
2025-02-14,5.187249183654785,5.3660430908203125,5.108065128326416,5.1322340965271,215723868.0
2025-02-15,5.023991107940674,5.216403007507324,4.9865570068359375,5.187249183654785,146405481.0
2025-02-16,4.880805969238281,5.037980079650879,4.836386203765869,5.024003982543945,129697267.0
2025-02-17,4.888372898101807,5.063983917236328,4.805593013763428,4.880771160125732,190334706.0
2025-02-18,4.758245944976807,4.912479877471924,4.574808120727539,4.888358116149902,232676332.0
2025-02-19,4.882347106933594,4.89955997467041,4.708448886871338,4.7583088874816895,163800095.0
2025-02-20,5.047636032104492,5.066722869873047,4.8819708824157715,4.882347106933594,205098723.0
2025-02-21,5.05633020401001,5.332779884338379,4.958871841430664,5.047634124755859,324488845.0
2025-02-22,5.044673919677734,5.205317974090576,5.0298590660095215,5.05633020401001,205003103.0
2025-02-23,4.959229946136475,5.1215081214904785,4.909000873565674,5.044644832611084,138020156.0
2025-02-24,4.413650989532471,4.975611209869385,4.4036688804626465,4.9589948654174805,268518335.0
2025-02-25,4.633916854858398,4.740054130554199,4.1767802238464355,4.413650989532471,443038772.0
2025-02-26,4.740311145782471,4.915520191192627,4.591565132141113,4.633890151977539,303761713.0
2025-02-27,4.926065921783447,5.170651912689209,4.717429161071777,4.740311145782471,339203641.0
2025-02-28,4.712969779968262,4.927924156188965,4.459143161773682,4.926065921783447,383459549.0
2025-03-01,4.662499904632568,4.810215950012207,4.533425807952881,4.713008880615234,173379363.0
2025-03-02,5.196681976318359,5.208687782287598,4.581133842468262,4.66249418258667,349301392.0
2025-03-03,4.473834991455078,5.237656116485596,4.445067882537842,5.196682929992676,343429623.0
2025-03-04,4.328348159790039,4.506259918212891,4.037293910980225,4.473936080932617,349907358.0
2025-03-05,4.529809951782227,4.542202949523926,4.282945156097412,4.328310012817383,193403415.0
2025-03-06,4.434199810028076,4.657467842102051,4.354115009307861,4.529837131500244,192264678.0
2025-03-07,4.403337001800537,4.663315773010254,4.232250213623047,4.434199810028076,284517067.0
2025-03-08,4.289371013641357,4.43834114074707,4.270266056060791,4.403339862823486,138076719.0
2025-03-09,4.016472816467285,4.345590114593506,3.9948620796203613,4.289371967315674,209350800.0
2025-03-10,3.880053997039795,4.274082183837891,3.794934034347534,4.016432762145996,264507937.0
2025-03-11,4.037774085998535,4.118596076965332,3.6901888847351074,3.880265951156616,277027335.0
2025-03-12,3.973094940185547,4.083128929138184,3.8637681007385254,4.037774085998535,207945794.0
2025-03-13,3.980884075164795,4.093749046325684,3.8339409828186035,3.973094940185547,192155069.0
2025-03-14,4.180880069732666,4.226062774658203,3.977632999420166,3.9808430671691895,219506459.0
2025-03-15,4.352015018463135,4.421785831451416,4.180665969848633,4.180834770202637,160948642.0
2025-03-16,4.305270195007324,4.354262828826904,4.193236827850342,4.351573944091797,162587697.0
2025-03-17,4.375901222229004,4.460416793823242,4.301013946533203,4.305266857147217,184807112.0
2025-03-18,4.454755783081055,4.479540824890137,4.239490032196045,4.375886917114258,170292364.0
2025-03-19,4.5421528816223145,4.584366798400879,4.44202995300293,4.454755783081055,234896808.0
2025-03-20,4.396971225738525,4.557958126068115,4.330316066741943,4.542098045349121,161051268.0
2025-03-21,4.493344783782959,4.578708171844482,4.3844099044799805,4.396932125091553,196554833.0
2025-03-22,4.444769859313965,4.539848804473877,4.420246124267578,4.493351936340332,127988352.0
2025-03-23,4.495940208435059,4.509232997894287,4.404338836669922,4.444769859313965,133977749.0
2025-03-24,4.616262912750244,4.769000053405762,4.474890232086182,4.495940208435059,203250294.0
2025-03-25,4.639867782592773,4.714719772338867,4.591874122619629,4.616265773773193,142380354.0
2025-03-26,4.693815231323242,4.7635498046875,4.601158142089844,4.639976978302002,193795237.0
2025-03-27,4.628855228424072,4.755866050720215,4.506442070007324,4.693815231323242,181647553.0
2025-03-28,4.279852867126465,4.640932083129883,4.2505669593811035,4.628841876983643,201467516.0
2025-03-29,4.052915096282959,4.296564102172852,4.007613182067871,4.279850959777832,141037037.0
2025-03-30,4.0395050048828125,4.166622161865234,3.9967501163482666,4.052786827087402,117738042.0
2025-03-31,4.022634983062744,4.08921480178833,3.9546189308166504,4.039504051208496,151445156.0
2025-04-01,4.1754021644592285,4.274867057800293,4.018369197845459,4.022633075714111,149732002.0
2025-04-02,3.9694559574127197,4.228366851806641,3.9239919185638428,4.1754021644592285,252690552.0
2025-04-03,4.051623821258545,4.100612163543701,3.8594069480895996,3.969435930252075,185239064.0
2025-04-04,4.032867908477783,4.126009941101074,3.9563710689544678,4.051633834838867,168775413.0
2025-04-05,3.956533908843994,4.0638508796691895,3.8988029956817627,4.032867908477783,101144547.0
2025-04-06,3.677018880844116,3.9704151153564453,3.616641044616699,3.9563820362091064,178792671.0
2025-04-07,3.5914759635925293,3.7054600715637207,3.309644937515259,3.677018880844116,415741805.0
2025-04-08,3.371997117996216,3.698667049407959,3.3439130783081055,3.5914900302886963,183788658.0
2025-04-09,3.639357089996338,3.748565912246704,3.257528066635132,3.371997117996216,307869528.0
2025-04-10,3.4621849060058594,3.6418190002441406,3.4035139083862305,3.639375925064087,213146891.0
2025-04-11,3.5592501163482666,3.5926899909973145,3.4521610736846924,3.4621849060058594,150718490.0
2025-04-12,3.7127699851989746,3.7516419887542725,3.5274240970611572,3.5592501163482666,123941445.0
2025-04-13,3.665757894515991,3.809804916381836,3.621476888656616,3.712770938873291,169916266.0
2025-04-14,3.6716148853302,3.7919540405273438,3.6419548988342285,3.665776014328003,153288010.0
2025-04-15,3.523082971572876,3.7313120365142822,3.518605947494507,3.6716148853302,136635150.0
2025-04-16,3.5573348999023438,3.6149730682373047,3.4875569343566895,3.523082971572876,134742804.0
2025-04-17,3.6304900646209717,3.694089889526367,3.5424139499664307,3.557352066040039,121723874.0
2025-04-18,3.67856502532959,3.738039016723633,3.6163389682769775,3.6305480003356934,83911006.0
2025-04-19,3.8793280124664307,3.8891050815582275,3.6492300033569336,3.6784090995788574,103399796.0
2025-04-20,3.8790690898895264,3.9443750381469727,3.7958850860595703,3.8795149326324463,127865979.0
2025-04-21,3.785083055496216,3.9717350006103516,3.7741539478302,3.8790690898895264,135960196.0
2025-04-22,4.017457962036133,4.032319068908691,3.695091962814331,3.785064935684204,211950458.0
2025-04-23,4.093155860900879,4.191796779632568,4.0069708824157715,4.017428874969482,234460359.0
2025-04-24,4.26455020904541,4.284289836883545,3.936491012573242,4.093171119689941,204354619.0
2025-04-25,4.255543231964111,4.369482040405273,4.230021953582764,4.264616966247559,204320518.0
2025-04-26,4.267284870147705,4.354250907897949,4.215753078460693,4.255618095397949,141439179.0
2025-04-27,4.095620155334473,4.285973072052002,4.069188117980957,4.267244815826416,166642412.0
2025-04-28,4.238255977630615,4.26550817489624,4.019762992858887,4.095712184906006,186662324.0
2025-04-29,4.146282196044922,4.324203968048096,4.107154846191406,4.238243103027344,137272809.0
2025-04-30,4.068164825439453,4.171250820159912,4.041238784790039,4.146282196044922,143326262.0
2025-05-01,4.176702976226807,4.222681045532227,4.06753396987915,4.068169116973877,131901670.0
2025-05-02,4.163290977478027,4.281560897827148,4.131536960601807,4.1767377853393555,122376082.0
2025-05-03,4.033395767211914,4.1706390380859375,4.025578022003174,4.1632890701293945,91527901.0
2025-05-04,3.920790910720825,4.049499034881592,3.9057741165161133,4.033353805541992,136558495.0
2025-05-05,3.9187569618225098,4.015308856964111,3.8903191089630127,3.920945882797241,132399727.0
2025-05-06,3.9675021171569824,3.9731099605560303,3.8311429023742676,3.9187569618225098,138431043.0
2025-05-07,3.9670701026916504,4.00459098815918,3.88559889793396,3.9674880504608154,114986637.0
2025-05-08,4.441946029663086,4.4846038818359375,3.9670770168304443,3.96708607673645,294174684.0
2025-05-09,4.792686939239502,4.853381156921387,4.437596797943115,4.443027019500732,385565650.0
2025-05-10,5.311709880828857,5.312051773071289,4.792699813842773,4.792699813842773,431310444.0
2025-05-11,5.0924458503723145,5.351193904876709,4.961215972900391,5.3117828369140625,315974202.0
2025-05-12,5.072290897369385,5.3662109375,4.928921222686768,5.09251594543457,366177384.0
2025-05-13,5.201260089874268,5.268420219421387,4.837019920349121,5.072290897369385,285729406.0
2025-05-14,4.985311985015869,5.257902145385742,4.9550981521606445,5.201260089874268,246472486.0
2025-05-15,4.768424987792969,5.019043922424316,4.691592216491699,4.985298156738281,288768171.0
2025-05-16,4.754538059234619,4.946407794952393,4.726859092712402,4.768418788909912,193560066.0
2025-05-17,4.610406875610352,4.761284828186035,4.562997817993164,4.754512786865234,171955589.0
2025-05-18,4.804838180541992,4.917015075683594,4.547843933105469,4.610443115234375,199139782.0
2025-05-19,4.596532821655273,4.808948040008545,4.420077800750732,4.804838180541992,229348803.0
2025-05-20,4.675634860992432,4.725056171417236,4.526021957397461,4.596546173095703,186585691.0
2025-05-21,4.744808197021484,4.868981838226318,4.628596782684326,4.675609111785889,268392873.0
2025-05-22,4.946420192718506,4.971556186676025,4.7413458824157715,4.744823932647705,233591006.0
2025-05-23,4.554623126983643,5.1143879890441895,4.542837142944336,4.946420192718506,369140174.0
2025-05-24,4.547797203063965,4.631708145141602,4.517449855804443,4.554869174957275,153380008.0
2025-05-25,4.525113105773926,4.559806823730469,4.363696098327637,4.547797203063965,178319052.0
2025-05-26,4.46865177154541,4.6127848625183105,4.4346442222595215,4.525117874145508,179248901.0
2025-05-27,4.5374369621276855,4.613452911376953,4.383840084075928,4.4686689376831055,184485978.0
2025-05-28,4.5749831199646,4.658393859863281,4.422947883605957,4.537511825561523,194435295.0
2025-05-29,4.34134578704834,4.6768951416015625,4.341073036193848,4.575018882751465,214789670.0
2025-05-30,4.048573970794678,4.353537082672119,4.036497116088867,4.341247081756592,310465863.0
2025-05-31,4.081821918487549,4.1186017990112305,3.9125280380249023,4.048605918884277,200872762.0
2025-06-01,4.064271926879883,4.096866130828857,3.9858999252319336,4.081748962402344,126721689.0
2025-06-02,4.145421981811523,4.165862083435059,3.9595439434051514,4.064271926879883,159635335.0
2025-06-03,4.141016006469727,4.219786167144775,4.115155220031738,4.145698070526123,171359663.0
2025-06-04,4.0176100730896,4.2119269371032715,3.9942150115966797,4.140982151031494,179838859.0
2025-06-05,3.8261899948120117,4.073861122131348,3.7548110485076904,4.0176100730896,233117439.0
2025-06-06,3.8906478881835938,3.9886279106140137,3.8192451000213623,3.8261919021606445,157282081.0
2025-06-07,4.028441905975342,4.05794095993042,3.8764901161193848,3.8906819820404053,105780334.0
2025-06-08,4.024810791015625,4.112636089324951,3.989717960357666,4.028639793395996,121303803.0
2025-06-09,4.157787799835205,4.159237861633301,3.9694418907165527,4.024846076965332,197241492.0
2025-06-10,4.286640167236328,4.310053825378418,4.100607872009277,4.157327175140381,310685691.0
2025-06-11,4.192241191864014,4.336733818054199,4.153278827667236,4.286640167236328,287917607.0
2025-06-12,3.9283010959625244,4.198781967163086,3.914241075515747,4.192241191864014,257821735.0
2025-06-13,3.8416519165039062,3.9283010959625244,3.6838219165802,3.9283010959625244,333986742.0
2025-06-14,3.785244941711426,3.8417530059814453,3.723587989807129,3.841676950454712,124560905.0
2025-06-15,3.8218910694122314,3.83113694190979,3.7400639057159424,3.785240888595581,88702203.0
2025-06-16,3.8513100147247314,3.990787982940674,3.793549060821533,3.8218910694122314,161081451.0
2025-06-17,3.7247750759124756,3.893665075302124,3.6697299480438232,3.8513100147247314,185799317.0
2025-06-18,3.6224279403686523,3.783478021621704,3.579425096511841,3.7247750759124756,202038124.0
2025-06-19,3.54790997505188,3.653939962387085,3.501534938812256,3.622400999069214,198808274.0
2025-06-20,3.4376869201660156,3.573946952819824,3.3407630920410156,3.5479159355163574,245999059.0
2025-06-21,3.319669008255005,3.5051119327545166,3.253796100616455,3.4376869201660156,179498676.0
2025-06-22,3.1523730754852295,3.3603169918060303,3.0240108966827393,3.319941997528076,307653165.0
2025-06-23,3.4198780059814453,3.4200050830841064,3.1248779296875,3.1523609161376953,274002105.0
2025-06-24,3.437391996383667,3.5186450481414795,3.391442060470581,3.4198780059814453,176742980.0
2025-06-25,3.356421947479248,3.455833911895752,3.3468739986419678,3.437391996383667,147942057.0
2025-06-26,3.2972519397735596,3.427622079849243,3.2774739265441895,3.356421947479248,152964255.0
2025-06-27,3.3604369163513184,3.3850998878479004,3.288796901702881,3.2972500324249268,153035450.0
2025-06-28,3.4042139053344727,3.4241769313812256,3.333559989929199,3.3604180812835693,85286542.0
2025-06-29,3.547437906265259,3.576914072036743,3.3817598819732666,3.404370069503784,121875869.0
2025-06-30,3.399553060531616,3.5543360710144043,3.3571949005126953,3.547437906265259,166440298.0
2025-07-01,3.283790111541748,3.416351079940796,3.2630980014801025,3.399553060531616,150937550.0
2025-07-02,3.542109966278076,3.618757963180542,3.2495269775390625,3.2838170528411865,269381005.0
2025-07-03,3.5397400856018066,3.6611340045928955,3.5063509941101074,3.542109966278076,234862400.0
2025-07-04,3.3577089309692383,3.5578598976135254,3.322087049484253,3.5397400856018066,216355237.0
2025-07-05,3.355695962905884,3.3887810707092285,3.3127620220184326,3.3577089309692383,103137885.0
2025-07-06,3.3957769870758057,3.438524007797241,3.3313450813293457,3.355695962905884,150417427.0
2025-07-07,3.369813919067383,3.433419942855835,3.3308451175689697,3.3957769870758057,135115213.0
2025-07-08,3.4486050605773926,3.467672109603882,3.3294079303741455,3.369813919067383,165560188.0
2025-07-09,3.6188080310821533,3.655885934829712,3.4189939498901367,3.4486050605773926,243714698.0
2025-07-10,3.8834149837493896,3.8857779502868652,3.5927300453186035,3.6188080310821533,329879593.0
2025-07-11,3.917196035385132,4.102505207061768,3.820207118988037,3.8834149837493896,492739010.0
2025-07-12,3.8889429569244385,4.041780948638916,3.8097500801086426,3.917196035385132,285897509.0
2025-07-13,3.98730206489563,4.05760383605957,3.8803300857543945,3.8889429569244385,229590572.0
2025-07-14,3.950788974761963,4.187922954559326,3.913240909576416,3.98730206489563,367974701.0
2025-07-15,4.078707218170166,4.093292236328125,3.8114430904388428,3.950788974761963,343961652.0
2025-07-16,4.1577677726745605,4.263058185577393,4.0160908699035645,4.078707218170166,400881906.0
2025-07-17,4.266907215118408,4.295923233032227,4.079722881317139,4.1577677726745605,473135547.0
2025-07-18,4.229214191436768,4.608788967132568,4.157649993896484,4.266907215118408,681469261.0
2025-07-19,4.415104866027832,4.446663856506348,4.144276142120361,4.22915506362915,285627546.0
2025-07-20,4.4912872314453125,4.582372188568115,4.3554911613464355,4.415034770965576,424712664.0
2025-07-21,4.503505229949951,4.670223236083984,4.406247138977051,4.4912872314453125,502774678.0
2025-07-22,4.547214984893799,4.547214984893799,4.286787033081055,4.503517150878906,560492839.0
2025-07-23,4.115471839904785,4.550323009490967,4.011944770812988,4.547214984893799,537550921.0
2025-07-24,4.000131130218506,4.199174880981445,3.9114201068878174,4.115420818328857,514375236.0
2025-07-25,4.088868141174316,4.097097873687744,3.88517689704895,4.000131130218506,370438950.0
2025-07-26,4.124812126159668,4.192951202392578,4.075061798095703,4.088812828063965,197121411.0
2025-07-27,4.239684104919434,4.247478008270264,4.119171142578125,4.124798774719238,201448520.0
2025-07-28,3.948425054550171,4.306766986846924,3.940851926803589,4.239709854125977,335013712.0
2025-07-29,3.9029300212860107,4.077889919281006,3.827219009399414,3.948482036590576,328652637.0
2025-07-30,3.8067150115966797,3.9144630432128906,3.6577820777893066,3.9029300212860107,354611051.0
2025-07-31,3.6885859966278076,3.917509078979492,3.674182891845703,3.8067150115966797,282314212.0
2025-08-01,3.5524909496307373,3.7199618816375732,3.4755361080169678,3.688472032546997,429041410.0
2025-08-02,3.506546974182129,3.626297950744629,3.4354779720306396,3.5524909496307373,270871924.0
2025-08-03,3.6039528846740723,3.619088888168335,3.4753100872039795,3.5065979957580566,181461269.0
2025-08-04,3.7199230194091797,3.7533180713653564,3.6014440059661865,3.6039600372314453,227879151.0
2025-08-05,3.618730068206787,3.720853090286255,3.54612398147583,3.7199339866638184,223102014.0
2025-08-06,3.673978090286255,3.695204973220825,3.5563619136810303,3.6187520027160645,188762333.0
2025-08-07,3.863389015197754,3.8647658824920654,3.6473770141601562,3.673978090286255,281688383.0
2025-08-08,3.9782629013061523,3.9960238933563232,3.8218250274658203,3.8633859157562256,417196312.0
2025-08-09,4.139029026031494,4.159371852874756,3.974759101867676,3.9782509803771973,293774813.0
2025-08-10,4.063408851623535,4.1743340492248535,3.978416919708252,4.139004230499268,293149311.0
2025-08-11,3.8637399673461914,4.153816223144531,3.8249928951263428,4.063408851623535,359887062.0
2025-08-12,4.148653984069824,4.224984169006348,3.843271017074585,3.8637399673461914,521556324.0
2025-08-13,4.281787872314453,4.310699939727783,4.101747035980225,4.148653984069824,542637432.0
2025-08-14,3.988956928253174,4.363553047180176,3.9134140014648438,4.281787872314453,592821432.0
2025-08-15,3.891083002090454,4.0989179611206055,3.829047918319702,3.9889678955078125,414246269.0
2025-08-16,3.9670538902282715,3.9953980445861816,3.891083002090454,3.891083002090454,175378331.0
2025-08-17,4.056697845458984,4.1889448165893555,3.9318490028381348,3.9670369625091553,279321276.0
2025-08-18,3.9148130416870117,4.060318946838379,3.8419759273529053,4.0566911697387695,377172985.0
2025-08-19,3.715419054031372,3.9590420722961426,3.714900016784668,3.9148669242858887,324226089.0
2025-08-20,3.880340099334717,3.9026520252227783,3.704371929168701,3.715419054031372,295603920.0
2025-08-21,3.7936270236968994,3.9106979370117188,3.7754409313201904,3.880340099334717,186024612.0
2025-08-22,4.175912857055664,4.195868015289307,3.6962080001831055,3.7936320304870605,509083926.0
2025-08-23,4.226393222808838,4.2422308921813965,4.0313801765441895,4.176280975341797,342847888.0
2025-08-24,4.109203815460205,4.277969837188721,4.015392780303955,4.226469993591309,418509833.0
2025-08-25,3.7359769344329834,4.140028953552246,3.705754041671753,4.109255790710449,499629332.0
2025-08-26,3.8882479667663574,3.9224729537963867,3.7196810245513916,3.7359530925750732,293071443.0
2025-08-27,3.8341710567474365,3.9274020195007324,3.831610918045044,3.8882479667663574,276129371.0
2025-08-28,3.9804909229278564,4.017605781555176,3.8130691051483154,3.8342130184173584,388250634.0
2025-08-29,3.7769110202789307,3.9908840656280518,3.7285969257354736,3.980407953262329,462384074.0
2025-08-30,3.8101580142974854,3.821460008621216,3.721658945083618,3.7767679691314697,194359990.0
2025-08-31,3.74202299118042,3.8695199489593506,3.7382729053497314,3.8102469444274902,234742138.0
2025-09-01,3.689126968383789,3.880920886993408,3.6230380535125732,3.74202299118042,374576026.0
2025-09-02,3.8170011043548584,3.820535898208618,3.6817829608917236,3.6891520023345947,258689520.0
2025-09-03,3.8643898963928223,3.8998730182647705,3.794403076171875,3.816988945007324,202485380.0
2025-09-04,3.7666831016540527,3.8741559982299805,3.7357029914855957,3.8643898963928223,192000270.0
2025-09-05,3.82886004447937,3.89090895652771,3.7596309185028076,3.7666571140289307,257901755.0
2025-09-06,3.8251469135284424,3.8824400901794434,3.791843891143799,3.82886004447937,148034765.0
2025-09-07,3.9948670864105225,4.077169895172119,3.8248250484466553,3.8251469135284424,355080566.0
2025-09-08,4.045086860656738,4.073800086975098,3.9862709045410156,3.9948549270629883,360862281.0
2025-09-09,4.139011859893799,4.176276206970215,4.011549949645996,4.045086860656738,419415341.0
2025-09-10,4.21365213394165,4.223106861114502,4.058006763458252,4.138999938964844,354551304.0
2025-09-11,4.241763114929199,4.255407810211182,4.148754119873047,4.2136101722717285,292488930.0
2025-09-12,4.320271968841553,4.3216681480407715,4.163090229034424,4.241775035858154,299400992.0
2025-09-13,4.500833034515381,4.6162261962890625,4.310919761657715,4.320271968841553,501095005.0
2025-09-14,4.322048187255859,4.500790119171143,4.289690971374512,4.500789165496826,283184602.0
2025-09-15,4.152833938598633,4.400432109832764,4.114698886871338,4.321849822998047,339037089.0
2025-09-16,4.255425930023193,4.292720794677734,4.125566005706787,4.152833938598633,324439363.0
2025-09-17,4.400455951690674,4.428213119506836,4.146777153015137,4.255476951599121,348631477.0
2025-09-18,4.53749418258667,4.593057155609131,4.381008148193359,4.400506019592285,449678874.0
2025-09-19,4.358479976654053,4.874237060546875,4.331878185272217,4.537506103515625,687456875.0
2025-09-20,4.3580708503723145,4.45630407333374,4.303096771240234,4.3584818840026855,294729423.0
2025-09-21,4.271018981933594,4.386442184448242,4.247257232666016,4.3580708503723145,226005248.0
2025-09-22,4.036866188049316,4.276430130004883,3.9382009506225586,4.271018981933594,502093098.0
2025-09-23,3.9731099605560303,4.058322906494141,3.946686029434204,4.036866188049316,257229934.0
2025-09-24,3.9947450160980225,4.108613014221191,3.913738965988159,3.9731099605560303,283160677.0
2025-09-25,3.8005480766296387,4.004283905029297,3.7886040210723877,3.9947450160980225,406371843.0
2025-09-26,3.9277079105377197,3.96954607963562,3.7853469848632812,3.8005480766296387,261337827.0
2025-09-27,3.8925979137420654,3.9277210235595703,3.8568220138549805,3.9277079105377197,151876104.0
2025-09-28,3.996964931488037,4.014097213745117,3.7990779876708984,3.8925979137420654,197272471.0
2025-09-29,3.983712911605835,4.020794868469238,3.871954917907715,3.9970009326934814,274838183.0
2025-09-30,3.907707929611206,3.9894371032714844,3.814802885055542,3.98370099067688,206562308.0
2025-10-01,4.121088027954102,4.121581077575684,3.8891611099243164,3.907707929611206,280950394.0
2025-10-02,4.3088788986206055,4.3373589515686035,4.104229927062988,4.121100902557373,367515728.0
2025-10-03,4.320178031921387,4.377396106719971,4.188098907470703,4.3088788986206055,327374794.0
2025-10-04,4.201498985290527,4.32674503326416,4.1426591873168945,4.320165157318115,226165346.0
2025-10-05,4.135800838470459,4.365485191345215,4.092994213104248,4.20144510269165,292655150.0
2025-10-06,4.387514114379883,4.414820194244385,4.118031024932861,4.135798931121826,378617545.0
2025-10-07,4.146091938018799,4.427138805389404,4.120973110198975,4.387709140777588,370128509.0
2025-10-08,4.197646141052246,4.238286972045898,4.080702781677246,4.14611291885376,291087856.0
2025-10-09,4.075096130371094,4.197659969329834,3.9746859073638916,4.197646141052246,305329649.0
2025-10-10,2.962415933609009,4.285317897796631,1.4103939533233643,4.075088977813721,1139341579.0
2025-10-11,3.000314950942993,3.314361095428467,2.9004509449005127,2.962415933609009,864188141.0
2025-10-12,3.2469899654388428,3.3040459156036377,2.9237799644470215,3.000277042388916,427368745.0
2025-10-13,3.3771069049835205,3.4411211013793945,3.205383062362671,3.2470901012420654,477219506.0
2025-10-14,3.2507400512695312,3.3937759399414062,3.0885820388793945,3.3771069049835205,435483489.0
2025-10-15,3.138685941696167,3.3360660076141357,3.1105470657348633,3.250765085220337,307547964.0
2025-10-16,3.015078067779541,3.2005999088287354,2.9800150394439697,3.138685941696167,372522780.0
2025-10-17,2.8918559551239014,3.0540850162506104,2.7845969200134277,3.0151150226593018,397906017.0
2025-10-18,2.9324910640716553,2.964359998703003,2.8918559551239014,2.8918559551239014,146148632.0
2025-10-19,3.0078349113464355,3.056874990463257,2.888869047164917,2.9324910640716553,205544790.0
2025-10-20,3.087536096572876,3.1266798973083496,2.9527060985565186,3.007848024368286,240039585.0
2025-10-21,3.0065131187438965,3.1882340908050537,2.9557321071624756,3.0880050659179688,291727812.0
2025-10-22,2.9219770431518555,3.028286933898926,2.8565618991851807,3.0066521167755127,261170195.0
2025-10-23,3.003082036972046,3.034053087234497,2.9155449867248535,2.9219770431518555,189733289.0
2025-10-24,3.078372001647949,3.1016550064086914,2.996103048324585,3.003067970275879,195912168.0
2025-10-25,3.092258930206299,3.1035799980163574,3.0323030948638916,3.078372001647949,114041408.0
2025-10-26,3.196014881134033,3.2201249599456787,3.060062885284424,3.092258930206299,168511027.0
2025-10-27,3.1401870250701904,3.2432448863983154,3.1236019134521484,3.1959919929504395,214612699.0
2025-10-28,3.053065061569214,3.190061092376709,3.008435010910034,3.1401870250701904,717773716.0
2025-10-29,3.0796608924865723,3.1728010177612305,3.0387260913848877,3.0529279708862305,302356286.0
2025-10-30,2.873090982437134,3.1156809329986572,2.790792942047119,3.0797300338745117,338490725.0
2025-10-31,2.882333993911743,2.92215895652771,2.838711977005005,2.873051881790161,205051611.0
2025-11-01,2.9667699337005615,2.9667699337005615,2.868199110031128,2.8823189735412598,155492059.0
2025-11-02,2.987847089767456,3.0107059478759766,2.8832170963287354,2.9667699337005615,168517501.0
2025-11-03,2.5833070278167725,2.9891629219055176,2.5250189304351807,2.987804889678955,359353589.0
2025-11-04,2.5136098861694336,2.6583340167999268,2.355437994003296,2.5832600593566895,381431655.0
2025-11-05,2.6720540523529053,2.675671100616455,2.3982489109039307,2.513598918914795,243753165.0
2025-11-06,2.6639440059661865,2.6736509799957275,2.5454978942871094,2.6720430850982666,267608836.0
2025-11-07,3.2420198917388916,3.331070899963379,2.66382098197937,2.6639440059661865,773850024.0
2025-11-08,3.2495250701904297,3.5225250720977783,3.090938091278076,3.242069959640503,652290082.0
2025-11-09,3.2328670024871826,3.302485942840576,3.0437939167022705,3.2498860359191895,405201899.0
2025-11-10,3.260983943939209,3.3049368858337402,3.131890058517456,3.2328670024871826,389675190.0
2025-11-11,3.0523529052734375,3.3655500411987305,3.0486979484558105,3.260996103286743,336791668.0
2025-11-12,2.9233651161193848,3.1437430381774902,2.8808999061584473,3.0523180961608887,274400389.0
2025-11-13,2.861380100250244,3.039310932159424,2.7699599266052246,2.923388957977295,297813266.0
2025-11-14,2.8097660541534424,2.9123029708862305,2.770862102508545,2.8614230155944824,327570450.0
2025-11-15,2.831317901611328,2.9457969665527344,2.8097660541534424,2.8097660541534424,181931855.0
2025-11-16,2.7873780727386475,2.8927249908447266,2.7042601108551025,2.831268072128296,210707779.0
2025-11-17,2.6619250774383545,2.842276096343994,2.6318230628967285,2.7873239517211914,258099004.0
2025-11-18,2.7538230419158936,2.796741008758545,2.630242109298706,2.661937952041626,238270949.0
2025-11-19,2.68806791305542,2.7633979320526123,2.572930097579956,2.7538230419158936,211966433.0
2025-11-20,2.539591073989868,2.802243947982788,2.513089895248413,2.6879971027374268,257210266.0
2025-11-21,2.3453900814056396,2.585705041885376,2.282442092895508,2.5395660400390625,315312918.0
2025-11-22,2.309506893157959,2.353961944580078,2.263585090637207,2.3453779220581055,153603995.0
2025-11-23,2.2557220458984375,2.361644983291626,2.254889965057373,2.309506893157959,147343524.0
2025-11-24,2.3393540382385254,2.393855094909668,2.244986057281494,2.2557339668273926,201874598.0
2025-11-25,2.294471025466919,2.345741033554077,2.1854329109191895,2.33935809135437,189254262.0
2025-11-26,2.3444418907165527,2.3683650493621826,2.243720054626465,2.2944579124450684,155874654.0
2025-11-27,2.337851047515869,2.3870370388031006,2.311160087585449,2.3444418907165527,133816506.0
2025-11-28,2.2849929332733154,2.3672399520874023,2.267896890640259,2.3378660678863525,155255001.0
2025-11-29,2.2603209018707275,2.2981510162353516,2.234407901763916,2.2849929332733154,93285705.0
2025-11-30,2.2185781002044678,2.2910170555114746,2.2185781002044678,2.2603209018707275,87401395.0
2025-12-01,2.042915105819702,2.2185781002044678,1.9700260162353516,2.2185781002044678,285257152.0
2025-12-02,2.247905969619751,2.2798140048980713,2.0346720218658447,2.042915105819702,217334497.0
2025-12-03,2.366935968399048,2.3951311111450195,2.2478580474853516,2.2478880882263184,203676190.0
2025-12-04,2.2741360664367676,2.3687660694122314,2.250988006591797,2.3668580055236816,174834951.0
2025-12-05,2.1272780895233154,2.3058950901031494,2.091114044189453,2.2741360664367676,170542244.0
2025-12-06,2.1290860176086426,2.162471055984497,2.0904829502105713,2.1272780895233154,111020018.0
2025-12-07,2.0915310382843018,2.154299020767212,2.0550920963287354,2.1290860176086426,155758808.0
2025-12-08,2.1314139366149902,2.1728830337524414,2.0875110626220703,2.0915639400482178,186904585.0
2025-12-09,2.291780948638916,2.382498025894165,2.092374086380005,2.1314139366149902,250719147.0
2025-12-10,2.1941299438476562,2.3126819133758545,2.190717935562134,2.291780948638916,201717000.0
2025-12-11,2.067172050476074,2.19406795501709,2.0142099857330322,2.19406795501709,263162943.0
2025-12-12,2.0130269527435303,2.092672109603882,1.9527310132980347,2.0671839714050293,196583935.0
2025-12-13,2.0396690368652344,2.0537140369415283,2.0105230808258057,2.013040065765381,96666885.0
2025-12-14,1.9549089670181274,2.044888973236084,1.944303035736084,2.0396690368652344,145101774.0
2025-12-15,1.9018629789352417,2.0071609020233154,1.8409650325775146,1.954807996749878,196243639.0
2025-12-16,1.898476004600525,1.9361449480056763,1.8746229410171509,1.9018629789352417,152826283.0
2025-12-17,1.811722993850708,1.947922945022583,1.7954410314559937,1.898476004600525,201751708.0
2025-12-18,1.7585159540176392,1.881917953491211,1.7250150442123413,1.8117480278015137,213586750.0
2025-12-19,1.8489179611206055,1.8745390176773071,1.741461992263794,1.7585159540176392,208177671.0
2025-12-20,1.8327770233154297,1.865828037261963,1.8276790380477905,1.8489179611206055,90010238.0
2025-12-21,1.799973964691162,1.8481149673461914,1.753983974456787,1.8327770233154297,120673201.0
2025-12-22,1.78267502784729,1.8466880321502686,1.7580729722976685,1.799973964691162,179263339.0
2025-12-23,1.7635560035705566,1.7973790168762207,1.731742024421692,1.78267502784729,133582010.0
2025-12-24,1.736646056175232,1.7714929580688477,1.7152220010757446,1.7635589838027954,109252136.0
2025-12-25,1.6823999881744385,1.7505069971084595,1.6798230409622192,1.736646056175232,108947071.0
2025-12-26,1.7221879959106445,1.7488130331039429,1.6568050384521484,1.6824209690093994,153401795.0
2025-12-27,1.9138540029525757,1.9143879413604736,1.7221510410308838,1.7221879959106445,197988446.0
2025-12-28,1.848762035369873,1.9140700101852417,1.830085039138794,1.9139139652252197,121317276.0
2025-12-29,1.8222349882125854,1.8999489545822144,1.8201069831848145,1.848749041557312,162962402.0
2025-12-30,1.810837984085083,1.842371940612793,1.7946799993515015,1.8222349882125854,129480706.0
2025-12-31,1.7891989946365356,1.8386260271072388,1.7652829885482788,1.8108500242233276,122637575.0
2026-01-01,1.996027946472168,2.0170350074768066,1.764219045639038,1.7891860008239746,223301764.0
2026-01-02,2.1611979007720947,2.161371946334839,1.968369960784912,1.996014952659607,262707293.0
2026-01-03,2.1250391006469727,2.213409900665283,2.1112968921661377,2.1611649990081787,182431908.0
2026-01-04,2.139849901199341,2.177495002746582,2.1201679706573486,2.1250391006469727,141622365.0
2026-01-05,2.2084009647369385,2.2303290367126465,2.097357988357544,2.1398520469665527,229622369.0
2026-01-06,2.2341198921203613,2.2567079067230225,2.1185929775238037,2.208383083343506,238295109.0
2026-01-07,2.143120050430298,2.240257978439331,2.1224420070648193,2.2340950965881348,163737516.0
2026-01-08,2.1099050045013428,2.153027057647705,2.088948965072632,2.143120050430298,143541675.0
2026-01-09,2.0802130699157715,2.1340630054473877,2.052845001220703,2.1099278926849365,136192247.0
2026-01-10,2.090096950531006,2.126497983932495,2.0692501068115234,2.08022403717041,71589713.0
2026-01-11,2.0661659240722656,2.1204710006713867,2.040721893310547,2.090082883834839,80170064.0
2026-01-12,2.0523300170898438,2.146857976913452,2.0302600860595703,2.0661680698394775,135923962.0
2026-01-13,2.2817161083221436,2.336014986038208,2.0514469146728516,2.0523300170898438,299518636.0
2026-01-14,2.2260570526123047,2.294274091720581,2.2007970809936523,2.2817161083221436,198000996.0
2026-01-15,2.1170480251312256,2.23484206199646,2.101315975189209,2.2260570526123047,161571685.0
2026-01-16,2.119088888168335,2.1512420177459717,2.0594680309295654,2.1170480251312256,149996540.0
2026-01-17,2.177090883255005,2.230257987976074,2.1143150329589844,2.119088888168335,152161073.0
2026-01-18,2.067770004272461,2.1992568969726562,2.067379951477051,2.177090883255005,127421786.0
2026-01-19,2.028562068939209,2.067863941192627,1.9277000427246094,2.067758083343506,236277771.0
2026-01-20,1.8968919515609741,2.047636032104492,1.8953100442886353,2.0285730361938477,173871868.0
2026-01-21,1.949450969696045,1.9945210218429565,1.8783869743347168,1.8968919515609741,149771175.0
2026-01-22,1.924347996711731,1.9779419898986816,1.9063910245895386,1.949450969696045,94532990.0
2026-01-23,1.9242219924926758,1.977705955505371,1.9015430212020874,1.924347996711731,109695890.0
2026-01-24,1.9266730546951294,1.935276985168457,1.8996950387954712,1.9242219924926758,62929346.0
2026-01-25,1.821653962135315,1.9348609447479248,1.786105990409851,1.9266730546951294,129875776.0
2026-01-26,1.8743879795074463,1.8921350240707397,1.8187390565872192,1.8216749429702759,117541454.0
2026-01-27,1.8749890327453613,1.8912830352783203,1.8276599645614624,1.8743879795074463,100986918.0
2026-01-28,1.867864966392517,1.891294002532959,1.8321199417114258,1.8750020265579224,131902635.0
2026-01-29,1.7326500415802002,1.869621992111206,1.6977930068969727,1.8678480386734009,159989970.0
2026-01-30,1.6865910291671753,1.7426209449768066,1.654899001121521,1.7326630353927612,190156803.0
2026-01-31,1.5440330505371094,1.6872919797897339,1.4586050510406494,1.6865910291671753,273108145.0
2026-02-01,1.496878981590271,1.5571659803390503,1.469161033630371,1.5440330505371094,161114052.0
2026-02-02,1.542801022529602,1.5720709562301636,1.4539740085601807,1.496824026107788,179626770.0
2026-02-03,1.492959976196289,1.558053970336914,1.4335360527038574,1.5428520441055298,227670507.0
2026-02-04,1.4607069492340088,1.5291670560836792,1.426928997039795,1.493054986000061,177137371.0
2026-02-05,1.2440760135650635,1.470404028892517,1.2420220375061035,1.4607069492340088,309295306.0
2026-02-06,1.3667919635772705,1.4037710428237915,1.1303210258483887,1.244088053703308,305933199.0
2026-02-07,1.3722529411315918,1.389070987701416,1.3196330070495605,1.3667960166931152,164204110.0
2026-02-08,1.3371039628982544,1.3725210428237915,1.3286030292510986,1.3722529411315918,92616355.0
2026-02-09,1.3186039924621582,1.3477400541305542,1.2790759801864624,1.3370850086212158,114029629.0
2026-02-10,1.2822790145874023,1.3251659870147705,1.266271948814392,1.3186039924621582,93146689.0
2026-02-11,1.2546149492263794,1.293550968170166,1.228732943534851,1.2822790145874023,125069142.0
2026-02-12,1.2815330028533936,1.3014039993286133,1.251481056213379,1.2546149492263794,101435313.0
2026-02-13,1.3293770551681519,1.338183045387268,1.2523460388183594,1.2815200090408325,95982477.0
2026-02-14,1.4210809469223022,1.4364290237426758,1.3293780088424683,1.3293780088424683,100800556.0
2026-02-15,1.3567869663238525,1.436684012413025,1.3322869539260864,1.4210610389709473,118816058.0
2026-02-16,1.3755500316619873,1.3854169845581055,1.3362319469451904,1.356788992881775,95204030.0
2026-02-17,1.3464939594268799,1.3785040378570557,1.3414570093154907,1.3755630254745483,92642485.0
2026-02-18,1.3108880519866943,1.3697060346603394,1.3019139766693115,1.3464939594268799,92182307.0
2026-02-19,1.2860859632492065,1.319471001625061,1.2652109861373901,1.3108899593353271,91162449.0
2026-02-20,1.3413519859313965,1.361585021018982,1.2766209840774536,1.2860859632492065,127195093.0
2026-02-21,1.358886957168579,1.3947540521621704,1.3290170431137085,1.3413530588150024,88537108.0
2026-02-22,1.3123029470443726,1.3644880056381226,1.304697036743164,1.358886957168579,74065701.0
2026-02-23,1.2642070055007935,1.312311053276062,1.2437059879302979,1.312311053276062,143106129.0
2026-02-24,1.2396880388259888,1.2781130075454712,1.2305409908294678,1.2642120122909546,126832827.0
2026-02-25,1.6564899682998657,1.7457070350646973,1.2373470067977905,1.2396880388259888,677570670.0
2026-02-26,1.6055690050125122,1.6902810335159302,1.5245039463043213,1.6564929485321045,516306491.0
2026-02-27,1.5994930267333984,1.6747679710388184,1.5509190559387207,1.60555899143219,339449295.0
2026-02-28,1.6706390380859375,1.6728930473327637,1.4611200094223022,1.5994900465011597,344188188.0
2026-03-01,1.537121057510376,1.6751830577850342,1.5069630146026611,1.6706390380859375,238437416.0
2026-03-02,1.509255051612854,1.5944329500198364,1.5009709596633911,1.537121057510376,268198748.0
2026-03-03,1.5302129983901978,1.5524699687957764,1.478590965270996,1.5091689825057983,191181419.0
2026-03-04,1.5421899557113647,1.5715429782867432,1.5111390352249146,1.5302129983901978,215234509.0
2026-03-05,1.5302679538726807,1.5517419576644897,1.4859650135040283,1.5421899557113647,160885285.0
2026-03-06,1.487705945968628,1.5462110042572021,1.4570280313491821,1.5302729606628418,140652556.0
2026-03-07,1.4464149475097656,1.5157289505004883,1.4332319498062134,1.487705945968628,120567117.0
2026-03-08,1.451653003692627,1.4805099964141846,1.4274139404296875,1.446416974067688,132967722.0
2026-03-09,1.4922740459442139,1.5282089710235596,1.4515899419784546,1.451653003692627,163467272.0
2026-03-10,1.4861780405044556,1.5395469665527344,1.4803210496902466,1.4923030138015747,152918169.0
2026-03-11,1.5219180583953857,1.5513620376586914,1.476181983947754,1.4861780405044556,129160568.0
2026-03-12,1.5165899991989136,1.5259439945220947,1.4867019653320312,1.5219180583953857,99813791.0
2026-03-13,1.464547038078308,1.545775055885315,1.4494880437850952,1.5165899991989136,164733899.0
2026-03-14,1.414059042930603,1.4645839929580688,1.40658700466156,1.464547038078308,104441998.0
2026-03-15,1.439507007598877,1.4439419507980347,1.4001870155334473,1.414059042930603,120608241.0
2026-03-16,1.6413739919662476,1.6519060134887695,1.433292031288147,1.4395109415054321,418835366.0
2026-03-17,1.6210410594940186,1.6414649486541748,1.5850729942321777,1.6413739919662476,239277399.0
2026-03-18,1.5756490230560303,1.6499769687652588,1.5426900386810303,1.6210370063781738,243865168.0
2026-03-19,1.5245039463043213,1.5771280527114868,1.4997470378875732,1.5757249593734741,200499277.0
2026-03-20,1.4998860359191895,1.5508760213851929,1.497926950454712,1.5244790315628052,162961325.0
2026-03-21,1.4641669988632202,1.51447594165802,1.4633170366287231,1.4998879432678223,118768705.0
2026-03-22,1.4115079641342163,1.4804279804229736,1.3951770067214966,1.464290976524353,130045581.0
2026-03-23,1.4198030233383179,1.4863760471343994,1.4046460390090942,1.4115079641342163,207380669.0
2026-03-24,1.4003620147705078,1.426334023475647,1.3627909421920776,1.4198169708251953,209541525.0
2026-03-25,1.3612769842147827,1.4091429710388184,1.3483790159225464,1.4003499746322632,215377826.0
2026-03-26,1.3228590488433838,1.3670730590820312,1.3012839555740356,1.3612769842147827,211245674.0
2026-03-27,1.290624976158142,1.3374990224838257,1.27155601978302,1.3228590488433838,151860410.0
2026-03-28,1.2572089433670044,1.3039000034332275,1.255066990852356,1.2905950546264648,106481161.0
2026-03-29,1.2580100297927856,1.2739859819412231,1.2332309484481812,1.2572089433670044,80043575.0
2026-03-30,1.2423030138015747,1.282979965209961,1.2333120107650757,1.2580100297927856,115228956.0
2026-03-31,1.2516200542449951,1.273597002029419,1.2265700101852417,1.2423030138015747,128141776.0
2026-04-01,1.255020022392273,1.2993810176849365,1.2484159469604492,1.2516200542449951,119966855.0
2026-04-02,1.2363569736480713,1.2680989503860474,1.2052479982376099,1.255020022392273,116348448.0
2026-04-03,1.2373789548873901,1.2596800327301025,1.2312860488891602,1.2363569736480713,72075491.0
2026-04-04,1.2517399787902832,1.2632310390472412,1.2342950105667114,1.2373789548873901,70464351.0
2026-04-05,1.2430139780044556,1.253108024597168,1.2166930437088013,1.2517399787902832,105616221.0
2026-04-06,1.2425119876861572,1.3137810230255127,1.2373319864273071,1.2430280447006226,105427778.0
2026-04-07,1.3175729513168335,1.326498031616211,1.2079310417175293,1.2424739599227905,177652859.0
2026-04-08,1.2689659595489502,1.3341209888458252,1.2675219774246216,1.3175339698791504,155632692.0
2026-04-09,1.2997419834136963,1.3461560010910034,1.2384940385818481,1.2689659595489502,153984506.0
2026-04-10,1.305346965789795,1.3217179775238037,1.2847830057144165,1.2998290061950684,122569605.0
2026-04-11,1.2874699831008911,1.3136450052261353,1.2678790092468262,1.3053760528564453,123374379.0
2026-04-12,1.2232530117034912,1.287585973739624,1.2182830572128296,1.2874699831008911,142752259.0
2026-04-13,1.2305430173873901,1.2398439645767212,1.1508369445800781,1.2232660055160522,371993632.0
2026-04-14,1.1652259826660156,1.2305649518966675,1.1509079933166504,1.2305209636688232,279649599.0
2026-04-15,1.1805880069732666,1.1950279474258423,1.1484620571136475,1.1652129888534546,225935009.0
2026-04-16,1.3309979438781738,1.3503220081329346,1.1728880405426025,1.1805880069732666,425110559.0
2026-04-17,1.3362669944763184,1.3540940284729004,1.2871390581130981,1.330957055091858,272153182.0
2026-04-18,1.273911952972412,1.339110016822815,1.2718650102615356,1.336258053779602,193970597.0
2026-04-19,1.2403279542922974,1.288432002067566,1.237650990486145,1.273911952972412,187491048.0
2026-04-20,1.2806999683380127,1.2931920289993286,1.239137053489685,1.2403279542922974,177552704.0
2026-04-21,1.2798010110855103,1.2914299964904785,1.258923053741455,1.2807060480117798,150907673.0
2026-04-22,1.2712949514389038,1.3250479698181152,1.2709519863128662,1.279790997505188,153917546.0
2026-04-23,1.2413779497146606,1.2755869626998901,1.218284010887146,1.2713079452514648,130853349.0
2026-04-24,1.253991961479187,1.2666800022125244,1.2299070358276367,1.2413779497146606,124810363.0
2026-04-25,1.2465640306472778,1.273669958114624,1.238716959953308,1.253978967666626,103119277.0
2026-04-26,1.2622979879379272,1.2733019590377808,1.2382160425186157,1.2465640306472778,109497345.0
2026-04-27,1.2341959476470947,1.2729729413986206,1.2157039642333984,1.2623059749603271,132359402.0
2026-04-28,1.2291350364685059,1.2388420104980469,1.218446969985962,1.2341959476470947,121375634.0
2026-04-29,1.2112770080566406,1.2576459646224976,1.184757947921753,1.2291350364685059,142137021.0
2026-04-30,1.203423023223877,1.2239710092544556,1.1996229887008667,1.2112770080566406,112861020.0
2026-05-01,1.2027250528335571,1.2271759510040283,1.195909023284912,1.20340895652771,133839543.0
2026-05-02,1.2268630266189575,1.2385029792785645,1.1966520547866821,1.2027310132980347,106120236.0
2026-05-03,1.2101110219955444,1.2273379564285278,1.2045279741287231,1.2268630266189575,118874547.0
2026-05-04,1.2281349897384644,1.2611420154571533,1.201483964920044,1.2101110219955444,168454969.0
2026-05-05,1.2793099880218506,1.290518045425415,1.2263449430465698,1.2281349897384644,157248009.0
2026-05-06,1.3183350563049316,1.331516981124878,1.2707589864730835,1.2793099880218506,189598470.0
2026-05-07,1.3083850145339966,1.3368040323257446,1.2910250425338745,1.3183350563049316,175437638.0
2026-05-08,1.3714369535446167,1.3892070055007935,1.2950570583343506,1.3083850145339966,186113588.0
2026-05-09,1.3460769653320312,1.3909649848937988,1.3405059576034546,1.3714369535446167,130540774.0
2026-05-10,1.3823779821395874,1.415653944015503,1.3305339813232422,1.3460769653320312,183251185.0
2026-05-11,1.3629000186920166,1.3842060565948486,1.3379050493240356,1.3823779821395874,156195087.0
2026-05-12,1.3346500396728516,1.3672679662704468,1.3048059940338135,1.3628989458084106,139760825.0
2026-05-13,1.3278729915618896,1.432979941368103,1.3195569515228271,1.3346500396728516,218741944.0
2026-05-14,1.3629909753799438,1.4180330038070679,1.314378023147583,1.3278729915618896,184189644.0
2026-05-15,1.317389965057373,1.3734760284423828,1.2933659553527832,1.3629909753799438,155567098.0
2026-05-16,1.2681479454040527,1.318034052848816,1.2482659816741943,1.317389965057373,126348815.0
2026-05-17,1.2485430240631104,1.2918790578842163,1.2268630266189575,1.2681479454040527,119445491.0
2026-05-18,1.2497470378875732,1.2535909414291382,1.215796947479248,1.2486200332641602,161300100.0
2026-05-19,1.2242820262908936,1.2570780515670776,1.220885992050171,1.2497470378875732,82927148.0
2026-05-20,1.2474230527877808,1.2553520202636719,1.2197870016098022,1.2242820262908936,90563489.0
2026-05-21,1.2877559661865234,1.3058029413223267,1.2466789484024048,1.2474230527877808,135798372.0
2026-05-22,1.2573399543762207,1.3421980142593384,1.25239098072052,1.2877570390701294,176852824.0
2026-05-23,1.29169499874115,1.3332589864730835,1.2047460079193115,1.2573399543762207,165741234.0
2026-05-24,1.2446399927139282,1.2945200204849243,1.2302919626235962,1.29169499874115,100644633.0
2026-05-25,1.2612190246582031,1.2925360202789307,1.2400020360946655,1.244642972946167,106131589.0
2026-05-26,1.2484179735183716,1.3046610355377197,1.2353620529174805,1.2612080574035645,173913659.0
2026-05-27,1.2288579940795898,1.2742949724197388,1.2229779958724976,1.2484179735183716,184688273.0
2026-05-28,1.2127519845962524,1.2328519821166992,1.177135944366455,1.2288579940795898,181196760.0
2026-05-29,1.1921030282974243,1.2303669452667236,1.1802949905395508,1.2127519845962524,166538121.0
2026-05-30,1.18709397315979,1.217947006225586,1.1844420433044434,1.192088007926941,138472265.0
2026-05-31,1.1863269805908203,1.2005959749221802,1.158066987991333,1.18709397315979,132455419.0
2026-06-01,1.155519962310791,1.2032610177993774,1.1263240575790405,1.1863269805908203,209434278.0
2026-06-02,1.076833963394165,1.1585570573806763,1.0610630512237549,1.155519962310791,212584724.0
2026-06-03,1.103538990020752,1.1287529468536377,1.0597590208053589,1.076794981956482,198206870.0
2026-06-04,1.0360089540481567,1.1138319969177246,1.010817050933838,1.1035490036010742,186190228.0
2026-06-05,0.9437029957771301,1.0396610498428345,0.9123830199241638,1.0360480546951294,195568722.0
2026-06-06,0.9428079724311829,0.9606800079345703,0.8925899863243103,0.9437029957771301,125645735.0
2026-06-07,0.9706199765205383,0.9907330274581909,0.9406189918518066,0.9428079724311829,109221735.0
2026-06-08,0.973468005657196,0.9934210181236267,0.9519219994544983,0.9706329703330994,92072590.0
2026-06-09,0.9577919840812683,0.9769099950790405,0.9330189824104309,0.9734839797019958,85079930.0
2026-06-10,0.9159449934959412,0.9631540179252625,0.9038079977035522,0.9577919840812683,87391247.0
2026-06-11,0.9504430294036865,0.9704149961471558,0.9158729910850525,0.9159449934959412,90450219.0
2026-06-12,0.9563630223274231,0.9715989828109741,0.9405660033226013,0.9504380226135254,91218463.0
2026-06-13,0.9799330234527588,0.99378901720047,0.95626300573349,0.9563630223274231,86893932.0
2026-06-14,0.994521975517273,0.9947090148925781,0.9486500024795532,0.9799330234527588,74177665.0
2026-06-15,1.0103050470352173,1.0442440509796143,0.9867209792137146,0.994521975517273,130972304.0
2026-06-16,1.0117789506912231,1.0307329893112183,0.9895709753036499,1.0103050470352173,83249847.0
2026-06-17,1.0021779537200928,1.0380970239639282,0.9908180236816406,1.0117789506912231,108280874.0
2026-06-18,0.972536027431488,1.007328987121582,0.944042980670929,1.0021779537200928,90937004.0
2026-06-19,0.960578978061676,0.9799190163612366,0.9464619755744934,0.972536027431488,68455695.0
2026-06-20,0.9680969715118408,0.9735919833183289,0.9487869739532471,0.960578978061676,57684340.0
2026-06-21,0.9410660266876221,0.973052978515625,0.94063800573349,0.9680969715118408,51787942.0
2026-06-22,0.9349480271339417,0.9764429926872253,0.9311820268630981,0.9410660266876221,67922095.0
2026-06-23,0.9090719819068909,0.9368780255317688,0.8869889974594116,0.9349480271339417,78000519.0
2026-06-24,0.8864690065383911,0.9175990223884583,0.8445879817008972,0.9090719819068909,99123501.0
2026-06-25,0.8417559862136841,0.8952850103378296,0.8251339793205261,0.8864700198173523,86363897.0
2026-06-26,0.8506249785423279,0.8612329959869385,0.8055679798126221,0.8417559862136841,97308111.0
2026-06-27,0.8149200081825256,0.8587790131568909,0.8101000189781189,0.8506249785423279,55059806.0
2026-06-28,0.8095660209655762,0.8194130063056946,0.7988309860229492,0.8149200081825256,77040984.0
2026-06-29,0.8237379789352417,0.8368629813194275,0.8072080016136169,0.8095660209655762,82012164.0
2026-06-30,0.8206490278244019,0.8252159953117371,0.801472008228302,0.8237379789352417,77219836.0
2026-07-01,0.8276680111885071,0.8473119735717773,0.8125280141830444,0.8206419944763184,78254621.0
2026-07-02,0.8403499722480774,0.8640729784965515,0.8249459862709045,0.8276680111885071,87020416.0
2026-07-03,0.8806480169296265,0.8881120085716248,0.8371319770812988,0.8403519988059998,79924974.0
2026-07-04,0.8835780024528503,0.8976789712905884,0.866877019405365,0.8806620240211487,64788548.0
2026-07-05,0.8794050216674805,0.888604998588562,0.8607540130615234,0.883571982383728,56421074.0
2026-07-06,0.8845120072364807,0.8995550274848938,0.8507919907569885,0.8794050216674805,89141924.0
2026-07-07,0.8506320118904114,0.8857920169830322,0.8492720127105713,0.8845120072364807,84492789.0
2026-07-08,0.8251339793205261,0.8557860255241394,0.8157979846000671,0.8506320118904114,82417232.0
2026-07-09,0.825098991394043,0.8372859954833984,0.8214269876480103,0.8251389861106873,62633215.0
2026-07-10,0.8763960003852844,0.8908069729804993,0.821457028388977,0.825098991394043,127594176.0
2026-07-11,0.8541359901428223,0.884876012802124,0.851518988609314,0.87642502784729,62365332.0
2026-07-12,0.8442080020904541,0.8580150008201599,0.8353180289268494,0.8541430234909058,61655763.0
2026-07-13,0.8355630040168762,0.8535079956054688,0.8259990215301514,0.8442100286483765,79957130.0
2026-07-14,0.85173499584198,0.8578649759292603,0.8275949954986572,0.8355649709701538,99493955.0
2026-07-15,0.8464229702949524,0.8646690249443054,0.8396430015563965,0.8517370223999023,91158149.0
2026-07-16,0.8567669987678528,0.8706690073013306,0.8308359980583191,0.846422016620636,90490546.0
2026-07-17,0.8488960266113281,0.8669310212135315,0.8343129754066467,0.856768012046814,105592249.0
2026-07-18,0.8359609842300415,0.8512780070304871,0.8302810192108154,0.8488940000534058,55682932.0
2026-07-19,0.8182129859924316,0.8387429714202881,0.8108789920806885,0.8359619975090027,74825004.0
2026-07-20,0.8261420130729675,0.8302149772644043,0.8017870187759399,0.8182089924812317,94117979.0
2026-07-21,0.8458160161972046,0.8674319982528687,0.8247280120849609,0.8261640071868896,100287184.0
2026-07-22,0.8341910243034363,0.8555660247802734,0.830265998840332,0.8458170294761658,65617957.0
2026-07-23,0.815330982208252,0.8402810096740723,0.8073030114173889,0.8341879844665527,58540188.0
2026-07-24,0.8082870244979858,0.8184000253677368,0.7912179827690125,0.8153240084648132,68085031.0
2026-07-25,0.8138870000839233,0.822996973991394,0.8060240149497986,0.8082879781723022,40347172.0
2026-07-26,0.826026976108551,0.8300930261611938,0.8133500218391418,0.8138989806175232,46965351.0
2026-07-27,0.7573689818382263,0.8264369964599609,0.7536939978599548,0.8260310292243958,84641434.0
2026-07-28,0.7609040141105652,0.7703830003738403,0.7529789805412292,0.7573710083961487,92126673.0
2026-07-29,0.7626540064811707,0.7746649980545044,0.7532709836959839,0.760890007019043,84033410.0
2026-07-30,0.7680379748344421,0.7773529887199402,0.7604820132255554,0.7626579999923706,61575318.0
2026-07-31,0.7580519914627075,0.7728400230407715,0.7483590245246887,0.7680410146713257,74855389.0
2026-08-01,0.780547022819519,0.7822489738464355,0.7578399777412415,0.7580519914627075,64173116.0
2026-08-02,0.7977579832077026,0.799530029296875,0.7800689935684204,0.780547022819519,75659535.0
2026-08-03,0.8233569860458374,0.830748975276947,0.7879310250282288,0.797760009765625,87636378.0
2026-08-04,0.8563920259475708,0.8669919967651367,0.8205749988555908,0.8233569860458374,104049046.0
2026-08-05,0.8419029712677002,0.8668950200080872,0.839264988899231,0.8563759922981262,83632430.0
2026-08-06,0.8203529715538025,0.8454440236091614,0.8151950240135193,0.8419269919395447,67697865.0
2026-08-07,0.8177980184555054,0.8223530054092407,0.8016489744186401,0.8203499913215637,61702728.0
2026-08-08,0.8141570091247559,0.8258559703826904,0.8129119873046875,0.8178049921989441,46419137.0
2026-08-09,0.7981579899787903,0.8150449991226196,0.7979140281677246,0.8141570091247559,43478741.0
2026-08-10,0.804777979850769,0.8191519975662231,0.7975950241088867,0.7981789708137512,72531317.0
2026-08-11,0.7896479964256287,0.8108770251274109,0.7792940139770508,0.8047829866409302,58753946.0
2026-08-12,0.7733479738235474,0.7961999773979187,0.769819974899292,0.7896450161933899,45601522.0
2026-08-13,0.7720680236816406,0.7760649919509888,0.7660239934921265,0.7733619809150696,40545705.0
2026-08-14,0.76425701379776,0.7731720209121704,0.7521679997444153,0.772059977054596,46434452.0
2026-08-15,0.7594339847564697,0.7826240062713623,0.758450984954834,0.7642390131950378,45711457.0
2026-08-16,0.7579110264778137,0.7672659754753113,0.7544950246810913,0.7594349980354309,32318210.0
2026-08-17,0.7609230279922485,0.7685199975967407,0.7538250088691711,0.757906973361969,37805332.0
2026-08-18,0.750793993473053,0.7617030143737793,0.7278050184249878,0.7609239816665649,66339636.0
2026-08-19,0.7890310287475586,0.805994987487793,0.7478629946708679,0.7508019804954529,102652866.0
2026-08-20,0.8493810296058655,0.8496149778366089,0.781699001789093,0.789002001285553,117652998.0
2026-08-21,0.9387050271034241,0.9505339860916138,0.8392009735107422,0.8493880033493042,170340232.0
2026-08-22,0.9213539958000183,1.0287840366363525,0.9038140177726746,0.9387059807777405,217610437.0
2026-08-23,0.9288110136985779,0.9351459741592407,0.8790490031242371,0.9213510155677795,100171371.0
2026-08-24,0.8983179926872253,0.9288120269775391,0.8924890160560608,0.9288120269775391,106177398.0
2026-08-25,0.8519579768180847,0.9209240078926086,0.8511660099029541,0.8983240127563477,106107080.0
2026-08-26,0.8758900165557861,0.8761460185050964,0.8321130275726318,0.8519290089607239,93423035.0
2026-08-27,0.8817539811134338,0.8942800164222717,0.8650019764900208,0.8758540153503418,97915241.0
2026-08-28,0.8487899899482727,0.8927239775657654,0.8371859788894653,0.8817449808120728,98143041.0
2026-08-29,0.8458359837532043,0.8533430099487305,0.835440993309021,0.8487780094146729,53259868.0
2026-08-30,0.8173789978027344,0.8682889938354492,0.8115749955177307,0.8458380103111267,85505303.0
2026-08-31,0.8399609923362732,0.8427450060844421,0.8135510087013245,0.8173720240592957,81550598.0
2026-09-01,0.8709189891815186,0.8793799877166748,0.8395730257034302,0.8399479985237122,124745101.0
2026-09-02,0.8664289712905884,0.8921599984169006,0.8390949964523315,0.8709359765052795,112936876.0
2026-09-03,0.888001024723053,0.899940013885498,0.8580920100212097,0.8664129972457886,117338435.0
2026-09-04,0.899154007434845,0.8998240232467651,0.8450989723205566,0.888001024723053,119048738.0
2026-09-05,0.9156669974327087,0.9251850247383118,0.8857759833335876,0.899101972579956,112990612.0
2026-09-06,0.9765920042991638,0.9899290204048157,0.9153259992599487,0.9156789779663086,160558313.0
2026-09-07,1.0626059770584106,1.105468988418579,0.9590139985084534,0.9765009880065918,383536648.0
2026-09-08,1.248196005821228,1.2781950235366821,1.0490009784698486,1.0626239776611328,405342151.0
2026-09-09,1.122182011604309,1.255584955215454,1.1009889841079712,1.2481720447540283,272124527.0
2026-09-10,1.0960299968719482,1.127642035484314,1.0734490156173706,1.12220299243927,151469901.0
2026-09-11,1.0400019884109497,1.1600689888000488,1.0314769744873047,1.0959969758987427,226452190.0
2026-09-12,1.0188390016555786,1.058040976524353,1.0164439678192139,1.0400149822235107,90573782.0
2026-09-13,0.99959397315979,1.0273269414901733,0.9973790049552917,1.0188390016555786,93986099.0
2026-09-14,1.0038410425186157,1.0354089736938477,0.9988769888877869,0.9996269941329956,124927633.0
2026-09-15,0.944337010383606,1.0039030313491821,0.9406999945640564,1.0038399696350098,141269475.0
2026-09-16,1.0190730094909668,1.024688959121704,0.9379050135612488,0.9443560242652893,187065306.0
2026-09-17,1.0814930200576782,1.0913059711456299,1.0040700435638428,1.0191709995269775,222506743.0
2026-09-18,1.1343460083007812,1.1668310165405273,1.0783239603042603,1.0814939737319946,222256686.0
2026-09-19,1.1343460083007812,1.1668310165405273,1.0783239603042603,1.0814939737319946,222256686.0
2026-09-20,1.1343460083007812,1.1668310165405273,1.0783239603042603,1.0814939737319946,222256686.0
