,Close,High,Low,Open,Volume
2023-09-21,19.47907066345215,20.3048152923584,19.37391471862793,20.3048152923584,253809695.0
2023-09-22,19.43814468383789,19.774112701416016,19.221296310424805,19.47825050354004,170874161.0
2023-09-23,19.47390365600586,19.55816078186035,19.313749313354492,19.43851089477539,97379053.0
2023-09-24,19.374290466308594,19.657695770263672,19.30803680419922,19.473894119262695,115380619.0
2023-09-25,19.40414047241211,19.703439712524414,19.217248916625977,19.3741455078125,163848456.0
2023-09-26,19.023286819458008,19.5053653717041,18.941389083862305,19.40274429321289,170201883.0
2023-09-27,19.130022048950195,19.44652557373047,18.774215698242188,19.02251434326172,210385139.0
2023-09-28,19.957616806030273,19.960865020751953,19.110307693481445,19.129474639892578,225954938.0
2023-09-29,20.300655364990234,20.415977478027344,19.875160217285156,19.95958137512207,219571069.0
2023-09-30,21.3951473236084,21.729970932006836,20.124679565429688,20.299589157104492,328987954.0
2023-10-01,23.83648681640625,24.396018981933594,21.170072555541992,21.392059326171875,637123111.0
2023-10-02,23.371700286865234,24.603424072265625,22.976022720336914,23.837955474853516,658084028.0
2023-10-03,23.55269432067871,24.662073135375977,23.296710968017578,23.36992073059082,653491878.0
2023-10-04,23.144786834716797,23.754377365112305,22.692842483520508,23.556915283203125,429268875.0
2023-10-05,22.694141387939453,23.717647552490234,22.628948211669922,23.14655113220215,361288781.0
2023-10-06,23.424453735351562,23.70509147644043,22.692167282104492,22.692167282104492,402665506.0
2023-10-07,23.287302017211914,24.101722717285156,23.117116928100586,23.4239501953125,278403509.0
2023-10-08,23.24642562866211,23.613706588745117,23.14427947998047,23.289335250854492,190670414.0
2023-10-09,22.118396759033203,23.353511810302734,21.814489364624023,23.244909286499023,356967743.0
2023-10-10,22.10511589050293,22.45848846435547,21.738727569580078,22.117517471313477,241087146.0
2023-10-11,22.00741958618164,22.39118194580078,21.679807662963867,22.105201721191406,278925381.0
2023-10-12,21.300268173217773,22.019926071166992,21.068971633911133,22.007484436035156,283320977.0
2023-10-13,21.834917068481445,22.156654357910156,21.132036209106445,21.299955368041992,269268807.0
2023-10-14,22.01171875,22.196813583374023,21.82191276550293,21.834354400634766,174004594.0
2023-10-15,21.922027587890625,22.135814666748047,21.711383819580078,22.010534286499023,178940996.0
2023-10-16,23.98295783996582,24.41446876525879,21.92258644104004,21.92258644104004,726713710.0
2023-10-17,23.959318161010742,24.485265731811523,23.644390106201172,23.981590270996094,520830665.0
2023-10-18,23.432138442993164,24.30299949645996,23.4240779876709,23.959224700927734,362606644.0
2023-10-19,24.93791961669922,25.389076232910156,23.256446838378906,23.4334774017334,663249208.0
2023-10-20,27.033674240112305,27.31616973876953,24.774505615234375,24.937543869018555,910991447.0
2023-10-21,29.386228561401367,30.14244842529297,26.71261215209961,27.034481048583984,1160814433.0
2023-10-22,29.03668212890625,29.9661922454834,28.20864486694336,29.384227752685547,665340924.0
2023-10-23,31.850984573364258,32.468772888183594,28.9017391204834,29.26222038269043,1581590969.0
2023-10-24,30.15153694152832,32.36031723022461,29.70209312438965,31.84965705871582,1450364573.0
2023-10-25,32.46306610107422,33.69322204589844,30.059873580932617,30.151220321655273,1458706203.0
2023-10-26,32.77549362182617,33.22134017944336,30.797067642211914,32.461856842041016,1015617285.0
2023-10-27,31.73969841003418,33.30240249633789,31.52513885498047,32.77643585205078,870812666.0
2023-10-28,31.653318405151367,32.47766876220703,31.50631332397461,31.73992156982422,380462073.0
2023-10-29,32.822608947753906,33.13132858276367,31.434202194213867,31.652101516723633,507672244.0
2023-10-30,34.962337493896484,35.17289352416992,32.39456558227539,32.819034576416016,1099930941.0
2023-10-31,38.51951599121094,38.54643249511719,34.9084358215332,34.95983123779297,1577034191.0
2023-11-01,41.461544036865234,46.25090026855469,37.96105194091797,38.513057708740234,3630725002.0
2023-11-02,40.20756912231445,44.4891242980957,38.975345611572266,41.385948181152344,2583692673.0
2023-11-03,39.51976013183594,40.22572326660156,38.21837615966797,40.208927154541016,1755955299.0
2023-11-04,42.346595764160156,42.69524002075195,39.168792724609375,39.52021026611328,1454107898.0
2023-11-05,41.23860168457031,42.80353927612305,40.380126953125,42.37336730957031,884855278.0
2023-11-06,42.12858963012695,42.155067443847656,39.825077056884766,41.238563537597656,1010459088.0
2023-11-07,43.09254455566406,44.42584991455078,40.319908142089844,42.13777160644531,1780187159.0
2023-11-08,43.18988800048828,43.805057525634766,42.394229888916016,43.08591842651367,1009177437.0
2023-11-09,45.444828033447266,48.703067779541016,42.608184814453125,43.18186950683594,2830770419.0
2023-11-10,56.64385223388672,57.34910202026367,45.21684646606445,45.4423713684082,3795204638.0
2023-11-11,56.1026611328125,63.41544723510742,54.04486846923828,56.640995025634766,4182963132.0
2023-11-12,56.15409851074219,61.71490478515625,54.94210433959961,56.13203048706055,2987356952.0
2023-11-13,51.90705108642578,59.71365737915039,51.90705108642578,56.180625915527344,2942685126.0
2023-11-14,56.838375091552734,57.730106353759766,51.71446228027344,51.902217864990234,3195616616.0
2023-11-15,65.5344009399414,66.86766815185547,56.30898666381836,56.83993911743164,3793937162.0
2023-11-16,57.871402740478516,67.99214935302734,56.81013107299805,65.53944396972656,3922608772.0
2023-11-17,58.41593551635742,60.416290283203125,54.5516471862793,57.92103958129883,3185454735.0
2023-11-18,58.512725830078125,59.283443450927734,55.062313079833984,58.39267349243164,1942321169.0
2023-11-19,61.393558502197266,62.02115249633789,56.88264846801758,58.52428436279297,1998656461.0
2023-11-20,56.53383255004883,61.370460510253906,56.353431701660156,61.370460510253906,1937313546.0
2023-11-21,52.00047302246094,57.36568832397461,51.55591583251953,56.540367126464844,2440890238.0
2023-11-22,57.588558197021484,58.79156494140625,51.73749542236328,52.00212860107422,1985653842.0
2023-11-23,56.599369049072266,59.47392272949219,56.28756332397461,57.57801818847656,1379316733.0
2023-11-24,56.86643981933594,58.686012268066406,56.349090576171875,56.57889175415039,1146346831.0
2023-11-25,58.84648895263672,59.654144287109375,56.325279235839844,56.86628723144531,1183793273.0
2023-11-26,57.6427001953125,58.95796203613281,56.51145553588867,58.845420837402344,871154750.0
2023-11-27,55.06462097167969,58.02122497558594,53.71446990966797,57.628868103027344,1237763215.0
2023-11-28,58.19437026977539,58.6068229675293,54.085323333740234,55.06262969970703,1412314015.0
2023-11-29,59.25012969970703,61.653358459472656,57.8550910949707,58.193050384521484,1941361674.0
2023-11-30,59.24162292480469,61.43787384033203,58.946922302246094,59.253517150878906,1263841021.0
2023-12-01,59.80399703979492,61.758018493652344,58.7782096862793,59.23817825317383,1376669760.0
2023-12-02,63.83285903930664,63.83285903930664,59.77376174926758,59.80374526977539,1346327049.0
2023-12-03,63.03996658325195,65.39625549316406,62.416622161865234,63.82087707519531,1368876645.0
2023-12-04,61.526615142822266,65.13323974609375,60.280521392822266,63.03776931762695,2211865569.0
2023-12-05,60.99483108520508,62.54000473022461,59.25082778930664,61.5291748046875,1693517649.0
2023-12-06,61.902957916259766,66.38362121582031,60.97986602783203,60.97986602783203,3030993886.0
2023-12-07,67.83782958984375,69.30046844482422,61.873008728027344,61.934043884277344,3002455075.0
2023-12-08,75.00243377685547,75.12979125976562,67.84123229980469,67.84671783447266,3612712432.0
2023-12-09,72.25760650634766,77.50202178955078,72.03968811035156,74.98954772949219,2893248364.0
2023-12-10,74.70588684082031,74.72459411621094,70.91922760009766,72.27294921875,1849363354.0
2023-12-11,70.36717224121094,74.8381118774414,67.21549224853516,74.71422576904297,3729540309.0
2023-12-12,68.54067993164062,72.34092712402344,65.968994140625,70.34428405761719,2366453484.0
2023-12-13,70.76778411865234,72.3547592163086,64.3697738647461,68.5322494506836,2414610075.0
2023-12-14,75.62033081054688,76.17998504638672,69.8573226928711,70.74867248535156,2464938440.0
2023-12-15,72.36898803710938,79.15106964111328,72.36663818359375,75.63668823242188,2821390652.0
2023-12-16,73.47350311279297,77.0792007446289,71.56934356689453,72.43347930908203,1781972898.0
2023-12-17,71.00051879882812,74.72001647949219,70.82445526123047,73.47478485107422,1552380672.0
2023-12-18,74.34716033935547,75.38053894042969,67.33440399169922,70.93263244628906,2281865174.0
2023-12-19,72.9897689819336,76.27140808105469,72.01061248779297,74.34918975830078,1900875405.0
2023-12-20,82.19123077392578,83.95745086669922,72.989990234375,72.989990234375,3745738278.0
2023-12-21,93.85481262207031,95.32344055175781,81.23770904541016,82.1856460571289,4711493441.0
2023-12-22,98.00369262695312,99.12442779541016,90.79840087890625,93.85801696777344,5284203995.0
2023-12-23,107.59423065185547,109.50884246826172,93.10676574707031,98.0016860961914,3957434568.0
2023-12-24,112.48521423339844,117.38066864013672,107.72513580322266,107.72513580322266,6365529251.0
2023-12-25,121.1464614868164,125.19389343261719,108.90338134765625,112.56411743164062,5951791518.0
2023-12-26,112.6767349243164,121.14399719238281,104.72821807861328,121.08433532714844,6117657160.0
2023-12-27,107.02379608154297,115.03387451171875,105.42523193359375,112.65483093261719,4267938569.0
2023-12-28,102.10456848144531,109.420654296875,97.66864776611328,107.022705078125,4492625126.0
2023-12-29,106.31151580810547,109.6711196899414,100.05551147460938,102.06928253173828,4445797973.0
2023-12-30,101.84508514404297,107.3282241821289,101.06812286376953,106.29850006103516,1863177830.0
2023-12-31,101.50582122802734,105.133544921875,99.88642883300781,101.84417724609375,1748630533.0
2024-01-01,109.50868225097656,109.50868225097656,101.51280975341797,101.51280975341797,2157671990.0
2024-01-02,106.61122131347656,116.88249206542969,106.38898468017578,109.54906463623047,3782057553.0
2024-01-03,98.59443664550781,109.84809112548828,92.92366790771484,106.61653137207031,5472216595.0
2024-01-04,105.0775375366211,107.98246765136719,97.10832977294922,98.58697509765625,3272723247.0
2024-01-05,99.97879028320312,105.23542785644531,95.9427261352539,105.05200958251953,3022127826.0
2024-01-06,93.85771942138672,100.03740692138672,92.02278900146484,99.98799133300781,2235902092.0
2024-01-07,89.2763442993164,96.69239807128906,88.22345733642578,93.8603515625,2288061692.0
2024-01-08,97.79044342041016,99.76187133789062,85.64669799804688,89.2781753540039,4152448360.0
2024-01-09,99.40918731689453,103.7961654663086,95.89379119873047,97.81603240966797,4070131683.0
2024-01-10,102.03302001953125,105.0823745727539,92.56326293945312,99.38423919677734,4216429514.0
2024-01-11,99.90943908691406,106.93573760986328,98.4124984741211,102.10365295410156,4174026719.0
2024-01-12,91.72090911865234,100.2544937133789,88.30984497070312,99.91187286376953,2868799888.0
2024-01-13,95.73004913330078,96.91764831542969,89.7544937133789,91.7597427368164,1880329065.0
2024-01-14,94.13314056396484,102.173583984375,93.89056396484375,95.73265075683594,2736734725.0
2024-01-15,94.49022674560547,96.82123565673828,93.2411117553711,94.03654479980469,1755858499.0
2024-01-16,97.62691497802734,98.59530639648438,94.39668273925781,94.43834686279297,1806576879.0
2024-01-17,102.0635986328125,102.4337387084961,97.05516052246094,97.61580657958984,3220344763.0
2024-01-18,94.2509536743164,102.92314147949219,92.14057922363281,102.02949523925781,2684524713.0
2024-01-19,93.38616943359375,95.16472625732422,87.48365783691406,94.25067138671875,2631067383.0
2024-01-20,92.56983947753906,94.02531433105469,90.4937515258789,93.393798828125,1204443546.0
2024-01-21,90.84843444824219,93.71378326416016,90.84843444824219,92.58952331542969,894963197.0
2024-01-22,83.62281036376953,91.63616180419922,82.6597671508789,90.90369415283203,2662287481.0
2024-01-23,84.27450561523438,85.8401870727539,79.06669616699219,83.62184143066406,2990436327.0
2024-01-24,88.73200988769531,89.2677230834961,83.41868591308594,84.28726196289062,2352477736.0
2024-01-25,86.88921356201172,89.37682342529297,85.273681640625,88.73780059814453,1674093024.0
2024-01-26,92.44236755371094,93.52867126464844,86.14839172363281,86.88945007324219,2027305107.0
2024-01-27,94.16321563720703,94.43761444091797,90.84476470947266,92.38762664794922,1256585307.0
2024-01-28,95.93798065185547,99.37737274169922,93.538330078125,94.18190002441406,2425625612.0
2024-01-29,101.56666564941406,101.77191162109375,95.17613220214844,95.93798065185547,2604890575.0
2024-01-30,101.47297668457031,106.21345520019531,101.10939025878906,101.56666564941406,3328090833.0
2024-01-31,97.0287094116211,102.54806518554688,96.10359191894531,101.44925689697266,3814467068.0
2024-02-01,97.84669494628906,97.9441909790039,93.37918853759766,97.02484130859375,2951395444.0
2024-02-02,100.44052124023438,102.41262817382812,97.57415771484375,97.8346939086914,2574044077.0
2024-02-03,97.8799819946289,101.0589828491211,96.81257629394531,100.45113372802734,1349320819.0
2024-02-04,95.47695922851562,98.45758819580078,95.26637268066406,97.88506317138672,1304106726.0
2024-02-05,95.54866027832031,98.5440444946289,94.29252624511719,95.47146606445312,1635327054.0
2024-02-06,96.86107635498047,97.79078674316406,93.2807388305664,95.54961395263672,1699997346.0
2024-02-07,100.97927856445312,101.23660278320312,94.72022247314453,96.86189270019531,1733607189.0
2024-02-08,102.78563690185547,104.79804229736328,100.55369567871094,100.99549865722656,2288429230.0
2024-02-09,106.93333435058594,108.98772430419922,102.79017639160156,102.79017639160156,2852770180.0
2024-02-10,109.1314697265625,110.74279022216797,106.93366241455078,106.93366241455078,1836561570.0
2024-02-11,107.49528503417969,110.55686950683594,107.35765075683594,109.1166763305664,1370383843.0
2024-02-12,111.99275207519531,112.06966400146484,103.60929107666016,107.49263000488281,2650731894.0
2024-02-13,112.57930755615234,114.8106460571289,108.49378204345703,111.97724914550781,2709494768.0
2024-02-14,116.97632598876953,118.3277816772461,110.87847137451172,112.57496643066406,2391239729.0
2024-02-15,113.69940948486328,118.3064956665039,111.77587890625,116.98538970947266,2471486178.0
2024-02-16,110.44591522216797,114.25308990478516,108.34872436523438,113.6730728149414,1921299579.0
2024-02-17,108.98401641845703,111.07304382324219,106.1252212524414,110.44330596923828,1370606631.0
2024-02-18,112.17467498779297,114.00138092041016,107.60671997070312,108.98760223388672,1516321334.0
2024-02-19,111.4853286743164,114.71797943115234,111.08141326904297,112.17882537841797,1898655220.0
2024-02-20,108.45964050292969,112.0367431640625,104.89022827148438,111.48344421386719,2656976089.0
2024-02-21,105.1252212524414,108.45266723632812,100.41201782226562,108.45266723632812,2246861647.0
2024-02-22,101.66979217529297,106.99540710449219,101.64240264892578,105.12030792236328,1830636004.0
2024-02-23,99.95469665527344,103.02283477783203,98.9583511352539,101.67462158203125,1483285120.0
2024-02-24,104.1335220336914,104.64539337158203,98.585205078125,99.95437622070312,1083637514.0
2024-02-25,103.4534912109375,104.32994079589844,102.17102813720703,104.1326675415039,909662462.0
2024-02-26,109.91853332519531,110.58035278320312,100.4552001953125,103.4507064819336,2334408023.0
2024-02-27,108.3880844116211,112.2047119140625,105.89693450927734,109.91878509521484,2723995106.0
2024-02-28,118.05220031738281,118.05220031738281,107.46087646484375,108.39923858642578,5029492553.0
2024-02-29,125.71151733398438,134.4656982421875,117.66751861572266,118.2387466430664,6950123902.0
2024-03-01,129.9904022216797,137.60186767578125,125.63670349121094,125.63670349121094,4743077738.0
2024-03-02,129.70018005371094,131.45486450195312,127.6808853149414,129.98231506347656,2741772676.0
2024-03-03,130.45086669921875,132.062744140625,125.76932525634766,129.7933807373047,2875614168.0
2024-03-04,133.194580078125,134.87417602539062,127.79814147949219,130.42323303222656,4429758300.0
2024-03-05,125.70671081542969,142.65093994140625,109.53875732421875,133.15936279296875,8980294607.0
2024-03-06,130.7420196533203,134.8106231689453,120.31733703613281,125.69921112060547,5146680159.0
2024-03-07,143.9778594970703,149.2247314453125,130.70175170898438,130.7420196533203,7111178325.0
2024-03-08,145.2400360107422,152.4179229736328,142.53614807128906,143.97727966308594,5474659974.0
2024-03-09,144.6072540283203,149.35128784179688,144.29037475585938,145.24032592773438,2946261381.0
2024-03-10,144.5151824951172,148.6719207763672,140.83999633789062,144.60733032226562,3407621981.0
2024-03-11,148.75096130371094,150.01797485351562,137.6329803466797,144.5144805908203,5383624184.0
2024-03-12,151.01544189453125,154.94229125976562,142.87014770507812,148.7496795654297,6413617983.0
2024-03-13,163.83981323242188,166.44876098632812,148.94561767578125,151.01544189453125,5917471836.0
2024-03-14,176.67974853515625,177.8926239013672,160.23355102539062,163.83993530273438,8399967972.0
2024-03-15,182.96469116210938,188.50135803222656,165.4127197265625,176.67974853515625,14093348410.0
2024-03-16,181.88034057617188,197.65599060058594,177.46127319335938,182.96751403808594,11794134069.0
2024-03-17,202.12356567382812,204.29254150390625,179.22560119628906,181.88034057617188,10876218562.0
2024-03-18,195.9927520751953,209.69606018066406,194.8494110107422,202.1226043701172,11137647410.0
2024-03-19,170.0162811279297,198.24107360839844,166.17674255371094,195.9927520751953,11658593922.0
2024-03-20,191.54962158203125,192.9118194580078,163.2962646484375,170.0162811279297,8673957460.0
2024-03-21,179.2207489013672,195.30612182617188,176.2833251953125,191.54962158203125,5613811275.0
2024-03-22,174.36370849609375,181.3232421875,167.8778533935547,179.23980712890625,4150938142.0
2024-03-23,172.90225219726562,178.80010986328125,171.0169677734375,174.36370849609375,2711581881.0
2024-03-24,183.57345581054688,186.62942504882812,171.67372131347656,172.8978729248047,2661231893.0
2024-03-25,189.0835418701172,194.43026733398438,181.25234985351562,183.57345581054688,4066489821.0
2024-03-26,190.69985961914062,196.2930450439453,186.75282287597656,189.08338928222656,3520179571.0
2024-03-27,186.36146545410156,192.49658203125,180.42044067382812,190.69998168945312,3844985014.0
2024-03-28,189.6216278076172,190.8834686279297,180.99761962890625,186.36146545410156,2910414256.0
2024-03-29,192.2279510498047,192.96981811523438,183.6461639404297,189.6216278076172,3031009580.0
2024-03-30,194.3855438232422,199.73094177246094,191.21678161621094,192.2278594970703,2999311846.0
2024-03-31,202.87413024902344,203.02679443359375,194.0353240966797,194.37579345703125,2342185476.0
2024-04-01,192.5678253173828,204.1797637939453,187.4888916015625,202.8744354248047,3872515434.0
2024-04-02,181.17225646972656,192.56942749023438,176.132080078125,192.5678253173828,4553269015.0
2024-04-03,185.2486114501953,191.6926727294922,177.3955078125,181.1727294921875,4160370221.0
2024-04-04,183.95811462402344,190.06968688964844,180.51229858398438,185.2486114501953,4101220964.0
2024-04-05,174.5015106201172,184.977783203125,168.23606872558594,183.95811462402344,7398400404.0
2024-04-06,178.91534423828125,179.69752502441406,173.8743133544922,174.5015106201172,4672922789.0
2024-04-07,179.6498565673828,182.5382080078125,177.0657958984375,178.91534423828125,1854793003.0
2024-04-08,180.78477478027344,184.30287170410156,175.58998107910156,179.65069580078125,2744377905.0
2024-04-09,172.4136199951172,180.82568359375,169.36776733398438,180.77951049804688,2688188866.0
2024-04-10,173.43736267089844,175.32261657714844,163.81312561035156,172.4142608642578,3344074648.0
2024-04-11,172.5763702392578,176.2355194091797,170.3934326171875,173.43736267089844,2712334365.0
2024-04-12,153.63546752929688,175.8086395263672,145.51638793945312,172.5763702392578,4727185451.0
2024-04-13,139.34169006347656,154.94395446777344,119.83334350585938,153.6344757080078,8976793985.0
2024-04-14,151.28494262695312,152.50100708007812,131.28717041015625,139.34169006347656,7110974218.0
2024-04-15,138.5086212158203,155.96116638183594,134.5725555419922,151.2994384765625,5699439234.0
2024-04-16,136.27932739257812,140.27830505371094,126.86528015136719,138.507568359375,5156084639.0
2024-04-17,131.86618041992188,142.60438537597656,127.5289535522461,136.27911376953125,4888546522.0
2024-04-18,142.0823974609375,143.72735595703125,128.07675170898438,131.86717224121094,4193561506.0
2024-04-19,142.6804962158203,147.3337860107422,128.86282348632812,142.0823974609375,5857667913.0
2024-04-20,151.13356018066406,152.09918212890625,140.00570678710938,142.67845153808594,2795892211.0
2024-04-21,148.60931396484375,153.42225646972656,147.16952514648438,151.1340789794922,2211663291.0
2024-04-22,157.03121948242188,158.37271118164062,146.99169921875,148.60931396484375,2959650502.0
2024-04-23,154.70130920410156,159.94459533691406,153.3231201171875,157.03121948242188,2750685937.0
2024-04-24,147.74514770507812,159.58090209960938,145.77056884765625,154.70130920410156,3932336720.0
2024-04-25,144.89212036132812,149.3037567138672,142.2645721435547,147.74961853027344,3674969172.0
2024-04-26,139.10433959960938,145.8546142578125,138.90838623046875,144.88917541503906,2564389027.0
2024-04-27,141.28916931152344,142.87451171875,134.02891540527344,139.10433959960938,2373155947.0
2024-04-28,137.85641479492188,144.51388549804688,137.23301696777344,141.28916931152344,1959005342.0
2024-04-29,137.7766571044922,138.7387237548828,133.70916748046875,137.8601837158203,2464951751.0
2024-04-30,126.96270751953125,139.6676483154297,121.63745880126953,137.7772979736328,3407320371.0
2024-05-01,134.6279754638672,135.11386108398438,119.38481140136719,126.9625473022461,4136407963.0
2024-05-02,137.81448364257812,140.28152465820312,128.26028442382812,134.6279754638672,3380078368.0
2024-05-03,143.77255249023438,144.9600372314453,136.12342834472656,137.81448364257812,3216962298.0
2024-05-04,146.1350555419922,148.9357452392578,142.56625366210938,143.77220153808594,3050187811.0
2024-05-05,145.71302795410156,147.91647338867188,143.47845458984375,146.1350555419922,2034794725.0
2024-05-06,152.80239868164062,156.62669372558594,145.58432006835938,145.71205139160156,2926902880.0
2024-05-07,148.1343231201172,159.05345153808594,148.0836181640625,152.80667114257812,2687619013.0
2024-05-08,142.29473876953125,149.81089782714844,140.16909790039062,148.1343231201172,2502237557.0
2024-05-09,152.84994506835938,153.08624267578125,140.78964233398438,142.29473876953125,2249863780.0
2024-05-10,146.21690368652344,155.41159057617188,144.9387969970703,152.8529052734375,2471594251.0
2024-05-11,145.3143768310547,147.4264373779297,143.33140563964844,146.2169647216797,1243751505.0
2024-05-12,143.52081298828125,147.57147216796875,142.8818359375,145.3143768310547,936690341.0
2024-05-13,147.28233337402344,150.54666137695312,138.03285217285156,143.52081298828125,2556255769.0
2024-05-14,142.0303955078125,148.8286895751953,141.9068603515625,147.27908325195312,2586166419.0
2024-05-15,158.18682861328125,158.64071655273438,141.35032653808594,142.0303955078125,3585715674.0
2024-05-16,159.116455078125,164.31932067871094,156.7726287841797,158.18775939941406,3498272951.0
2024-05-17,169.53054809570312,171.6060791015625,159.116455078125,159.116455078125,3371355809.0
2024-05-18,172.5391387939453,175.7790985107422,168.9330596923828,169.53054809570312,2479657643.0
2024-05-19,170.0913543701172,175.1893310546875,166.7326202392578,172.53919982910156,2300080451.0
2024-05-20,186.52049255371094,187.44712829589844,168.0304412841797,170.0913543701172,4636864705.0
2024-05-21,178.11614990234375,188.49383544921875,174.71170043945312,186.51951599121094,4568414163.0
2024-05-22,176.86077880859375,183.0676727294922,175.4474639892578,178.1156768798828,3833758536.0
2024-05-23,175.98577880859375,180.165283203125,167.4036865234375,176.8631134033203,5117258940.0
2024-05-24,167.7969207763672,176.03147888183594,162.8658905029297,175.98577880859375,4013502065.0
2024-05-25,168.43763732910156,170.3550567626953,166.11300659179688,167.7969207763672,1875205755.0
2024-05-26,163.3509063720703,168.43927001953125,161.2638702392578,168.43763732910156,2543881488.0
2024-05-27,169.9961395263672,171.98854064941406,163.33544921875,163.3509063720703,2745440475.0
2024-05-28,168.65084838867188,173.0171356201172,164.97340393066406,169.9961395263672,3342283019.0
2024-05-29,168.0726776123047,173.64195251464844,167.3238525390625,168.65084838867188,2852496248.0
2024-05-30,166.97653198242188,172.41778564453125,163.6839599609375,168.0726776123047,2932316784.0
2024-05-31,165.63771057128906,170.63156127929688,163.93309020996094,166.97653198242188,2415920333.0
2024-06-01,166.03067016601562,167.73709106445312,165.5856170654297,165.63772583007812,1058869941.0
2024-06-02,163.24990844726562,166.9154815673828,161.6532440185547,166.0296173095703,1562269041.0
2024-06-03,164.9234619140625,167.03875732421875,161.8537139892578,163.25015258789062,2182487608.0
2024-06-04,171.8019256591797,171.8168182373047,164.51553344726562,164.92506408691406,2057558426.0
2024-06-05,173.48291015625,175.47531127929688,171.38299560546875,171.8019256591797,2405906612.0
2024-06-06,170.01622009277344,174.30470275878906,167.8642120361328,173.48291015625,1965442993.0
2024-06-07,162.50704956054688,172.4381561279297,155.79876708984375,170.01583862304688,3298527575.0
2024-06-08,157.96890258789062,163.62017822265625,157.54295349121094,162.4967498779297,1722237785.0
2024-06-09,162.08360290527344,162.91897583007812,156.76876831054688,157.96371459960938,1475878151.0
2024-06-10,158.9280242919922,162.8277587890625,157.77020263671875,162.07888793945312,1815361482.0
2024-06-11,149.42898559570312,159.52310180664062,145.8651885986328,158.9341278076172,2812642453.0
2024-06-12,155.1775665283203,161.51483154296875,145.82144165039062,149.4223175048828,2853692260.0
2024-06-13,147.31442260742188,155.19235229492188,146.1722412109375,155.19235229492188,2085097655.0
2024-06-14,143.0944366455078,148.78933715820312,140.11538696289062,147.28204345703125,2330458883.0
2024-06-15,145.41221618652344,145.5409698486328,143.02365112304688,143.07408142089844,1065293341.0
2024-06-16,151.12550354003906,151.12550354003906,143.17953491210938,145.41796875,1147997523.0
2024-06-17,143.3342742919922,151.58477783203125,140.13880920410156,151.13723754882812,2244770232.0
2024-06-18,137.50399780273438,143.61065673828125,130.28907775878906,143.314697265625,4046511952.0
2024-06-19,135.60960388183594,141.66993713378906,134.73263549804688,137.4798126220703,2241396569.0
2024-06-20,133.47296142578125,141.0752410888672,132.087646484375,135.60960388183594,2343938226.0
2024-06-21,134.5883026123047,135.22915649414062,128.9219207763672,133.47195434570312,2214701928.0
2024-06-22,133.6702423095703,136.46005249023438,133.14248657226562,134.56765747070312,948392979.0
2024-06-23,128.59042358398438,135.005859375,128.2696990966797,133.66000366210938,1063910411.0
2024-06-24,132.24139404296875,132.3112335205078,123.6693344116211,128.59800720214844,3420423301.0
2024-06-25,136.5592041015625,139.72958374023438,131.29635620117188,132.26934814453125,2517391150.0
2024-06-26,136.60914611816406,140.16876220703125,134.92576599121094,136.5549774169922,1670038554.0
2024-06-27,149.44837951660156,150.7672119140625,135.2449951171875,136.61341857910156,2831651846.0
2024-06-28,139.70339965820312,150.0515899658203,139.30589294433594,149.4542694091797,2396070692.0
2024-06-29,140.01014709472656,142.8238525390625,139.6678009033203,139.7193145751953,1139066175.0
2024-06-30,146.49249267578125,147.19932556152344,137.14137268066406,140.01272583007812,1567841881.0
2024-07-01,146.59506225585938,148.7985076904297,145.8227996826172,146.4812774658203,1814659116.0
2024-07-02,153.7004852294922,154.7129669189453,146.12054443359375,146.5885467529297,2024773533.0
2024-07-03,140.73141479492188,154.197998046875,139.5172576904297,153.7111358642578,2813419415.0
2024-07-04,127.55081939697266,142.51486206054688,127.55081939697266,140.71533203125,3243822145.0
2024-07-05,134.3693389892578,135.84579467773438,122.44230651855469,127.60507202148438,4644036182.0
2024-07-06,143.24118041992188,144.0084686279297,132.61329650878906,134.36329650878906,2078535871.0
2024-07-07,131.7740936279297,143.1870574951172,131.7740936279297,143.1870574951172,1842515124.0
2024-07-08,139.4636993408203,141.6341094970703,128.56292724609375,131.79702758789062,3692404575.0
2024-07-09,141.34844970703125,143.92938232421875,136.74093627929688,139.537353515625,2418798702.0
2024-07-10,141.97479248046875,145.8537139892578,138.85604858398438,141.3741455078125,1952272010.0
2024-07-11,135.8832244873047,145.32443237304688,135.84751892089844,141.98280334472656,2286890972.0
2024-07-12,139.52801513671875,140.42477416992188,134.15914916992188,135.86402893066406,1990173458.0
2024-07-13,141.9249725341797,143.367431640625,138.17953491210938,139.52639770507812,1131518484.0
2024-07-14,147.622314453125,148.54705810546875,141.92665100097656,141.92665100097656,2009294488.0
2024-07-15,159.93397521972656,159.9420623779297,147.202880859375,147.6661376953125,2580623500.0
2024-07-16,160.5518798828125,162.46951293945312,153.05372619628906,159.77333068847656,3034234774.0
2024-07-17,155.5841064453125,163.59523010253906,155.06703186035156,160.56329345703125,2255652667.0
2024-07-18,159.07241821289062,161.587158203125,155.5660400390625,155.59104919433594,2044591406.0
2024-07-19,169.1858673095703,171.50674438476562,156.60653686523438,159.0923309326172,3617009839.0
2024-07-20,173.89178466796875,174.831298828125,167.55731201171875,169.1826171875,1908476088.0
2024-07-21,184.54161071777344,184.8703155517578,171.1182098388672,173.89373779296875,3080452915.0
2024-07-22,178.97828674316406,184.79246520996094,177.04412841796875,184.54556274414062,2808509242.0
2024-07-23,172.757568359375,180.49615478515625,170.98854064941406,178.97828674316406,3230351478.0
2024-07-24,178.0323028564453,182.35760498046875,171.21041870117188,172.75851440429688,3112174836.0
2024-07-25,171.96307373046875,179.52093505859375,165.9325408935547,178.02952575683594,4067186719.0
2024-07-26,183.13671875,183.53836059570312,171.87789916992188,171.9625701904297,2816314095.0
2024-07-27,184.0854034423828,188.14059448242188,178.59835815429688,183.13809204101562,3248901126.0
2024-07-28,184.88607788085938,186.51461791992188,181.3953399658203,184.08599853515625,1852374783.0
2024-07-29,182.7805938720703,193.73228454589844,181.88536071777344,184.88719177246094,3654304391.0
2024-07-30,179.10719299316406,184.1801300048828,176.02243041992188,182.77159118652344,2766172800.0
2024-07-31,171.82615661621094,184.179443359375,171.81919860839844,179.10804748535156,3055204208.0
2024-08-01,167.672119140625,172.68980407714844,157.98838806152344,171.82566833496094,4402828194.0
2024-08-02,152.6382293701172,169.04396057128906,150.08499145507812,167.66053771972656,4507521137.0
2024-08-03,142.9219970703125,153.77685546875,140.22140502929688,152.6382293701172,3620526646.0
2024-08-04,138.05508422851562,145.83766174316406,132.13967895507812,142.9219512939453,4333596296.0
2024-08-05,129.8643035888672,139.14146423339844,110.60955810546875,138.0526885986328,14114308949.0
2024-08-06,144.09036254882812,149.35296630859375,129.78857421875,129.86294555664062,5813459735.0
2024-08-07,144.63209533691406,155.00779724121094,142.7469024658203,144.0882110595703,5529725414.0
2024-08-08,162.9307403564453,163.02590942382812,142.01992797851562,144.63247680664062,5385642745.0
2024-08-09,156.45721435546875,163.24948120117188,151.22613525390625,162.9307403564453,3217916997.0
2024-08-10,153.95916748046875,158.5860595703125,152.873046875,156.45721435546875,1662980960.0
2024-08-11,141.52685546875,157.93190002441406,141.34829711914062,153.961669921875,2411765937.0
2024-08-12,146.45423889160156,150.81463623046875,141.4407958984375,141.53207397460938,3380174341.0
2024-08-13,146.7126922607422,149.61012268066406,143.1520233154297,146.45455932617188,2224488388.0
2024-08-14,143.9234619140625,151.72604370117188,142.71792602539062,146.7126922607422,2714536693.0
2024-08-15,142.74581909179688,147.35154724121094,138.16192626953125,143.92266845703125,3032770371.0
2024-08-16,139.33056640625,144.7954559326172,136.3846435546875,142.7428741455078,2707615564.0
2024-08-17,141.7985076904297,141.96282958984375,137.86630249023438,139.33056640625,1199702073.0
2024-08-18,142.58688354492188,146.96298217773438,140.95962524414062,141.7985076904297,1866239536.0
2024-08-19,144.34368896484375,145.9236297607422,140.74871826171875,142.58688354492188,2077549615.0
2024-08-20,143.16773986816406,148.6486053466797,141.36070251464844,144.3468475341797,2124392770.0
2024-08-21,142.70960998535156,144.1562957763672,139.26654052734375,142.33303833007812,1923259439.0
2024-08-22,143.2579345703125,144.81321716308594,140.9344024658203,142.70960998535156,1368400829.0
2024-08-23,153.10708618164062,153.771240234375,143.16477966308594,143.2579345703125,2560976300.0
2024-08-24,160.73175048828125,162.16932678222656,152.15208435058594,153.10833740234375,2749419604.0
2024-08-25,158.90911865234375,161.94796752929688,155.50714111328125,160.73175048828125,2085078554.0
2024-08-26,157.23687744140625,161.91110229492188,155.88449096679688,158.9114990234375,2588808155.0
2024-08-27,146.8970947265625,159.62355041503906,145.65640258789062,157.23658752441406,2783392784.0
2024-08-28,143.89138793945312,148.69497680664062,140.97080993652344,146.8970947265625,2932401182.0
2024-08-29,140.0540313720703,147.2205810546875,138.2660675048828,143.8910675048828,2098251665.0
2024-08-30,138.09999084472656,141.01318359375,132.4513397216797,140.0540313720703,2683385690.0
2024-08-31,135.37425231933594,138.99224853515625,134.6364288330078,138.09999084472656,892155699.0
2024-09-01,128.6905517578125,135.99781799316406,128.24325561523438,135.37425231933594,1974170865.0
2024-09-02,135.0023651123047,135.35238647460938,127.26619720458984,128.6905517578125,2092221241.0
2024-09-03,127.57758331298828,137.14476013183594,127.57423400878906,135.0023651123047,1787700523.0
2024-09-04,133.60391235351562,134.86917114257812,123.61295318603516,127.57758331298828,2663812153.0
2024-09-05,129.32894897460938,135.085205078125,128.14137268066406,133.6043701171875,1926178088.0
2024-09-06,124.99007415771484,134.16807556152344,121.05538177490234,129.32894897460938,3520537699.0
2024-09-07,127.72156524658203,129.2908935546875,124.26908111572266,124.99007415771484,1321261949.0
2024-09-08,129.98951721191406,131.51524353027344,126.81302642822266,127.72156524658203,1317794291.0
2024-09-09,135.02561950683594,136.18653869628906,127.21979522705078,129.98951721191406,2443769044.0
2024-09-10,135.63522338867188,137.8063507080078,132.63108825683594,135.0263671875,1642358500.0
2024-09-11,132.4973907470703,135.8038787841797,128.4340057373047,135.63494873046875,2122617674.0
2024-09-12,136.14190673828125,136.61480712890625,132.44332885742188,132.49708557128906,1597055803.0
2024-09-13,139.1005401611328,139.83250427246094,131.86395263671875,136.14190673828125,1668690414.0
2024-09-14,137.17977905273438,139.7345733642578,135.9435577392578,139.1025390625,952465288.0
2024-09-15,131.4993896484375,137.92349243164062,130.9698028564453,137.17977905273438,1358403273.0
2024-09-16,131.47259521484375,132.29637145996094,129.13807678222656,131.4993896484375,1623218789.0
2024-09-17,131.53707885742188,135.4871368408203,130.47569274902344,131.47244262695312,1726861492.0
2024-09-18,133.99185180664062,133.99185180664062,127.25076293945312,131.53707885742188,2260675347.0
2024-09-19,142.83627319335938,143.9043731689453,133.99185180664062,133.99185180664062,2884543933.0
2024-09-20,146.56680297851562,151.7609405517578,141.316162109375,142.8365478515625,3241123621.0
2024-09-21,149.52703857421875,149.83645629882812,144.79803466796875,146.56680297851562,1385610390.0
2024-09-22,144.80364990234375,149.86582946777344,141.38461303710938,149.52703857421875,1597826979.0
2024-09-23,144.8149871826172,148.97042846679688,142.6438446044922,144.80364990234375,2344229720.0
2024-09-24,152.89215087890625,153.53628540039062,143.30413818359375,144.8149871826172,2927238360.0
2024-09-25,148.02342224121094,153.54763793945312,147.45013427734375,152.89096069335938,2138602628.0
2024-09-26,155.5760955810547,157.858154296875,146.87075805664062,148.02110290527344,3009969111.0
2024-09-27,157.74993896484375,160.9813995361328,154.13027954101562,155.5760955810547,2765830721.0
2024-09-28,156.9124298095703,159.34521484375,155.29931640625,157.7519073486328,1300870644.0
2024-09-29,158.62916564941406,161.62306213378906,155.2430877685547,156.9124298095703,1773980028.0
2024-09-30,152.61846923828125,159.50892639160156,152.01983642578125,158.63241577148438,2376780676.0
2024-10-01,145.28988647460938,157.25819396972656,142.8423309326172,152.61846923828125,3656164855.0
2024-10-02,140.38555908203125,148.82568359375,138.9187469482422,145.28988647460938,2892264150.0
2024-10-03,136.78518676757812,142.80543518066406,133.55316162109375,140.38490295410156,2914986844.0
2024-10-04,143.17227172851562,144.42678833007812,136.0756378173828,136.78518676757812,2361841303.0
2024-10-05,142.7117462158203,144.83428955078125,141.16966247558594,143.17227172851562,1113937760.0
2024-10-06,146.44236755371094,146.62001037597656,142.11424255371094,142.7117156982422,1168715645.0
2024-10-07,143.99179077148438,152.1038360595703,143.60458374023438,146.44354248046875,2678803498.0
2024-10-08,143.39442443847656,145.44879150390625,141.2363739013672,143.99179077148438,1710617951.0
2024-10-09,139.31553649902344,145.1295166015625,138.7974395751953,143.3953399658203,1697499287.0
2024-10-10,138.88841247558594,140.58058166503906,135.58270263671875,139.3137664794922,1770157917.0
2024-10-11,145.3811492919922,146.43063354492188,138.755859375,138.88674926757812,1797846253.0
2024-10-12,146.5002899169922,147.13690185546875,144.7617645263672,145.3811492919922,1118630507.0
2024-10-13,147.5724334716797,148.7133331298828,144.62364196777344,146.50033569335938,1294444111.0
2024-10-14,157.44512939453125,157.7541046142578,147.00582885742188,147.57025146484375,2929339176.0
2024-10-15,154.7206268310547,158.71575927734375,150.90951538085938,157.44512939453125,3451652506.0
2024-10-16,154.23422241210938,158.1370391845703,153.08169555664062,154.7206268310547,2397546608.0
2024-10-17,150.31602478027344,155.5516357421875,147.94349670410156,154.23817443847656,2157747733.0
2024-10-18,154.97593688964844,156.53741455078125,149.70101928710938,150.3227081298828,1754226839.0
2024-10-19,159.6393585205078,159.71041870117188,153.91282653808594,154.97593688964844,1440375026.0
2024-10-20,166.9398193359375,167.5856475830078,157.76573181152344,159.64122009277344,2579198899.0
2024-10-21,166.2168731689453,171.4306640625,161.8105010986328,166.93861389160156,3924173188.0
2024-10-22,167.26014709472656,170.7600860595703,163.28536987304688,166.2176055908203,3470792372.0
2024-10-23,170.9324951171875,173.8150177001953,164.19381713867188,167.26063537597656,3861697575.0
2024-10-24,177.1569366455078,178.99530029296875,170.5173797607422,171.11087036132812,3529481044.0
2024-10-25,164.75689697265625,177.1919403076172,160.0352783203125,177.15713500976562,4869966180.0
2024-10-26,170.70596313476562,172.8228302001953,162.443359375,164.75599670410156,2755373492.0
2024-10-27,176.5491943359375,177.89515686035156,170.19244384765625,170.70596313476562,2427933420.0
2024-10-28,178.1049041748047,179.40797424316406,172.87225341796875,176.55368041992188,3623055701.0
2024-10-29,179.36074829101562,183.03944396972656,176.85548400878906,178.1036376953125,3919545873.0
2024-10-30,174.9249725341797,181.1526641845703,173.39939880371094,179.36074829101562,2772422773.0
2024-10-31,168.42999267578125,176.27984619140625,167.5767822265625,174.92507934570312,2652620406.0
2024-11-01,166.2621307373047,173.8500213623047,164.0325469970703,168.4302215576172,3157093060.0
2024-11-02,166.01034545898438,168.4605712890625,162.38702392578125,166.2621307373047,1618170398.0
2024-11-03,162.55130004882812,166.37632751464844,158.1367645263672,166.01034545898438,2645801646.0
2024-11-04,157.74710083007812,164.71389770507812,155.16552734375,162.55169677734375,2809006700.0
2024-11-05,166.72239685058594,169.12664794921875,156.98818969726562,157.74710083007812,3243848057.0
2024-11-06,186.9547882080078,189.9154815673828,166.6982421875,166.72239685058594,9822932731.0
2024-11-07,196.3345947265625,197.90093994140625,186.13604736328125,186.9547882080078,4700842780.0
2024-11-08,199.9390106201172,204.96975708007812,196.02374267578125,196.3345947265625,5673142495.0
2024-11-09,200.19491577148438,203.3472900390625,195.47410583496094,199.93960571289062,3363617004.0
2024-11-10,210.6137237548828,215.1790771484375,198.9831085205078,200.19595336914062,8564655765.0
2024-11-11,222.6416778564453,223.2198028564453,204.5623016357422,210.6137237548828,10290809023.0
2024-11-12,212.2318115234375,225.0115203857422,205.44786071777344,222.6416778564453,11308516682.0
2024-11-13,215.18455505371094,220.3391876220703,201.4705810546875,212.2080078125,11296665808.0
2024-11-14,209.2190704345703,222.63914489746094,207.49681091308594,215.18446350097656,8094554275.0
2024-11-15,218.09490966796875,219.53878784179688,204.82801818847656,209.23623657226562,6109860311.0
2024-11-16,215.8488311767578,221.66236877441406,213.80477905273438,218.56936645507812,4698955745.0
2024-11-17,237.57553100585938,241.23533630371094,212.72816467285156,215.84779357910156,9981076722.0
2024-11-18,239.79425048828125,248.19281005859375,234.4010467529297,237.57553100585938,8798714213.0
2024-11-19,238.09754943847656,247.09056091308594,234.15306091308594,239.80088806152344,6711919414.0
2024-11-20,235.4236602783203,242.10787963867188,230.91055297851562,238.0925750732422,6454141445.0
2024-11-21,257.0658874511719,259.0535583496094,230.34156799316406,235.42739868164062,10735314060.0
2024-11-22,256.5186767578125,263.70086669921875,252.1354217529297,257.0814208984375,7249493783.0
2024-11-23,255.1785125732422,263.83154296875,253.18743896484375,256.5181579589844,6234742858.0
2024-11-24,252.91952514648438,259.6256408691406,243.12216186523438,255.1785125732422,5330146683.0
2024-11-25,234.4466094970703,256.4226989746094,231.55198669433594,252.9160614013672,6616015635.0
2024-11-26,230.9781951904297,239.63780212402344,222.9571990966797,234.4456787109375,6996936265.0
2024-11-27,242.30221557617188,243.1248016357422,228.1300506591797,230.9722137451172,5381404312.0
2024-11-28,237.76400756835938,245.20445251464844,233.20286560058594,242.3004608154297,4047310070.0
2024-11-29,243.54949951171875,246.7762908935547,236.8212432861328,237.76397705078125,4152396835.0
2024-11-30,237.74374389648438,245.23687744140625,237.7225341796875,243.54884338378906,3549156564.0
2024-12-01,237.06993103027344,239.80657958984375,234.5303955078125,237.74383544921875,3726118866.0
2024-12-02,225.75619506835938,237.87661743164062,220.5511932373047,237.0654296875,7374176295.0
2024-12-03,234.2003173828125,239.27252197265625,216.4730224609375,225.76856994628906,8404095315.0
2024-12-04,229.11929321289062,240.71958923339844,225.25491333007812,234.2003173828125,6569129896.0
2024-12-05,233.9987030029297,244.6809539794922,223.46054077148438,229.119384765625,8820663279.0
2024-12-06,237.0510711669922,246.4186553955078,231.42596435546875,236.54147338867188,6726557034.0
2024-12-07,238.54795837402344,243.1240234375,234.6590576171875,237.0510711669922,4003422914.0
2024-12-08,236.67233276367188,241.4407196044922,233.71337890625,239.48516845703125,3204778349.0
2024-12-09,217.34146118164062,237.4574432373047,209.7061309814453,237.4574432373047,8610208198.0
2024-12-10,213.82461547851562,220.74098205566406,203.7238311767578,217.32894897460938,8419973004.0
2024-12-11,227.44683837890625,230.5073699951172,211.99317932128906,213.83522033691406,5615074058.0
2024-12-12,227.02671813964844,234.33322143554688,225.95188903808594,227.4451141357422,4935392005.0
2024-12-13,224.83729553222656,228.27305603027344,220.82472229003906,227.02671813964844,4029626623.0
2024-12-14,219.84075927734375,227.241943359375,215.34423828125,224.83729553222656,2925240730.0
2024-12-15,223.6576690673828,225.066650390625,215.91073608398438,219.84075927734375,2969473030.0
2024-12-16,216.3349609375,227.04476928710938,213.48239135742188,223.6561279296875,5071129914.0
2024-12-17,222.8167266845703,228.68629455566406,211.90963745117188,216.33377075195312,6445051900.0
2024-12-18,206.38174438476562,225.89439392089844,205.00486755371094,222.82318115234375,6888988933.0
2024-12-19,194.28451538085938,211.99520874023438,188.02752685546875,206.3828125,8043974299.0
2024-12-20,194.2081756591797,199.36219787597656,175.90516662597656,194.2822723388672,9600073165.0
2024-12-21,181.30145263671875,201.63169860839844,178.74005126953125,194.2073974609375,5368845730.0
2024-12-22,180.16891479492188,187.53346252441406,177.13406372070312,181.2868194580078,4001292417.0
2024-12-23,189.75369262695312,193.0481414794922,176.71888732910156,180.17428588867188,4922594345.0
2024-12-24,196.98902893066406,198.69613647460938,186.11529541015625,189.75369262695312,3412375255.0
2024-12-25,197.4790802001953,201.6346435546875,195.35304260253906,196.99136352539062,2688415733.0
2024-12-26,188.21810913085938,199.39797973632812,186.8555908203125,197.47515869140625,2864701219.0
2024-12-27,183.82847595214844,193.75335693359375,182.94712829589844,188.216552734375,2788285851.0
2024-12-28,195.01353454589844,195.43544006347656,183.8333282470703,183.83338928222656,2158687217.0
2024-12-29,189.7442626953125,197.1810760498047,188.34100341796875,195.02244567871094,2165753102.0
2024-12-30,191.02804565429688,196.12290954589844,185.93760681152344,189.74420166015625,3246300054.0
2024-12-31,189.2644805908203,198.6783905029297,187.97987365722656,191.04530334472656,3276526561.0
2025-01-01,193.8737335205078,194.81849670410156,187.87945556640625,189.2669219970703,2324231668.0
2025-01-02,207.7670440673828,209.0667266845703,193.25852966308594,193.87213134765625,4230329837.0
2025-01-03,217.74732971191406,219.5595245361328,205.65240478515625,207.76760864257812,4064420852.0
2025-01-04,216.6229248046875,217.90504455566406,213.83145141601562,217.748046875,2432220391.0
2025-01-05,213.3936309814453,218.87840270996094,211.76522827148438,216.6227569580078,2403765299.0
2025-01-06,218.72312927246094,222.95297241210938,211.65313720703125,213.39483642578125,3408034919.0
2025-01-07,202.23025512695312,219.14230346679688,202.12490844726562,218.41293334960938,4360983978.0
2025-01-08,197.55905151367188,203.06031799316406,188.9578857421875,202.22787475585938,5028291858.0
2025-01-09,185.02528381347656,198.9010009765625,182.32232666015625,197.55905151367188,3815664216.0
2025-01-10,187.5791778564453,192.75631713867188,183.86676025390625,185.0131378173828,3739014100.0
2025-01-11,187.99551391601562,191.71881103515625,184.27743530273438,187.57118225097656,2174290937.0
2025-01-12,188.5603790283203,190.74917602539062,185.2522735595703,187.99533081054688,1544086708.0
2025-01-13,182.83535766601562,191.77517700195312,170.6289825439453,188.55091857910156,5225490858.0
2025-01-14,187.49859619140625,189.93731689453125,181.9566650390625,182.83299255371094,2748310371.0
2025-01-15,205.91134643554688,205.93495178222656,186.00299072265625,187.49818420410156,4071481523.0
2025-01-16,211.22784423828125,216.83995056152344,198.6625213623047,205.92196655273438,6099125467.0
2025-01-17,219.62161254882812,221.8524169921875,209.96925354003906,211.22840881347656,5118230275.0
2025-01-18,261.8697509765625,268.74658203125,217.57504272460938,219.62069702148438,23186958912.0
2025-01-19,250.58636474609375,294.3349609375,239.61058044433594,261.8724365234375,33172955667.0
2025-01-20,242.25022888183594,272.1530456542969,231.63455200195312,250.62496948242188,22690757561.0
2025-01-21,250.41378784179688,259.829345703125,231.67591857910156,242.2365264892578,10694802909.0
2025-01-22,257.23736572265625,271.530029296875,248.75160217285156,250.41378784179688,8880832578.0
2025-01-23,253.4552001953125,258.129150390625,242.49618530273438,257.2362365722656,9264528949.0
2025-01-24,253.36122131347656,269.8057861328125,247.6314697265625,253.4552001953125,7483041553.0
2025-01-25,256.0735778808594,260.5824890136719,246.65911865234375,253.36631774902344,5035419721.0
2025-01-26,240.88345336914062,259.6344909667969,240.85243225097656,256.0738830566406,4178231600.0
2025-01-27,235.07444763183594,242.42901611328125,221.97532653808594,240.8853302001953,10736630238.0
2025-01-28,227.20396423339844,243.894775390625,225.25985717773438,235.07296752929688,5105320114.0
2025-01-29,227.94493103027344,237.7097625732422,222.9235076904297,227.20278930664062,5385638692.0
2025-01-30,239.0231475830078,244.32595825195312,227.1376190185547,227.9530487060547,4636567306.0
2025-01-31,231.63790893554688,241.66659545898438,228.4788360595703,239.01669311523438,4043216055.0
2025-02-01,213.78501892089844,233.86383056640625,213.4364013671875,231.64060974121094,3546350864.0
2025-02-02,203.11962890625,218.38438415527344,195.44923400878906,213.78094482421875,8432593480.0
2025-02-03,216.1495819091797,218.64768981933594,180.4093017578125,203.1215057373047,15260840772.0
2025-02-04,207.09197998046875,219.99588012695312,202.84884643554688,216.1505126953125,7328632702.0
2025-02-05,195.98814392089844,209.31875610351562,195.3905792236328,207.0771026611328,3826498437.0
2025-02-06,189.77249145507812,203.8878173828125,188.16552734375,195.98638916015625,3936545265.0
2025-02-07,192.20465087890625,203.15052795410156,188.48074340820312,189.75770568847656,4593806344.0
2025-02-08,199.5998992919922,200.83197021484375,190.12876892089844,192.20254516601562,2387525186.0
2025-02-09,200.49755859375,207.27464294433594,194.24131774902344,199.5897979736328,3380872965.0
2025-02-10,200.35635375976562,208.82749938964844,196.38076782226562,200.4982452392578,4106376694.0
2025-02-11,197.98236083984375,205.9241943359375,195.32150268554688,200.35891723632812,3907611299.0
2025-02-12,196.7738037109375,198.44981384277344,189.60842895507812,197.98385620117188,4290836657.0
2025-02-13,194.46095275878906,198.26075744628906,189.42771911621094,196.7738037109375,2755407329.0
2025-02-14,199.9356689453125,205.12501525878906,194.3540496826172,194.45455932617188,3732334277.0
2025-02-15,194.48208618164062,200.0533905029297,192.81378173828125,199.88677978515625,1869221857.0
2025-02-16,188.4864044189453,196.0703125,186.97987365722656,194.4811553955078,2160799161.0
2025-02-17,177.6897430419922,189.50650024414062,175.2635498046875,188.48521423339844,4345262539.0
2025-02-18,169.08428955078125,178.94607543945312,161.30545043945312,177.68861389160156,6684824301.0
2025-02-19,169.01080322265625,174.12147521972656,163.9593963623047,169.08543395996094,3717681436.0
2025-02-20,176.04888916015625,176.588134765625,167.8734588623047,169.00534057617188,3347070717.0
2025-02-21,168.89163208007812,180.4339599609375,167.30506896972656,176.03500366210938,4684370707.0
2025-02-22,172.16285705566406,174.46559143066406,168.367431640625,168.89163208007812,2026581266.0
2025-02-23,168.03811645507812,173.0360565185547,166.62765502929688,172.16346740722656,1621130854.0
2025-02-24,141.98948669433594,169.56248474121094,140.56651306152344,168.03811645507812,7062261489.0
2025-02-25,144.10775756835938,146.7398681640625,132.48583984375,141.99234008789062,9341433919.0
2025-02-26,134.83132934570312,144.8746795654297,130.69107055664062,144.09996032714844,4916419994.0
2025-02-27,137.6208038330078,142.1814727783203,134.729736328125,134.83160400390625,3723520943.0
2025-02-28,148.03001403808594,148.183837890625,125.74221801757812,137.6207733154297,7544673033.0
2025-03-01,143.6757049560547,150.7871551513672,138.68467712402344,148.03021240234375,3305410077.0
2025-03-02,178.49549865722656,178.50856018066406,140.29757690429688,143.67672729492188,11540413390.0
2025-03-03,142.02108764648438,178.6346435546875,139.79010009765625,178.4952392578125,9241009702.0
2025-03-04,144.9165802001953,146.39646911621094,131.57347106933594,142.03318786621094,8035056091.0
2025-03-05,146.26730346679688,149.4854736328125,140.59686279296875,144.91880798339844,4501939048.0
2025-03-06,143.355224609375,152.7792510986328,142.7803955078125,146.27066040039062,4204376336.0
2025-03-07,139.20913696289062,150.02325439453125,135.7171630859375,143.355224609375,6090751623.0
2025-03-08,136.94207763671875,140.90457153320312,135.48297119140625,139.20913696289062,2270939562.0
2025-03-09,126.43543243408203,139.72576904296875,125.93571472167969,136.9428253173828,3429886567.0
2025-03-10,118.291748046875,131.24095153808594,115.91789245605469,126.43543243408203,5519806938.0
2025-03-11,125.26394653320312,128.14886474609375,113.189208984375,118.29167175292969,5259428587.0
2025-03-12,126.58324432373047,130.6551055908203,121.36756134033203,125.26190185546875,4112201839.0
2025-03-13,123.28614807128906,128.15863037109375,120.90947723388672,126.58324432373047,2871050068.0
2025-03-14,133.31448364257812,135.6434783935547,123.11714935302734,123.2865982055664,3161542602.0
2025-03-15,135.91253662109375,136.48133850097656,132.55995178222656,133.31324768066406,1844463215.0
2025-03-16,125.98810577392578,136.468994140625,125.38740539550781,135.9167938232422,2456569508.0
2025-03-17,128.16371154785156,130.52687072753906,125.86190032958984,125.98741912841797,2487364373.0
2025-03-18,125.31269836425781,128.16134643554688,121.94453430175781,128.16134643554688,2534317858.0
2025-03-19,135.572509765625,135.92552185058594,124.29732513427734,125.31228637695312,3539287974.0
2025-03-20,127.49718475341797,135.77261352539062,126.85357666015625,135.57415771484375,2469659459.0
2025-03-21,128.43031311035156,129.95623779296875,124.97737121582031,127.49885559082031,2370317364.0
2025-03-22,128.4849853515625,131.57618713378906,127.93255615234375,128.429931640625,1442831196.0
2025-03-23,132.5993194580078,133.9619598388672,128.34225463867188,128.48448181152344,1711242607.0
2025-03-24,140.86927795410156,144.88308715820312,132.16180419921875,132.5993194580078,4207560020.0
2025-03-25,143.81707763671875,147.05799865722656,138.3466796875,140.87472534179688,3585353324.0
2025-03-26,137.28857421875,145.3684844970703,136.1363525390625,143.81707763671875,3083070981.0
2025-03-27,138.34738159179688,140.1745147705078,135.92221069335938,137.29095458984375,2660348034.0
2025-03-28,129.42315673828125,138.95281982421875,127.98094177246094,138.3472442626953,3532896573.0
2025-03-29,124.587646484375,130.38050842285156,123.07389068603516,129.4245147705078,2253256988.0
2025-03-30,124.64263153076172,126.6233901977539,123.3007583618164,124.58648681640625,1639017444.0
2025-03-31,124.69412994384766,127.6968994140625,123.07923889160156,124.64402770996094,3206702485.0
2025-04-01,126.68238067626953,130.0324249267578,123.94904327392578,124.6953353881836,2993289339.0
2025-04-02,117.75762939453125,135.69578552246094,117.74427795410156,126.67960357666016,5399672438.0
2025-04-03,117.06145477294922,120.78982543945312,112.47826385498047,117.74919891357422,4633002432.0
2025-04-04,122.78688049316406,123.90060424804688,113.60323333740234,117.06481170654297,5182517335.0
2025-04-05,120.25899505615234,122.78691101074219,117.18880462646484,122.78643035888672,1667996329.0
2025-04-06,105.7120132446289,120.93267822265625,104.0041275024414,120.25850677490234,3822458629.0
2025-04-07,106.90277862548828,111.47198486328125,96.58806610107422,105.7120132446289,8644174246.0
2025-04-08,105.51219177246094,112.29893493652344,103.14452362060547,106.90526580810547,5353641480.0
2025-04-09,119.05754089355469,120.47077178955078,101.43473815917969,105.50959014892578,7096350476.0
2025-04-10,112.80392456054688,119.08255767822266,108.60169219970703,119.06228637695312,4310698523.0
2025-04-11,121.53237915039062,122.39859008789062,112.1864242553711,112.80731964111328,3953610468.0
2025-04-12,132.26055908203125,133.75885009765625,119.65934753417969,121.53269958496094,4089397536.0
2025-04-13,128.58079528808594,133.5068359375,125.52386474609375,132.26258850097656,3818650340.0
2025-04-14,129.3103790283203,135.18695068359375,128.23287963867188,128.5781707763672,4425565001.0
2025-04-15,126.26313018798828,134.1931915283203,126.1368637084961,129.31101989746094,3272094237.0
2025-04-16,131.44969177246094,133.59011840820312,123.72075653076172,126.26312255859375,4448562334.0
2025-04-17,134.69874572753906,135.9093475341797,129.73309326171875,131.45022583007812,3504448606.0
2025-04-18,134.07350158691406,135.868896484375,132.58799743652344,134.70419311523438,2142264993.0
2025-04-19,139.75025939941406,140.0926055908203,133.69476318359375,134.07350158691406,2522912658.0
2025-04-20,137.77459716796875,141.8303680419922,135.77146911621094,139.75289916992188,2796023398.0
2025-04-21,136.7043914794922,142.66159057617188,134.1223602294922,137.77459716796875,4162691832.0
2025-04-22,148.73941040039062,149.94924926757812,135.3777618408203,136.70184326171875,4659792312.0
2025-04-23,151.15272521972656,153.86874389648438,147.45079040527344,148.74000549316406,4699152180.0
2025-04-24,152.3036346435547,152.75404357910156,145.66134643554688,151.15394592285156,3903057847.0
2025-04-25,150.91500854492188,156.04518127441406,150.12779235839844,152.32135009765625,4411923686.0
2025-04-26,149.28936767578125,153.01953125,148.03741455078125,150.91726684570312,2128235815.0
2025-04-27,148.24583435058594,150.20872497558594,145.7666015625,149.28970336914062,2015737709.0
2025-04-28,147.8099365234375,153.20770263671875,144.89144897460938,148.2451629638672,3819502747.0
2025-04-29,146.42787170410156,150.044189453125,145.16932678222656,147.8099365234375,2872743502.0
2025-04-30,147.64320373535156,148.20928955078125,140.71209716796875,146.427490234375,3017472875.0
2025-05-01,150.84658813476562,153.86590576171875,147.61297607421875,147.6449737548828,3224541533.0
2025-05-02,148.05003356933594,151.73170471191406,147.45223999023438,150.8431396484375,2823970426.0
2025-05-03,146.79605102539062,148.95945739746094,146.1094970703125,148.0498504638672,1567415096.0
2025-05-04,143.98306274414062,147.68251037597656,143.82241821289062,146.79595947265625,1636835620.0
2025-05-05,146.69664001464844,147.61659240722656,142.89988708496094,143.98593139648438,2238980623.0
2025-05-06,146.7664031982422,147.0896453857422,141.6705322265625,146.69577026367188,2728680947.0
2025-05-07,147.2137451171875,149.33984375,144.88270568847656,146.7668914794922,4316881378.0
2025-05-08,163.96078491210938,163.9750518798828,147.2141876220703,147.21726989746094,6372889923.0
2025-05-09,172.82827758789062,175.86207580566406,161.24777221679688,163.96023559570312,7452318987.0
2025-05-10,177.62181091308594,178.5718536376953,168.92941284179688,172.82769775390625,4012477696.0
2025-05-11,173.02645874023438,179.62252807617188,169.7177276611328,177.62289428710938,4025374577.0
2025-05-12,174.24789428710938,180.9514923095703,169.07826232910156,173.03668212890625,6940951587.0
2025-05-13,184.00625610351562,184.70140075683594,166.80731201171875,174.24620056152344,5170161208.0
2025-05-14,176.709228515625,184.7181854248047,173.7317352294922,184.0063018798828,4610872279.0
2025-05-15,169.00999450683594,178.10504150390625,167.28016662597656,176.7086639404297,4347587992.0
2025-05-16,167.33395385742188,173.95809936523438,166.75723266601562,169.0146942138672,3495576096.0
2025-05-17,165.9308319091797,169.76828002929688,164.22494506835938,167.33395385742188,2783616834.0
2025-05-18,173.89871215820312,176.4924774169922,165.51353454589844,165.93197631835938,3866092629.0
2025-05-19,166.86422729492188,173.83853149414062,159.64749145507812,173.83578491210938,4498613127.0
2025-05-20,168.4836883544922,172.86056518554688,164.77964782714844,166.8642120361328,3787047019.0
2025-05-21,173.68173217773438,175.5224151611328,166.30487060546875,168.48411560058594,5254974027.0
2025-05-22,179.69094848632812,180.54624938964844,172.7552490234375,173.6822052001953,4913432701.0
2025-05-23,173.82542419433594,187.27975463867188,173.5706329345703,179.69146728515625,7488253558.0
2025-05-24,176.0424041748047,178.1427459716797,172.79171752929688,173.8404083251953,3002798120.0
2025-05-25,175.72547912597656,176.72129821777344,169.3577880859375,176.03448486328125,3395309315.0
2025-05-26,174.90789794921875,178.97799682617188,173.7002410888672,175.7256622314453,2872898398.0
2025-05-27,176.815185546875,179.2212677001953,171.57545471191406,174.90769958496094,3737068836.0
2025-05-28,172.18955993652344,177.37599182128906,169.10569763183594,176.8146514892578,3454599629.0
2025-05-29,166.5881805419922,175.1842803955078,166.25851440429688,172.1905975341797,3480369993.0
2025-05-30,156.23471069335938,167.3471221923828,156.03465270996094,166.5934295654297,4458908034.0
2025-05-31,156.63894653320312,157.9366912841797,152.441650390625,156.23594665527344,2817151487.0
2025-06-01,157.7845458984375,157.82785034179688,150.84341430664062,156.6378936767578,2554572841.0
2025-06-02,156.99806213378906,158.89463806152344,151.99745178222656,157.7837371826172,3070599881.0
2025-06-03,155.34317016601562,163.39369201660156,154.70765686035156,156.9980926513672,3739800274.0
2025-06-04,153.35964965820312,157.85304260253906,153.17564392089844,155.3417205810547,2694510572.0
2025-06-05,144.54295349121094,154.5604248046875,141.90293884277344,153.3593292236328,4691163987.0
2025-06-06,147.9131317138672,152.02252197265625,144.44039916992188,144.54290771484375,2780168622.0
2025-06-07,150.13406372070312,152.82553100585938,147.18727111816406,147.90805053710938,1895979261.0
2025-06-08,152.4300994873047,155.04188537597656,148.22442626953125,150.13389587402344,1928262265.0
2025-06-09,161.08865356445312,161.4990997314453,149.8399200439453,152.4300994873047,3689102023.0
2025-06-10,165.02816772460938,165.53392028808594,156.84259033203125,161.09471130371094,4891108456.0
2025-06-11,161.0558624267578,168.0181121826172,159.42578125,165.02816772460938,5292694830.0
2025-06-12,152.7896728515625,161.20278930664062,152.23741149902344,161.0558624267578,3655760294.0
2025-06-13,148.62835693359375,152.78704833984375,141.43714904785156,152.78704833984375,6346327306.0
2025-06-14,144.7637481689453,148.64666748046875,142.22569274902344,148.63223266601562,2159011897.0
2025-06-15,152.81439208984375,153.21786499023438,144.36363220214844,144.76339721679688,3600058127.0
2025-06-16,150.8699951171875,158.60787963867188,150.8699951171875,152.81439208984375,4629439778.0
2025-06-17,147.7498016357422,154.14801025390625,145.87115478515625,150.8648681640625,4505742897.0
2025-06-18,146.35311889648438,149.15914916992188,143.96722412109375,147.74905395507812,3507323344.0
2025-06-19,147.07147216796875,147.78707885742188,143.11187744140625,146.3552703857422,2754965137.0
2025-06-20,140.16859436035156,148.71890258789062,136.5124053955078,147.07290649414062,4112242022.0
2025-06-21,135.1610107421875,142.49974060058594,132.41424560546875,140.1680450439453,3335622844.0
2025-06-22,131.61569213867188,137.55213928222656,126.82627868652344,135.19635009765625,4990284543.0
2025-06-23,144.8467254638672,146.59849548339844,131.16085815429688,131.61585998535156,5742740781.0
2025-06-24,145.95452880859375,146.5894775390625,142.56668090820312,144.8467254638672,3709899362.0
2025-06-25,143.505126953125,147.77401733398438,142.55795288085938,145.95350646972656,3095794422.0
2025-06-26,139.0598602294922,147.7301483154297,138.8082275390625,143.5052947998047,3480832173.0
2025-06-27,142.1914825439453,144.4037322998047,137.79420471191406,139.05978393554688,3327165986.0
2025-06-28,150.8275604248047,152.43739318847656,141.3493194580078,142.19203186035156,2847495210.0
2025-06-29,153.35308837890625,154.42337036132812,149.532470703125,150.82598876953125,2462940245.0
2025-06-30,154.7353057861328,159.63160705566406,149.61244201660156,153.35308837890625,4752163067.0
2025-07-01,146.9266357421875,155.34742736816406,145.212890625,154.7350311279297,3599415509.0
2025-07-02,152.22763061523438,154.4098358154297,146.232177734375,146.92874145507812,3941952132.0
2025-07-03,152.40179443359375,156.1884765625,150.15145874023438,152.2285614013672,3748228101.0
2025-07-04,147.76364135742188,153.55760192871094,145.45196533203125,152.4020233154297,3575641174.0
2025-07-05,147.64144897460938,148.59071350097656,146.07684326171875,147.76290893554688,1579874806.0
2025-07-06,151.87294006347656,153.38705444335938,146.8997344970703,147.64146423339844,2921512526.0
2025-07-07,148.87234497070312,153.27696228027344,147.78939819335938,151.8733367919922,3661294298.0
2025-07-08,151.81039428710938,152.79660034179688,147.9498748779297,148.87196350097656,3885408944.0
2025-07-09,157.28150939941406,157.88002014160156,150.69989013671875,151.81039428710938,4759358090.0
2025-07-10,164.06277465820312,165.0765838623047,156.0460662841797,157.28150939941406,5703252463.0
2025-07-11,162.8833770751953,167.92196655273438,160.06564331054688,164.06253051757812,7095844188.0
2025-07-12,160.68484497070312,163.84532165527344,157.99803161621094,162.8833770751953,3795297694.0
2025-07-13,161.1940155029297,163.9575958251953,159.9158477783203,160.68484497070312,3865898680.0
2025-07-14,162.2752227783203,168.33612060546875,160.7777862548828,161.1940155029297,7130680773.0
2025-07-15,163.950439453125,164.12208557128906,157.60275268554688,162.27561950683594,6533486768.0
2025-07-16,173.70848083496094,175.83580017089844,161.69142150878906,163.950439453125,8415349750.0
2025-07-17,175.7930450439453,178.0684356689453,169.03152465820312,173.70848083496094,7913250794.0
2025-07-18,177.38197326660156,184.36900329589844,173.91468811035156,175.79193115234375,8439352014.0
2025-07-19,177.07012939453125,178.369384765625,174.31314086914062,177.3819122314453,4074891432.0
2025-07-20,181.54603576660156,183.31976318359375,176.52830505371094,177.07049560546875,6503778374.0
2025-07-21,195.9942626953125,198.91555786132812,178.56219482421875,181.54525756835938,11211509986.0
2025-07-22,205.70054626464844,205.87147521972656,194.2823028564453,195.98789978027344,14508715185.0
2025-07-23,189.54293823242188,205.75608825683594,184.32736206054688,205.71124267578125,10671351702.0
2025-07-24,182.60606384277344,191.88336181640625,179.94815063476562,189.539306640625,8921891799.0
2025-07-25,186.7796630859375,186.78858947753906,176.41354370117188,182.60394287109375,8613557362.0
2025-07-26,184.91387939453125,189.64695739746094,184.5326690673828,186.77980041503906,3756183776.0
2025-07-27,188.73348999023438,190.44314575195312,184.74012756347656,184.91197204589844,4713357652.0
2025-07-28,182.54156494140625,194.65802001953125,182.36875915527344,188.7321014404297,7456216270.0
2025-07-29,181.33531188964844,186.4884490966797,178.57058715820312,182.55848693847656,5430304723.0
2025-07-30,177.6940155029297,182.3795166015625,172.34226989746094,181.33531188964844,6074764559.0
2025-07-31,172.42434692382812,182.48248291015625,171.85279846191406,177.69378662109375,5443530167.0
2025-08-01,162.87709045410156,172.4171142578125,159.78857421875,172.4171142578125,8200357157.0
2025-08-02,158.48301696777344,165.1070098876953,156.0843505859375,162.87709045410156,4455060056.0
2025-08-03,161.95497131347656,162.8240509033203,156.87167358398438,158.48341369628906,3702562222.0
2025-08-04,169.42568969726562,169.71173095703125,161.43699645996094,161.9629669189453,4977909460.0
2025-08-05,164.096435546875,171.56015014648438,161.64089965820312,169.4277801513672,4979304041.0
2025-08-06,168.1757354736328,169.86183166503906,161.40118408203125,164.09857177734375,3851544154.0
2025-08-07,175.4854278564453,175.48870849609375,166.89454650878906,168.17543029785156,5177005321.0
2025-08-08,176.76329040527344,179.35963439941406,173.70159912109375,175.48545837402344,6565011386.0
2025-08-09,180.18234252929688,183.14248657226562,176.7598419189453,176.76312255859375,5297615193.0
2025-08-10,182.90301513671875,185.916748046875,177.99513244628906,180.18289184570312,6719478867.0
2025-08-11,174.97781372070312,186.6573028564453,173.68667602539062,182.9030303955078,7353962794.0
2025-08-12,191.85682678222656,193.4408416748047,173.8356170654297,174.9778289794922,8611505118.0
2025-08-13,201.59042358398438,204.4700164794922,191.49545288085938,191.85682678222656,11831412257.0
2025-08-14,192.58595275878906,209.66685485839844,187.7833709716797,201.58673095703125,14664456934.0
2025-08-15,185.7412567138672,198.13832092285156,183.76400756835938,192.5877685546875,7685764515.0
2025-08-16,189.76699829101562,189.98114013671875,185.45777893066406,185.7395477294922,3716008732.0
2025-08-17,191.16482543945312,195.4407958984375,187.7236785888672,189.76585388183594,4221788171.0
2025-08-18,183.0698699951172,191.35415649414062,180.4141082763672,191.16448974609375,6328028844.0
2025-08-19,176.11227416992188,185.7837371826172,175.99241638183594,183.06968688964844,5990636025.0
2025-08-20,187.5863037109375,187.68954467773438,176.10101318359375,176.11387634277344,6283111574.0
2025-08-21,180.28062438964844,189.40052795410156,179.7133331298828,187.5863037109375,5379108039.0
2025-08-22,200.64744567871094,201.93734741210938,177.47476196289062,180.27969360351562,10256417346.0
2025-08-23,203.93673706054688,207.83900451660156,195.37184143066406,200.6461639404297,7845395369.0
2025-08-24,205.8523712158203,211.76023864746094,201.7071990966797,203.93714904785156,11456987571.0
2025-08-25,187.2784423828125,213.00613403320312,186.02505493164062,205.85543823242188,13048248034.0
2025-08-26,195.90509033203125,197.84652709960938,186.17344665527344,187.26841735839844,8032115173.0
2025-08-27,202.92337036132812,211.85757446289062,194.0631103515625,195.906005859375,12883119559.0
2025-08-28,214.4056396484375,216.08740234375,202.00714111328125,202.9257049560547,12079041801.0
2025-08-29,205.22000122070312,217.83670043945312,200.43594360351562,214.40133666992188,14055051455.0
2025-08-30,202.86013793945312,206.80039978027344,197.89419555664062,205.2144775390625,5828701739.0
2025-08-31,200.86354064941406,206.5069580078125,200.6566925048828,202.85719299316406,5028997406.0
2025-09-01,197.10833740234375,204.2178497314453,194.37802124023438,200.8618621826172,7253329838.0
2025-09-02,209.48153686523438,209.48153686523438,197.09365844726562,197.10958862304688,8625200488.0
2025-09-03,210.74630737304688,212.82351684570312,207.58407592773438,209.4827880859375,6966454259.0
2025-09-04,202.5601806640625,211.79501342773438,202.12701416015625,210.74630737304688,5241887525.0
2025-09-05,203.49851989746094,209.8600616455078,201.1800079345703,202.54673767089844,7780086538.0
2025-09-06,200.24630737304688,204.5575408935547,199.64039611816406,203.49851989746094,3057210360.0
2025-09-07,206.4681854248047,207.86734008789062,200.22850036621094,200.2473602294922,4153166545.0
2025-09-08,214.1864013671875,216.8997802734375,205.7173614501953,206.46453857421875,10019366594.0
2025-09-09,217.2506866455078,219.52349853515625,211.1582489013672,214.18653869628906,8798692220.0
2025-09-10,223.98690795898438,225.51246643066406,215.27252197265625,217.25039672851562,9070263027.0
2025-09-11,228.7561798095703,228.90882873535156,222.025146484375,223.98568725585938,9580815361.0
2025-09-12,242.30328369140625,243.78890991210938,228.2635498046875,228.75624084472656,13008621197.0
2025-09-13,242.5959014892578,244.14328002929688,236.47329711914062,242.3009796142578,7478581447.0
2025-09-14,240.5576934814453,249.12413024902344,240.21392822265625,242.59559631347656,9358190854.0
2025-09-15,234.35755920410156,244.0004119873047,230.4840087890625,240.548095703125,10017744936.0
2025-09-16,236.9895782470703,240.6835174560547,231.8729705810547,234.35922241210938,7521208086.0
2025-09-17,244.85745239257812,246.4639434814453,232.7739715576172,236.97752380371094,10420751509.0
2025-09-18,247.6371307373047,253.20989990234375,242.90658569335938,244.85130310058594,9258651570.0
2025-09-19,238.55270385742188,248.50660705566406,235.87193298339844,247.63824462890625,7513642552.0
2025-09-20,239.5924835205078,240.99896240234375,237.17776489257812,238.5497589111328,3518711912.0
2025-09-21,236.57545471191406,241.80892944335938,235.71669006347656,239.5933074951172,3513052984.0
2025-09-22,220.49644470214844,236.8692626953125,216.9177703857422,236.57421875,12102727916.0
2025-09-23,213.71730041503906,221.3500518798828,212.8028564453125,220.50390625,7373425460.0
2025-09-24,211.75625610351562,216.38018798828125,206.0406036376953,213.71072387695312,8377116522.0
2025-09-25,192.38076782226562,212.4007568359375,192.08314514160156,211.75344848632812,12314273479.0
2025-09-26,205.35255432128906,205.415283203125,191.12664794921875,192.39796447753906,10334548744.0
2025-09-27,203.5833282470703,205.39913940429688,200.2690887451172,205.34518432617188,4016294139.0
2025-09-28,210.7377471923828,210.89622497558594,198.3204345703125,203.58323669433594,4467879569.0
2025-09-29,213.05340576171875,214.6881103515625,205.1308135986328,210.73973083496094,6886600486.0
2025-09-30,208.7431182861328,213.50680541992188,204.56564331054688,213.0449676513672,6873718512.0
2025-10-01,221.67587280273438,221.67587280273438,206.62066650390625,208.7422332763672,8264703260.0
2025-10-02,234.85687255859375,234.86058044433594,219.85984802246094,221.69473266601562,9665302715.0
2025-10-03,233.00196838378906,236.7911834716797,227.67674255371094,234.85398864746094,9289248668.0
2025-10-04,228.00320434570312,233.90084838867188,224.4738311767578,233.0009765625,4553115834.0
2025-10-05,228.6011962890625,236.77723693847656,226.89816284179688,228.00250244140625,7132874650.0
2025-10-06,232.5160369873047,237.32254028320312,227.998046875,228.60110473632812,7521265450.0
2025-10-07,220.4827117919922,235.08648681640625,220.45469665527344,232.5147705078125,9339230314.0
2025-10-08,229.10121154785156,229.5643310546875,218.18418884277344,220.4855499267578,7198664384.0
2025-10-09,220.99107360839844,229.31578063964844,217.19894409179688,229.0968780517578,7901186012.0
2025-10-10,188.6638641357422,224.25440979003906,174.06973266601562,220.99305725097656,16784427014.0
2025-10-11,178.05416870117188,190.87913513183594,173.75479125976562,188.63890075683594,12850012618.0
2025-10-12,197.508544921875,198.8739776611328,173.52139282226562,178.0561981201172,11797041281.0
2025-10-13,208.36729431152344,209.2491912841797,191.9441680908203,197.51219177246094,11469454798.0
2025-10-14,202.46034240722656,211.10504150390625,191.6710205078125,208.36355590820312,13600198608.0
2025-10-15,194.02186584472656,208.33116149902344,192.70005798339844,202.4618682861328,9867608882.0
2025-10-16,184.68894958496094,197.95574951171875,182.2513427734375,194.02186584472656,10042886154.0
2025-10-17,182.0347900390625,187.42857360839844,174.74417114257812,184.6862030029297,10401735741.0
2025-10-18,187.66029357910156,188.26788330078125,182.02398681640625,182.03616333007812,4108902789.0
2025-10-19,187.79820251464844,192.2006072998047,183.458251953125,187.66029357910156,4863227045.0
2025-10-20,189.75067138671875,194.34115600585938,184.046630859375,187.79830932617188,6103945646.0
2025-10-21,185.66627502441406,197.37448120117188,183.31324768066406,189.7620391845703,8186574439.0
2025-10-22,180.14813232421875,187.32662963867188,177.6731414794922,185.66732788085938,7337365275.0
2025-10-23,191.38827514648438,193.17556762695312,179.80087280273438,180.14813232421875,6358339771.0
2025-10-24,193.5602264404297,195.3123321533203,189.10888671875,191.3885955810547,5855077941.0
2025-10-25,194.04037475585938,195.08335876464844,191.60333251953125,193.56082153320312,3170047006.0
2025-10-26,200.02862548828125,200.6212158203125,192.1607666015625,194.03758239746094,4753310567.0
2025-10-27,198.74171447753906,205.02005004882812,197.59854125976562,200.02748107910156,6714497027.0
2025-10-28,194.4427947998047,203.83175659179688,191.38519287109375,198.74099731445312,8093133805.0
2025-10-29,194.41087341308594,201.6774444580078,190.6092071533203,194.43362426757812,8057327834.0
2025-10-30,184.62442016601562,198.0394744873047,179.2217254638672,194.40017700195312,8688393422.0
2025-10-31,187.20947265625,189.85353088378906,184.02078247070312,184.6289520263672,5699604751.0
2025-11-01,186.3800506591797,187.34556579589844,184.0620880126953,187.20925903320312,2742470897.0
2025-11-02,187.8259735107422,188.1415252685547,182.82925415039062,186.37965393066406,3213989849.0
2025-11-03,166.0906982421875,188.7412109375,163.5452880859375,187.8260498046875,10083921329.0
2025-11-04,155.40318298339844,168.20030212402344,146.7495574951172,166.0955352783203,11720472283.0
2025-11-05,162.56607055664062,163.65786743164062,147.89247131347656,155.3994598388672,7278004532.0
2025-11-06,155.06591796875,162.779296875,153.79432678222656,162.56338500976562,5543550041.0
2025-11-07,161.7081756591797,164.09254455566406,150.44387817382812,155.06640625,6565811742.0
2025-11-08,158.10250854492188,164.70510864257812,156.08547973632812,161.70852661132812,3777278818.0
2025-11-09,164.45384216308594,166.2310333251953,155.38453674316406,158.1029815673828,4538025398.0
2025-11-10,167.36700439453125,170.15528869628906,163.8563995361328,164.45126342773438,5424364139.0
2025-11-11,154.56832885742188,171.6073455810547,154.26486206054688,167.36734008789062,6202061657.0
2025-11-12,153.2620391845703,161.01406860351562,151.46876525878906,154.56333923339844,5979682267.0
2025-11-13,145.1084747314453,156.98609924316406,141.3976593017578,153.2600555419922,7354986019.0
2025-11-14,138.67660522460938,145.46722412109375,136.0413360595703,145.1084747314453,8170562276.0
2025-11-15,139.5352020263672,143.59059143066406,138.67660522460938,138.67660522460938,3449336899.0
2025-11-16,137.26573181152344,143.15945434570312,134.96566772460938,139.5326690673828,4722106857.0
2025-11-17,130.8482666015625,142.46754455566406,129.01918029785156,137.26535034179688,7330608944.0
2025-11-18,140.71438598632812,141.83172607421875,129.3094024658203,130.84869384765625,7400753648.0
2025-11-19,136.76695251464844,142.47825622558594,130.64390563964844,140.71438598632812,6005404886.0
2025-11-20,133.51715087890625,144.3306121826172,131.38912963867188,136.76776123046875,8497498957.0
2025-11-21,128.50050354003906,134.7876434326172,122.27206420898438,133.5139617919922,10081815694.0
2025-11-22,127.55120086669922,129.64389038085938,125.40487670898438,128.49856567382812,3490973210.0
2025-11-23,130.70506286621094,133.32691955566406,127.55113220214844,127.55113220214844,3820042054.0
2025-11-24,138.37135314941406,139.48390197753906,128.54151916503906,130.70603942871094,6046925667.0
2025-11-25,138.89114379882812,140.3466339111328,133.5081329345703,138.37889099121094,4512057787.0
2025-11-26,143.01219177246094,144.47103881835938,135.63246154785156,138.88987731933594,5361639551.0
2025-11-27,140.84640502929688,144.1732177734375,140.6957550048828,143.0125274658203,3419017564.0
2025-11-28,137.39019775390625,143.30421447753906,136.28543090820312,140.8464813232422,4865188881.0
2025-11-29,136.0817108154297,137.8857879638672,135.1206817626953,137.39064025878906,2428334173.0
2025-11-30,133.5648193359375,139.93711853027344,133.5648193359375,136.0821075439453,3123775023.0
2025-12-01,126.70902252197266,133.60720825195312,123.31387329101562,133.5648193359375,6212210725.0
2025-12-02,138.67420959472656,140.66482543945312,126.1412582397461,126.7086181640625,6173683503.0
2025-12-03,144.89849853515625,145.73007202148438,137.94105529785156,138.673095703125,5809364566.0
2025-12-04,139.0145263671875,146.7203826904297,138.0679931640625,144.89154052734375,4304817495.0
2025-12-05,133.322998046875,140.3798828125,131.1352996826172,139.01397705078125,4557254539.0
2025-12-06,132.34844970703125,134.06983947753906,131.50657653808594,133.32437133789062,2061286212.0
2025-12-07,132.09356689453125,136.23268127441406,128.2851104736328,132.34986877441406,3824892147.0
2025-12-08,133.27822875976562,139.2073516845703,131.67465209960938,132.0959930419922,4710407082.0
2025-12-09,137.901611328125,144.74278259277344,131.8707275390625,133.27833557128906,5869893316.0
2025-12-10,136.46902465820312,142.44235229492188,135.8628692626953,137.90609741210938,5949930252.0
2025-12-11,136.37156677246094,137.67807006835938,129.38401794433594,136.46376037597656,5833676784.0
2025-12-12,132.3242950439453,139.98731994628906,130.67987060546875,136.36993408203125,5282060650.0
2025-12-13,133.24746704101562,134.24513244628906,131.98580932617188,132.32403564453125,2024059188.0
2025-12-14,129.48109436035156,133.5909881591797,128.9016571044922,133.24761962890625,2489001258.0
2025-12-15,127.75711822509766,134.71762084960938,123.998046875,129.48333740234375,5120043768.0
2025-12-16,129.25120544433594,129.9452667236328,125.45384979248047,127.75730895996094,3918682307.0
2025-12-17,123.11980438232422,133.4417724609375,121.55805206298828,129.25282287597656,5452646038.0
2025-12-18,119.57015228271484,128.76417541503906,117.31623077392578,123.12610626220703,5835673225.0
2025-12-19,126.1927490234375,127.5052261352539,117.79812622070312,119.57015228271484,5045203467.0
2025-12-20,125.80903625488281,126.76323699951172,125.39103698730469,126.19405364990234,1703857955.0
2025-12-21,125.99150085449219,126.45636749267578,123.60157775878906,125.81024169921875,2335972346.0
2025-12-22,125.80123138427734,128.38507080078125,124.4066162109375,125.99151611328125,3657779407.0
2025-12-23,123.85721588134766,126.73116302490234,122.32801818847656,125.80123138427734,3084149409.0
2025-12-24,122.45860290527344,124.10684204101562,120.78385925292969,123.85684204101562,2313559221.0
2025-12-25,119.9471206665039,124.19391632080078,119.90099334716797,122.45835876464844,2194207451.0
2025-12-26,122.19595336914062,124.92918395996094,119.57316589355469,119.94737243652344,3779508002.0
2025-12-27,124.64771270751953,124.74816131591797,121.86039733886719,122.19612121582031,1711358748.0
2025-12-28,125.19935607910156,125.21761322021484,123.07058715820312,124.6484146118164,2003713687.0
2025-12-29,123.12522888183594,129.30441284179688,122.42872619628906,125.19874572753906,4871847248.0
2025-12-30,124.93132019042969,126.19066619873047,122.53900146484375,123.1244888305664,3096711898.0
2025-12-31,124.48446655273438,127.11942291259766,123.46351623535156,124.93132019042969,3627228070.0
2026-01-01,126.76112365722656,126.98711395263672,124.0515365600586,124.4847412109375,2461653813.0
2026-01-02,132.1336669921875,132.98789978027344,125.79122161865234,126.76112365722656,4508641946.0
2026-01-03,133.29847717285156,133.60838317871094,129.93521118164062,132.13339233398438,2477037555.0
2026-01-04,133.8996124267578,135.35447692871094,133.22732543945312,133.2982177734375,2982580991.0
2026-01-05,137.98997497558594,139.63558959960938,133.34866333007812,133.9026336669922,5200675282.0
2026-01-06,141.09841918945312,143.0365753173828,136.3661346435547,137.9898223876953,5874437271.0
2026-01-07,136.31301879882812,141.0989227294922,134.6916046142578,141.0961151123047,3910044770.0
2026-01-08,138.29342651367188,139.83444213867188,132.82118225097656,136.31301879882812,4776764584.0
2026-01-09,135.7563934326172,140.8950653076172,135.04872131347656,138.29727172851562,5002612595.0
2026-01-10,135.7270050048828,136.81883239746094,135.29322814941406,135.75704956054688,1631651535.0
2026-01-11,139.49046325683594,141.0433807373047,135.6405029296875,135.72767639160156,3148787073.0
2026-01-12,139.1361846923828,143.9115753173828,138.42050170898438,139.49087524414062,6095296933.0
2026-01-13,145.36087036132812,147.30531311035156,137.80845642089844,139.13543701171875,6784244711.0
2026-01-14,146.7528076171875,148.21600341796875,143.52069091796875,145.36163330078125,6358680886.0
2026-01-15,142.3324432373047,146.76199340820312,141.03555297851562,146.75563049316406,4616638822.0
2026-01-16,144.8604736328125,145.3809814453125,140.43679809570312,142.3328857421875,3652609587.0
2026-01-17,143.72567749023438,144.8657684326172,143.57345581054688,144.8601531982422,1900249993.0
2026-01-18,137.99542236328125,143.82252502441406,137.9600372314453,143.72593688964844,2984193864.0
2026-01-19,133.3386993408203,137.99765014648438,132.81777954101562,137.99720764160156,5018545520.0
2026-01-20,125.70572662353516,134.38629150390625,125.67015838623047,133.33859252929688,5647782627.0
2026-01-21,129.3790740966797,131.8393096923828,125.58707427978516,125.70572662353516,5435243612.0
2026-01-22,128.28834533691406,130.49163818359375,126.85424041748047,129.3789520263672,3212054901.0
2026-01-23,127.36157989501953,129.72862243652344,125.3766098022461,128.28851318359375,3766000022.0
2026-01-24,127.05381774902344,127.90245056152344,126.56280517578125,127.363037109375,1620566908.0
2026-01-25,118.77285766601562,127.22686004638672,117.57979583740234,127.05250549316406,5349293195.0
2026-01-26,124.13972473144531,125.06038665771484,118.6618423461914,118.77265167236328,4273720547.0
2026-01-27,127.05479431152344,127.62338256835938,123.04519653320312,124.13898468017578,3683537052.0
2026-01-28,125.11844635009766,127.9662857055664,124.89337921142578,127.0533218383789,3544660044.0
2026-01-29,117.60576629638672,125.18667602539062,115.41664123535156,125.11925506591797,6044075471.0
2026-01-30,117.363037109375,118.86773681640625,112.96723175048828,117.60324096679688,6818716389.0
2026-01-31,105.441650390625,118.61029052734375,99.98045349121094,117.36463165283203,9542017060.0
2026-02-01,100.85052490234375,106.20301818847656,98.52946472167969,105.44039916992188,5440089988.0
2026-02-02,104.47115325927734,105.69131469726562,96.42904663085938,100.8449478149414,6949524331.0
2026-02-03,97.56390380859375,104.91223907470703,96.8131332397461,104.47044372558594,5824450887.0
2026-02-04,92.02930450439453,99.45185852050781,89.66161346435547,97.56403350830078,7163239530.0
2026-02-05,78.18741607666016,92.90266418457031,77.77494049072266,92.02930450439453,10561367080.0
2026-02-06,87.46477508544922,89.50743865966797,68.69181823730469,78.18553161621094,11668451362.0
2026-02-07,87.63983154296875,89.0591812133789,84.32820892333984,87.4673080444336,5200795827.0
2026-02-08,87.04410552978516,88.67376708984375,85.87124633789062,87.63983154296875,3068974562.0
2026-02-09,86.7017822265625,88.4691162109375,82.9388427734375,87.04224395751953,4074999909.0
2026-02-10,82.91548156738281,87.34439086914062,81.989990234375,86.70360565185547,2879051689.0
2026-02-11,79.2542495727539,84.22687530517578,78.39973449707031,82.91615295410156,4305057649.0
2026-02-12,78.34844207763672,82.10655975341797,76.66899108886719,79.25389862060547,3687924145.0
2026-02-13,84.32254028320312,85.46414184570312,77.61656951904297,78.34674072265625,3663739655.0
2026-02-14,88.16083526611328,88.80354309082031,84.23580932617188,84.32231140136719,2954230209.0
2026-02-15,86.00509643554688,91.07579040527344,85.0082015991211,88.16121673583984,4172988583.0
2026-02-16,86.42878723144531,86.67033386230469,82.7319107055664,86.00759887695312,3523436883.0
2026-02-17,85.1976089477539,87.5501708984375,83.13166046142578,86.4288330078125,3175385366.0
2026-02-18,81.56694793701172,85.85118865966797,80.5713119506836,85.19692993164062,3282222779.0
2026-02-19,82.39324951171875,82.57433319091797,79.75370025634766,81.56705474853516,2887552822.0
2026-02-20,84.6351089477539,85.26191711425781,81.85164642333984,82.39338684082031,3866512374.0
2026-02-21,85.21113586425781,86.6406478881836,84.02863311767578,84.63516998291016,2020472698.0
2026-02-22,82.79097747802734,85.48234558105469,82.55017852783203,85.21121978759766,2030721314.0
2026-02-23,77.7533187866211,82.78715515136719,77.27669525146484,82.78715515136719,4967335032.0
2026-02-24,79.0365219116211,79.57894897460938,76.02326965332031,77.7544174194336,3622232562.0
2026-02-25,87.91560363769531,91.04756927490234,78.80804443359375,79.0365219116211,5782225888.0
2026-02-26,85.90911865234375,89.1194076538086,84.5010986328125,87.9095687866211,4154129610.0
2026-02-27,81.95148468017578,88.04073333740234,80.9331283569336,85.90913391113281,3859172094.0
2026-02-28,84.36618041992188,85.25884246826172,77.44635772705078,81.9506607055664,4761528427.0
2026-03-01,83.5776596069336,88.65435028076172,81.84449005126953,84.36634826660156,4665364489.0
2026-03-02,86.634521484375,89.88912200927734,82.49097442626953,83.57645416259766,5455789912.0
2026-03-03,87.0197525024414,87.32257080078125,82.87655639648438,86.63624572753906,4835947541.0
2026-03-04,90.83426666259766,93.82653045654297,84.94286346435547,87.01956939697266,6907739136.0
2026-03-05,88.69110870361328,92.78878784179688,88.00936889648438,90.83426666259766,4462211662.0
2026-03-06,84.68180084228516,89.24493408203125,83.7433090209961,88.69347381591797,3739561333.0
2026-03-07,83.1799545288086,85.00260162353516,82.49453735351562,84.68055725097656,1916017174.0
2026-03-08,81.62458801269531,84.05389404296875,80.71095275878906,83.18003845214844,2686950610.0
2026-03-09,84.93617248535156,86.91543579101562,81.59979248046875,81.62455749511719,4216355210.0
2026-03-10,85.83822631835938,88.63069152832031,84.92603302001953,84.93749237060547,4341777505.0
2026-03-11,86.56493377685547,87.83213806152344,84.45158386230469,85.8381576538086,3960189193.0
2026-03-12,86.86779022216797,87.5905990600586,84.81645202636719,86.56668090820312,3741395035.0
2026-03-13,88.15328979492188,92.88053131103516,86.81328582763672,86.86770629882812,5722483290.0
2026-03-14,88.07068634033203,88.67119598388672,86.63023376464844,88.15412902832031,2167169768.0
2026-03-15,92.25182342529297,92.99776458740234,87.49870300292969,88.0704345703125,3277177955.0
2026-03-16,96.22372436523438,97.41771697998047,91.24591827392578,92.25813293457031,6507301442.0
2026-03-17,94.70597076416016,96.74771881103516,93.32286071777344,96.22423553466797,4239635773.0
2026-03-18,90.06571960449219,95.53937530517578,88.81206512451172,94.70464324951172,4331839385.0
2026-03-19,88.9178466796875,91.22755432128906,87.19413757324219,90.06442260742188,3654219084.0
2026-03-20,89.85356903076172,90.23690795898438,88.241943359375,88.91725158691406,3090719128.0
2026-03-21,87.46537017822266,90.76116943359375,87.44123840332031,89.8543701171875,1903136993.0
2026-03-22,86.12834930419922,89.047119140625,85.29344940185547,87.46663665771484,2979255573.0
2026-03-23,91.42407989501953,92.16435241699219,85.25033569335938,86.12869262695312,5416789599.0
2026-03-24,90.82242584228516,92.150390625,88.48899841308594,91.42520904541016,4147126404.0
2026-03-25,91.70822143554688,93.26300811767578,90.80261993408203,90.82242584228516,3750957246.0
2026-03-26,86.44393157958984,91.89579772949219,85.51251220703125,91.70822143554688,4280339140.0
2026-03-27,83.01882934570312,86.91437530517578,82.04327392578125,86.4457015991211,3694287477.0
2026-03-28,82.0156021118164,84.05540466308594,81.86953735351562,83.0184555053711,2278504599.0
2026-03-29,81.42240142822266,83.07173919677734,79.57503509521484,82.01568603515625,2398386905.0
2026-03-30,82.44405364990234,84.7214126586914,81.19849395751953,81.42201232910156,3987544544.0
2026-03-31,83.10646057128906,84.22917938232422,80.2129135131836,82.44381713867188,4833199759.0
2026-04-01,81.19525909423828,86.39097595214844,80.93441009521484,83.10919952392578,5093477642.0
2026-04-02,78.9513168334961,81.70182037353516,76.81694030761719,81.19540405273438,4928225665.0
2026-04-03,80.36854553222656,80.56055450439453,78.91806030273438,78.9513168334961,2994787677.0
2026-04-04,80.80838012695312,81.29010009765625,79.74375915527344,80.3687515258789,2127989928.0
2026-04-05,81.8544921875,81.96971893310547,78.60292053222656,80.80895233154297,2423711503.0
2026-04-06,80.15157318115234,82.87333679199219,79.73141479492188,81.8546371459961,3541988994.0
2026-04-07,85.64801025390625,86.81489562988281,78.43101501464844,80.14375305175781,5460070540.0
2026-04-08,82.58169555664062,85.80680847167969,82.34860229492188,85.64922332763672,4682919248.0
2026-04-09,83.2977294921875,85.60839080810547,81.54859924316406,82.58191680908203,4470806838.0
2026-04-10,84.82847595214844,85.48262786865234,82.76587677001953,83.2974853515625,12723244529.0
2026-04-11,84.94876861572266,86.18183135986328,83.98721313476562,84.82858276367188,11558630681.0
2026-04-12,81.53523254394531,84.9939193725586,81.40650939941406,84.94941711425781,3897286488.0
2026-04-13,86.65656280517578,86.6780014038086,81.50765991210938,81.53523254394531,4977932541.0
2026-04-14,83.77462768554688,87.5316162109375,83.3962173461914,86.65412139892578,5728418790.0
2026-04-15,84.9193344116211,85.57784271240234,82.74671936035156,83.77422332763672,4650021670.0
2026-04-16,88.99420928955078,90.37765502929688,84.20401000976562,84.91986083984375,6215173056.0
2026-04-17,88.87416076660156,90.66972351074219,87.43824005126953,88.99522399902344,6454981141.0
2026-04-18,86.20271301269531,89.15110778808594,85.94215393066406,88.87432861328125,3619028688.0
2026-04-19,83.58094787597656,87.0755844116211,83.17298126220703,86.2026138305664,4429065589.0
2026-04-20,85.33295440673828,86.16846466064453,83.4819107055664,83.5799560546875,4326731566.0
2026-04-21,86.02946472167969,86.7049789428711,84.42058563232422,85.33198547363281,4083758344.0
2026-04-22,86.91582489013672,89.2636947631836,86.02729797363281,86.02954864501953,5098022834.0
2026-04-23,86.14105987548828,87.0466537475586,84.62688446044922,86.91651916503906,4738760145.0
2026-04-24,86.23188018798828,86.92535400390625,85.07626342773438,86.14019012451172,3681485520.0
2026-04-25,86.15117645263672,86.7752456665039,85.6143569946289,86.23165130615234,2482382785.0
2026-04-26,86.97038269042969,87.12043762207031,85.90538024902344,86.15117645263672,2965743271.0
2026-04-27,84.81778717041016,88.04618072509766,83.8490219116211,86.97071838378906,4759031980.0
2026-04-28,84.03897857666016,84.90164184570312,83.04501342773438,84.81807708740234,3290032033.0
2026-04-29,83.02687072753906,85.510009765625,81.62645721435547,84.0380630493164,4529973017.0
2026-04-30,83.02375793457031,83.93118286132812,82.27413177490234,83.0271224975586,3355884138.0
2026-05-01,83.72350311279297,84.72229766845703,83.0185317993164,83.02366638183594,3514127644.0
2026-05-02,84.276611328125,84.81966400146484,83.51140594482422,83.72327423095703,2492556942.0
2026-05-03,83.89957427978516,84.76557159423828,83.59339141845703,84.27677917480469,2703436374.0
2026-05-04,84.08985900878906,85.80261993408203,83.36557006835938,83.89957427978516,5375059086.0
2026-05-05,86.3191909790039,86.894287109375,84.05145263671875,84.08901977539062,4431996628.0
2026-05-06,89.14501953125,89.89232635498047,86.13868713378906,86.31890106201172,5689603384.0
2026-05-07,88.40478515625,90.3149642944336,87.68258666992188,89.14566802978516,4791004890.0
2026-05-08,91.94982147216797,92.72510528564453,87.69198608398438,88.40478515625,4607631630.0
2026-05-09,93.14551544189453,94.03012084960938,91.89601135253906,91.94982147216797,3739835286.0
2026-05-10,96.42698669433594,96.81140899658203,92.64257049560547,93.14557647705078,4711429504.0
2026-05-11,97.35015106201172,98.26667785644531,94.4325180053711,96.42698669433594,5304012390.0
2026-05-12,94.28429412841797,97.61836242675781,93.642822265625,97.34989166259766,4206766577.0
2026-05-13,91.0854721069336,95.86444854736328,90.41958618164062,94.28395080566406,4567512131.0
2026-05-14,92.14872741699219,93.57910919189453,89.8965072631836,91.08574676513672,4117442304.0
2026-05-15,89.20035552978516,92.56310272216797,88.7619400024414,92.14762878417969,3954608210.0
2026-05-16,86.53648376464844,89.34794616699219,85.6948013305664,89.20050811767578,3093543960.0
2026-05-17,85.1729507446289,87.17208099365234,83.80232238769531,86.53648376464844,2900109291.0
2026-05-18,85.2968978881836,85.66810607910156,83.51810455322266,85.17218780517578,3814216398.0
2026-05-19,84.20860290527344,85.77772521972656,83.85479736328125,85.2970199584961,2746890424.0
2026-05-20,86.04193878173828,86.90013885498047,83.86244201660156,84.2085189819336,3466596442.0
2026-05-21,87.15620422363281,87.78675842285156,85.3567886352539,86.04206085205078,3835849177.0
2026-05-22,84.30709075927734,87.66146087646484,84.03662109375,87.15680694580078,3382830764.0
2026-05-23,85.65848541259766,87.14362335205078,81.69161987304688,84.30712127685547,4032785357.0
2026-05-24,85.24969482421875,86.76220703125,83.82029724121094,85.65848541259766,3092213910.0
2026-05-25,85.01050567626953,86.36697387695312,84.72305297851562,85.24903106689453,2786627394.0
2026-05-26,83.58651733398438,85.98423767089844,83.1919174194336,85.00969696044922,3652722719.0
2026-05-27,82.36812591552734,84.56281280517578,82.0627212524414,83.5865707397461,3313099113.0
2026-05-28,81.98542785644531,82.8121337890625,80.04185485839844,82.36811065673828,3669754717.0
2026-05-29,81.93248748779297,83.04985046386719,80.35662078857422,81.9854507446289,3340907091.0
2026-05-30,82.54729461669922,82.98881530761719,81.82415008544922,81.93290710449219,2257737109.0
2026-05-31,82.29830169677734,83.21792602539062,81.3418197631836,82.54814910888672,2207975455.0
2026-06-01,81.08702087402344,82.88072204589844,79.1003189086914,82.29805755615234,3764320653.0
2026-06-02,74.14286041259766,81.14237976074219,72.87040710449219,81.08702087402344,4479904038.0
2026-06-03,71.61238098144531,75.54337310791016,70.97111511230469,74.14256286621094,4320073081.0
2026-06-04,68.71892547607422,71.96021270751953,67.52440643310547,71.61207580566406,5532042136.0
2026-06-05,63.486942291259766,68.92997741699219,61.588035583496094,68.71894073486328,6580342268.0
2026-06-06,62.18980407714844,64.79163360595703,60.41471862792969,63.4875602722168,3098233389.0
2026-06-07,66.31063079833984,67.44498443603516,62.002479553222656,62.189266204833984,2721563824.0
2026-06-08,66.79495239257812,67.96731567382812,65.0238265991211,66.3108139038086,2829739169.0
2026-06-09,64.9620590209961,67.38933563232422,63.63323211669922,66.79525756835938,2794618813.0
2026-06-10,63.160953521728516,65.40795135498047,62.37593078613281,64.96215057373047,2771122697.0
2026-06-11,66.82200622558594,67.20780944824219,63.15878677368164,63.16065216064453,2584434257.0
2026-06-12,66.74927520751953,68.68759155273438,65.94096374511719,66.82258605957031,2496073408.0
2026-06-13,68.87278747558594,69.4537582397461,66.64533233642578,66.75007629394531,1473600629.0
2026-06-14,71.16618347167969,71.18206024169922,66.97917938232422,68.87287139892578,1618939393.0
2026-06-15,73.97933197021484,75.93878936767578,70.76821899414062,71.16622924804688,2855926507.0
2026-06-16,73.41378784179688,75.4468002319336,72.47508239746094,73.979248046875,2180655774.0
2026-06-17,71.93098449707031,74.37615966796875,71.05014038085938,73.41378784179688,2589799897.0
2026-06-18,69.62649536132812,72.54530334472656,68.30553436279297,71.93000793457031,2261568852.0
2026-06-19,69.7206039428711,69.98245239257812,67.91853332519531,69.62493896484375,1724372055.0
2026-06-20,73.17265319824219,74.11849975585938,69.47498321533203,69.72179412841797,2008492615.0
2026-06-21,72.41815948486328,74.50792694091797,72.38007354736328,73.17269134521484,1920143205.0
2026-06-22,71.90816497802734,74.89154052734375,71.63517761230469,72.41764831542969,2409081243.0
2026-06-23,69.64368438720703,71.9219970703125,68.33940124511719,71.90752410888672,2072312842.0
2026-06-24,67.98249816894531,70.22642517089844,64.83097839355469,69.6436767578125,3271251788.0
2026-06-25,67.57408905029297,69.4368896484375,64.41836547851562,67.98225402832031,3473874338.0
2026-06-26,71.83538055419922,73.7033462524414,65.920654296875,67.57408905029297,4463148306.0
2026-06-27,70.41069793701172,73.01641082763672,70.38837432861328,71.83490753173828,1872823921.0
2026-06-28,71.31294250488281,72.04798889160156,69.83883666992188,70.41077423095703,1793569190.0
2026-06-29,74.94681549072266,75.92020416259766,70.50906372070312,71.31309509277344,4009589866.0
2026-06-30,73.52330780029297,75.05793762207031,71.91878509521484,74.94664764404297,2808926983.0
2026-07-01,77.38370513916016,78.61175537109375,72.5937271118164,73.52627563476562,3886778163.0
2026-07-02,80.64398193359375,82.5986557006836,76.9002685546875,77.38359069824219,4145904986.0
2026-07-03,82.28005981445312,82.95433807373047,80.34859466552734,80.64398193359375,2166541336.0
2026-07-04,81.6496353149414,83.80886840820312,81.36467742919922,82.28022003173828,2119524835.0
2026-07-05,81.42304229736328,82.21096801757812,79.73486328125,81.64923858642578,1773256119.0
2026-07-06,81.91517639160156,83.05941772460938,79.2204818725586,81.42499542236328,2786913228.0
2026-07-07,80.6487045288086,82.6734390258789,80.46250915527344,81.9156723022461,2279589175.0
2026-07-08,77.78702545166016,80.68988037109375,76.25662994384766,80.6482162475586,2467047352.0
2026-07-09,78.04546356201172,78.58692932128906,76.84323120117188,77.7870101928711,1792200591.0
2026-07-10,78.06661224365234,79.552490234375,77.29653930664062,78.04427337646484,2145859531.0
2026-07-11,76.82416534423828,78.716552734375,76.8143539428711,78.06732940673828,1454994477.0
2026-07-12,76.87384033203125,77.6579360961914,75.7974853515625,76.82418823242188,1385994112.0
2026-07-13,74.86138916015625,78.02100372314453,74.16178131103516,76.87406158447266,1940829057.0
2026-07-14,77.76244354248047,77.81726837158203,74.55088806152344,74.86170196533203,2122308075.0
2026-07-15,77.26406860351562,78.8773422241211,77.05978393554688,77.76290893554688,2085836919.0
2026-07-16,75.27197265625,77.43384552001953,75.03547668457031,77.26362609863281,1794252183.0
2026-07-17,75.0115966796875,75.63973236083984,73.40169525146484,75.27239227294922,1654645230.0
2026-07-18,75.46090698242188,75.55998992919922,74.53146362304688,75.00988006591797,889545169.0
2026-07-19,76.35526275634766,76.58616638183594,75.43280792236328,75.46100616455078,1306988109.0
2026-07-20,77.79191589355469,78.19161224365234,75.55673217773438,76.35409545898438,2188464392.0
2026-07-21,78.10860443115234,78.7259521484375,77.56338500976562,77.7923812866211,1592514558.0
2026-07-22,77.90626525878906,78.70796966552734,76.99382019042969,78.10875701904297,1695110149.0
2026-07-23,75.85980224609375,78.45469665527344,75.46961212158203,77.90589141845703,1579075500.0
2026-07-24,73.87991333007812,76.27669525146484,73.46923065185547,75.85990905761719,1659258809.0
2026-07-25,74.4285659790039,74.64422607421875,73.61634063720703,73.88034057617188,879280475.0
2026-07-26,76.60216522216797,76.9161605834961,74.42886352539062,74.42887878417969,1070329957.0
2026-07-27,74.141845703125,77.37088775634766,73.82536315917969,76.6031265258789,1866082368.0
2026-07-28,73.69912719726562,74.42768096923828,72.3792724609375,74.14334869384766,1901784233.0
2026-07-29,73.59720611572266,74.40301513671875,72.3996810913086,73.70181274414062,1911038318.0
2026-07-30,74.46800231933594,74.85637664794922,73.08580780029297,73.59806060791016,1435786109.0
2026-07-31,72.78968048095703,75.11493682861328,72.65089416503906,74.46890258789062,1582701858.0
2026-08-01,71.86627960205078,73.11865234375,70.6942138671875,72.78939819335938,1163302717.0
2026-08-02,73.44882202148438,74.09449005126953,71.86648559570312,71.86648559570312,1052914463.0
2026-08-03,73.47370147705078,74.11248779296875,71.959716796875,73.45074462890625,1450637712.0
2026-08-04,73.71775817871094,74.34225463867188,73.00811004638672,73.47379302978516,1454644591.0
2026-08-05,73.96138000488281,74.64229583740234,73.28363037109375,73.71784973144531,1749454360.0
2026-08-06,72.57652282714844,74.21630859375,72.30938720703125,73.96202850341797,1489469428.0
2026-08-07,73.64265441894531,74.23199462890625,72.46678161621094,72.57699584960938,1652529951.0
2026-08-08,75.97223663330078,76.61744689941406,73.56792449951172,73.6425552368164,1505941284.0
2026-08-09,76.21212768554688,77.61698150634766,75.73880767822266,75.97233581542969,1166793770.0
2026-08-10,75.94520568847656,77.01038360595703,75.58626556396484,76.21320343017578,1496390290.0
2026-08-11,76.19506072998047,76.54029083251953,74.66185760498047,75.9465103149414,1440764130.0
2026-08-12,75.5254898071289,76.99951171875,75.36260223388672,76.19635772705078,1317223755.0
2026-08-13,76.17732238769531,76.50263977050781,75.07923889160156,75.52593231201172,1229603276.0
2026-08-14,75.32730865478516,76.2370834350586,74.66978454589844,76.17520904541016,1141924174.0
2026-08-15,75.27230072021484,75.64248657226562,74.99343872070312,75.32775115966797,674624941.0
2026-08-16,74.53901672363281,75.59960174560547,74.20420837402344,75.27239990234375,754939968.0
2026-08-17,75.9440689086914,76.1190414428711,74.39868927001953,74.53902435302734,1367560466.0
2026-08-18,77.03120422363281,77.28145599365234,75.18598937988281,75.94358825683594,1532779241.0
2026-08-19,85.37448120117188,86.89724731445312,76.6189956665039,77.03154754638672,4534447560.0
2026-08-20,87.6369400024414,87.89700317382812,84.08366394042969,85.37183380126953,4371687960.0
2026-08-21,93.65361022949219,94.74337768554688,87.60498809814453,87.63804626464844,7161166024.0
2026-08-22,93.91252899169922,101.75000762939453,91.28316497802734,93.6584701538086,8719705613.0
2026-08-23,95.44223022460938,96.62347412109375,91.81587982177734,93.91322326660156,4711237515.0
2026-08-24,98.5616683959961,98.65320587158203,93.33456420898438,95.44103240966797,5841862285.0
2026-08-25,96.6035385131836,102.58708953857422,96.05950927734375,98.558837890625,6535134478.0
2026-08-26,102.16743469238281,102.28263854980469,95.2346420288086,96.60279846191406,3573894029.0
2026-08-27,109.20824432373047,110.03900146484375,100.63220977783203,102.163818359375,7155838121.0
2026-08-28,104.126953125,109.91187286376953,102.58251190185547,109.20793151855469,6006683790.0
2026-08-29,105.65202331542969,105.76616668701172,103.14342498779297,104.12696075439453,2051847724.0
2026-08-30,101.87669372558594,107.3084716796875,100.69129943847656,105.65214538574219,2856461629.0
2026-08-31,102.99690246582031,104.82479095458984,100.98350524902344,101.875732421875,3072699027.0
2026-09-01,99.98687744140625,104.29521942138672,98.51537322998047,102.99818420410156,3212628309.0
2026-09-02,100.3856201171875,100.5806884765625,97.45088195800781,99.98672485351562,2681164773.0
2026-09-03,103.97835540771484,105.50759887695312,99.4423828125,100.38726043701172,4006843685.0
2026-09-04,101.9494857788086,104.58451080322266,100.56633758544922,103.9779052734375,3323635657.0
2026-09-05,103.18762969970703,104.2466049194336,101.6900405883789,101.94972229003906,2183017785.0
2026-09-06,106.4476318359375,107.116455078125,103.17562103271484,103.18824005126953,3636915298.0
2026-09-07,103.8662338256836,106.84940338134766,103.11210632324219,106.44831848144531,3048619480.0
2026-09-08,103.32512664794922,104.650146484375,101.84962463378906,103.8661880493164,2815722796.0
2026-09-09,101.60806274414062,104.98393249511719,100.69060516357422,103.32490539550781,2975874780.0
2026-09-10,98.68991088867188,102.10133361816406,98.68991088867188,101.60813903808594,2724393615.0
2026-09-11,102.39624786376953,105.48805236816406,98.62586975097656,98.6902847290039,4430290675.0
2026-09-12,101.78559112548828,102.50067138671875,101.27464294433594,102.39570617675781,1515467936.0
2026-09-13,99.24577331542969,102.26318359375,99.23538970947266,101.78558349609375,1810208961.0
2026-09-14,102.49505615234375,104.66559600830078,99.07793426513672,99.25003814697266,3056074624.0
2026-09-15,96.88836669921875,102.74225616455078,96.3935317993164,102.49525451660156,3727168281.0
2026-09-16,98.64186096191406,98.7246322631836,96.22552490234375,96.88912200927734,3172832119.0
2026-09-17,101.6033935546875,101.83881378173828,98.4560317993164,98.63709259033203,2985379034.0
2026-09-18,112.5992202758789,114.05921173095703,100.9478530883789,101.60353088378906,6481095369.0
2026-09-19,112.5992202758789,114.05921173095703,100.9478530883789,101.60353088378906,6481095369.0
2026-09-20,112.5992202758789,114.05921173095703,100.9478530883789,101.60353088378906,6481095369.0
