,Close,High,Low,Open,Volume
2023-09-21,0.5071790218353271,0.5213580131530762,0.5020229816436768,0.5213580131530762,1120291947.0
2023-09-22,0.5125100016593933,0.5161809921264648,0.5056089758872986,0.5071939826011658,712954688.0
2023-09-23,0.5080339908599854,0.5135189890861511,0.5068860054016113,0.5124980211257935,382427235.0
2023-09-24,0.5023880004882812,0.5113170146942139,0.5014330148696899,0.5080159902572632,404611925.0
2023-09-25,0.5054609775543213,0.5064690113067627,0.4925830066204071,0.5023869872093201,852958013.0
2023-09-26,0.5017079710960388,0.5066549777984619,0.4988040030002594,0.5054550170898438,782380755.0
2023-09-27,0.4995970129966736,0.5064759850502014,0.4973739981651306,0.5017039775848389,748882159.0
2023-09-28,0.5095250010490417,0.5095250010490417,0.495606005191803,0.4995900094509125,786510398.0
2023-09-29,0.5217189788818359,0.5454570055007935,0.5068169832229614,0.5095369815826416,1721538761.0
2023-09-30,0.515404999256134,0.5216889977455139,0.5152069926261902,0.5216889977455139,544604664.0
2023-10-01,0.5242040157318115,0.5252199769020081,0.51494300365448,0.5153679847717285,549430554.0
2023-10-02,0.51283198595047,0.5255429744720459,0.5109900236129761,0.5242040157318115,946645872.0
2023-10-03,0.5383870005607605,0.5449010133743286,0.5074650049209595,0.5128120183944702,1206543606.0
2023-10-04,0.5329310297966003,0.5410130023956299,0.5232620239257812,0.5384039878845215,1467518350.0
2023-10-05,0.5233659744262695,0.5329570174217224,0.5188279747962952,0.5329570174217224,823945282.0
2023-10-06,0.5261930227279663,0.529079020023346,0.5184940099716187,0.5233539938926697,684500790.0
2023-10-07,0.5219060182571411,0.5261899828910828,0.5208330154418945,0.5261899828910828,321512118.0
2023-10-08,0.5179610252380371,0.5235400199890137,0.5172640085220337,0.5218790173530579,356449311.0
2023-10-09,0.5032269954681396,0.5197669863700867,0.49529099464416504,0.517973005771637,989847649.0
2023-10-10,0.497435986995697,0.5032560229301453,0.4932970106601715,0.5032560229301453,670612869.0
2023-10-11,0.48883798718452454,0.49779099225997925,0.48085999488830566,0.49737900495529175,794253917.0
2023-10-12,0.48304998874664307,0.4888570010662079,0.4756369888782501,0.48879799246788025,812745907.0
2023-10-13,0.48569899797439575,0.4897890090942383,0.4793410003185272,0.4830490052700043,696915013.0
2023-10-14,0.4867750108242035,0.4879800081253052,0.48397400975227356,0.48568999767303467,357321203.0
2023-10-15,0.4878459870815277,0.4899919927120209,0.4856649935245514,0.4867730140686035,385469444.0
2023-10-16,0.49797698855400085,0.5054579973220825,0.48615700006484985,0.4878380000591278,1082594336.0
2023-10-17,0.49169400334358215,0.4981380105018616,0.48860499262809753,0.497981995344162,773438395.0
2023-10-18,0.4883190095424652,0.4922049939632416,0.48742198944091797,0.49170398712158203,734621817.0
2023-10-19,0.52012699842453,0.5224959850311279,0.4786680042743683,0.4883120059967041,1385006018.0
2023-10-20,0.5160040259361267,0.5291029810905457,0.510004997253418,0.5200780034065247,1369774008.0
2023-10-21,0.5212429761886597,0.5294820070266724,0.5123289823532104,0.5159900188446045,656496071.0
2023-10-22,0.5224869847297668,0.5238490104675293,0.5160009860992432,0.5211979746818542,556378450.0
2023-10-23,0.5468699932098389,0.5505380034446716,0.5218260288238525,0.5235980153083801,1699115599.0
2023-10-24,0.5585319995880127,0.5829730033874512,0.5374550223350525,0.5468930006027222,2705905445.0
2023-10-25,0.5553060173988342,0.5623769760131836,0.5422379970550537,0.5586199760437012,1396455738.0
2023-10-26,0.5536829829216003,0.5667750239372253,0.5445520281791687,0.5553529858589172,1401251370.0
2023-10-27,0.5461069941520691,0.5575659871101379,0.5394780039787292,0.5536850094795227,1048891335.0
2023-10-28,0.5453910231590271,0.550046980381012,0.5416520237922668,0.5457149744033813,566792583.0
2023-10-29,0.5563939809799194,0.5609059929847717,0.5421860218048096,0.5453720092773438,655356620.0
2023-10-30,0.5789440274238586,0.583204984664917,0.5505980253219604,0.5563899874687195,1527609944.0
2023-10-31,0.6002820134162903,0.6127369999885559,0.5664929747581482,0.5789279937744141,2218043567.0
2023-11-01,0.6095380187034607,0.6159060001373291,0.5822619795799255,0.6002950072288513,1779920317.0
2023-11-02,0.6064389944076538,0.6241059899330139,0.5932300090789795,0.6095439791679382,1826715430.0
2023-11-03,0.6130020022392273,0.6152380108833313,0.5939189791679382,0.6063860058784485,1403532406.0
2023-11-04,0.6161839962005615,0.6180210113525391,0.6101379990577698,0.6130399703979492,811373229.0
2023-11-05,0.6611469984054565,0.6611469984054565,0.6152909994125366,0.6161800026893616,1923304412.0
2023-11-06,0.715516984462738,0.7298719882965088,0.660660982131958,0.661126971244812,3293503683.0
2023-11-07,0.6864020228385925,0.7155050039291382,0.6576589941978455,0.7155050039291382,2813667010.0
2023-11-08,0.6880760192871094,0.6968960165977478,0.6740289926528931,0.6863200068473816,1770450557.0
2023-11-09,0.6674749851226807,0.7043129801750183,0.6463189721107483,0.688031017780304,3292007279.0
2023-11-10,0.6605749726295471,0.6705390214920044,0.643110990524292,0.6676030158996582,2009821437.0
2023-11-11,0.6627349853515625,0.680741012096405,0.6443160176277161,0.6605600118637085,1754960201.0
2023-11-12,0.6615359783172607,0.6704530119895935,0.6503880023956299,0.6627479791641235,988542527.0
2023-11-13,0.6715239882469177,0.740568995475769,0.6451879739761353,0.6615980267524719,3089036403.0
2023-11-14,0.6296730041503906,0.6714940071105957,0.6076170206069946,0.6714940071105957,2298949026.0
2023-11-15,0.6496480107307434,0.6501539945602417,0.6265640258789062,0.629725992679596,1441133011.0
2023-11-16,0.61216801404953,0.652059018611908,0.6074169874191284,0.6496090292930603,1756409884.0
2023-11-17,0.6137170195579529,0.6238399744033813,0.5899869799613953,0.6121990084648132,1462505199.0
2023-11-18,0.6111890077590942,0.6144880056381226,0.5933169722557068,0.6137380003929138,836754904.0
2023-11-19,0.627498984336853,0.6287199854850769,0.6030430197715759,0.6111869812011719,960738459.0
2023-11-20,0.6128420233726501,0.627888023853302,0.6122310161590576,0.6274200081825256,1151372006.0
2023-11-21,0.5804619789123535,0.6178200244903564,0.5792890191078186,0.6128339767456055,1664786743.0
2023-11-22,0.6118990182876587,0.6151120066642761,0.5794370174407959,0.5804430246353149,1332443782.0
2023-11-23,0.6202419996261597,0.6227570176124573,0.6073259711265564,0.6118599772453308,1233580691.0
2023-11-24,0.6218810081481934,0.6252779960632324,0.6175259947776794,0.6202499866485596,1220784875.0
2023-11-25,0.6234440207481384,0.6234750151634216,0.6169270277023315,0.6218580007553101,604505841.0
2023-11-26,0.6168190240859985,0.6355940103530884,0.6124240159988403,0.6234520077705383,1126158902.0
2023-11-27,0.6041529774665833,0.6169559955596924,0.5967379808425903,0.6167470216751099,1209304147.0
2023-11-28,0.6114220023155212,0.6139659881591797,0.5975340008735657,0.6041399836540222,1079777511.0
2023-11-29,0.609358012676239,0.6165099740028381,0.6051130294799805,0.6114100217819214,1007163957.0
2023-11-30,0.606357991695404,0.6096320152282715,0.5998160243034363,0.6093549728393555,980182657.0
2023-12-01,0.6129149794578552,0.6139929890632629,0.6043859720230103,0.6063500046730042,919121548.0
2023-12-02,0.6209759712219238,0.6224589943885803,0.6117460131645203,0.6129140257835388,667809511.0
2023-12-03,0.6237229704856873,0.6329129934310913,0.6180999875068665,0.6209980249404907,993447972.0
2023-12-04,0.6243739724159241,0.6410880088806152,0.6079999804496765,0.6236760020256042,1947607222.0
2023-12-05,0.6219969987869263,0.6283730268478394,0.6093699932098389,0.624396026134491,1452525777.0
2023-12-06,0.6403329968452454,0.6421639919281006,0.6156839728355408,0.6219620108604431,2038373923.0
2023-12-07,0.6436319947242737,0.6530579924583435,0.6261299848556519,0.640487015247345,1839789008.0
2023-12-08,0.6731380224227905,0.6742069721221924,0.6400399804115295,0.643667995929718,1892803940.0
2023-12-09,0.658814013004303,0.6988379955291748,0.6578440070152283,0.673130989074707,2229504514.0
2023-12-10,0.6615779995918274,0.6703150272369385,0.649806022644043,0.6588580012321472,1170952363.0
2023-12-11,0.6202110052108765,0.6627510190010071,0.6050969958305359,0.6616330146789551,2252797875.0
2023-12-12,0.6195489764213562,0.6257209777832031,0.6082540154457092,0.6199619770050049,1458882180.0
2023-12-13,0.6284859776496887,0.6334260106086731,0.5987930297851562,0.6195080280303955,1557123843.0
2023-12-14,0.6324319839477539,0.6375060081481934,0.617451012134552,0.6284130215644836,1428433767.0
2023-12-15,0.6154919862747192,0.6419489979743958,0.6150820255279541,0.6324359774589539,1392239590.0
2023-12-16,0.6198350191116333,0.6252110004425049,0.6120110154151917,0.6155170202255249,770529288.0
2023-12-17,0.6104180216789246,0.621891975402832,0.6096349954605103,0.6198269724845886,832504145.0
2023-12-18,0.612529993057251,0.6136659979820251,0.5833830237388611,0.6103619933128357,1674969771.0
2023-12-19,0.6054559946060181,0.6158319711685181,0.5981580018997192,0.6125079989433289,1137147807.0
2023-12-20,0.6173189878463745,0.6253569722175598,0.6023849844932556,0.6054080128669739,1344408213.0
2023-12-21,0.6239100098609924,0.6245020031929016,0.6116210222244263,0.6173329949378967,1149787445.0
2023-12-22,0.6254019737243652,0.6276729702949524,0.6168360114097595,0.6239089965820312,1374123624.0
2023-12-23,0.6202049851417542,0.6253730058670044,0.6129999756813049,0.6253730058670044,774484009.0
2023-12-24,0.6135179996490479,0.6284130215644836,0.6085600256919861,0.620212972164154,1178583398.0
2023-12-25,0.6463369727134705,0.6469849944114685,0.6102579832077026,0.6135029792785645,1781837085.0
2023-12-26,0.6223689913749695,0.646481990814209,0.6083869934082031,0.6463490128517151,1622454757.0
2023-12-27,0.6348559856414795,0.6415380239486694,0.6142190098762512,0.6223970055580139,1432931897.0
2023-12-28,0.6349980235099792,0.6557689905166626,0.6275569796562195,0.6349480152130127,1864381371.0
2023-12-29,0.6234019994735718,0.6365950107574463,0.6151900291442871,0.6350110173225403,1324305215.0
2023-12-30,0.6218439936637878,0.6294789910316467,0.6171950101852417,0.6234109997749329,718565033.0
2023-12-31,0.6149410009384155,0.6275759935379028,0.6112080216407776,0.6217920184135437,710033547.0
2024-01-01,0.6300820112228394,0.6312749981880188,0.6096360087394714,0.6156560182571411,729315153.0
2024-01-02,0.6253629922866821,0.6386269927024841,0.6231819987297058,0.6300939917564392,1326197378.0
2024-01-03,0.5825799703598022,0.6377699971199036,0.5387660264968872,0.6253809928894043,3406740412.0
2024-01-04,0.5882260203361511,0.5939409732818604,0.5729550123214722,0.5825769901275635,1452005657.0
2024-01-05,0.5764859914779663,0.5894129872322083,0.5584440231323242,0.5881969928741455,1509144162.0
2024-01-06,0.5685120224952698,0.5765119791030884,0.5593860149383545,0.5765119791030884,820534691.0
2024-01-07,0.5517410039901733,0.5727760195732117,0.5484769940376282,0.5685210227966309,901525412.0
2024-01-08,0.5779229998588562,0.5815950036048889,0.5506749749183655,0.5517160296440125,2011066819.0
2024-01-09,0.5666329860687256,0.5785099864006042,0.5571969747543335,0.5779640078544617,1740178857.0
2024-01-10,0.5999889969825745,0.6125169992446899,0.5521169900894165,0.5666720271110535,2223452643.0
2024-01-11,0.6020950078964233,0.6223400235176086,0.5878440141677856,0.6001700162887573,2112917472.0
2024-01-12,0.5702990293502808,0.6032059788703918,0.5614129900932312,0.6020960211753845,1716194372.0
2024-01-13,0.575078010559082,0.5774520039558411,0.5652269721031189,0.5701709985733032,718059698.0
2024-01-14,0.5762330293655396,0.592091977596283,0.5723379850387573,0.5750709772109985,841667731.0
2024-01-15,0.5759199857711792,0.5884600281715393,0.5695819854736328,0.5761550068855286,993534380.0
2024-01-16,0.5759469866752625,0.5796409845352173,0.5676479935646057,0.5758669972419739,924543394.0
2024-01-17,0.5679730176925659,0.5760629773139954,0.5632920265197754,0.5759029984474182,901923640.0
2024-01-18,0.5519070029258728,0.568356990814209,0.5461289882659912,0.5679810047149658,1057710374.0
2024-01-19,0.5442559719085693,0.5529950261116028,0.5239369869232178,0.5518699884414673,1330077736.0
2024-01-20,0.5531259775161743,0.5543860197067261,0.5393379926681519,0.5442439913749695,725888847.0
2024-01-21,0.546110987663269,0.5547699928283691,0.546110987663269,0.5531449913978577,494271879.0
2024-01-22,0.5267159938812256,0.5486379861831665,0.5219169855117798,0.5462160110473633,1151736625.0
2024-01-23,0.5177369713783264,0.5310249924659729,0.4975450038909912,0.5267260074615479,1414753278.0
2024-01-24,0.5179880261421204,0.518867015838623,0.5111770033836365,0.517753005027771,880367820.0
2024-01-25,0.5136060118675232,0.517982006072998,0.5043699741363525,0.517982006072998,825132968.0
2024-01-26,0.5321890115737915,0.535224974155426,0.5089550018310547,0.5135819911956787,1021918092.0
2024-01-27,0.5302600264549255,0.5343189835548401,0.5270799994468689,0.5321900248527527,471931644.0
2024-01-28,0.5240939855575562,0.5350540280342102,0.5218300223350525,0.5302749872207642,523517403.0
2024-01-29,0.5350900292396545,0.5395770072937012,0.5206350088119507,0.5240880250930786,901992026.0
2024-01-30,0.5106980204582214,0.538703978061676,0.5086380243301392,0.5351330041885376,1673319214.0
2024-01-31,0.5031930208206177,0.5137540102005005,0.4945420026779175,0.5106809735298157,1339066820.0
2024-02-01,0.5058590173721313,0.5100989937782288,0.4903469979763031,0.5031759738922119,1004296109.0
2024-02-02,0.5104119777679443,0.5132740139961243,0.49917298555374146,0.5058599710464478,927836205.0
2024-02-03,0.5189390182495117,0.5257400274276733,0.5060309767723083,0.5103979706764221,861729960.0
2024-02-04,0.5032879710197449,0.5189710259437561,0.5021029710769653,0.518884003162384,538479551.0
2024-02-05,0.5062440037727356,0.5128899812698364,0.49823299050331116,0.5032439827919006,831962506.0
2024-02-06,0.5051530003547668,0.5104429721832275,0.49891000986099243,0.5062369704246521,767495086.0
2024-02-07,0.5137889981269836,0.514523983001709,0.499442994594574,0.5051419734954834,895523747.0
2024-02-08,0.5145289897918701,0.5184800028800964,0.5102840065956116,0.5137799978256226,902244431.0
2024-02-09,0.5260310173034668,0.528078019618988,0.5142019987106323,0.5145159959793091,1032596975.0
2024-02-10,0.5241119861602783,0.5281879901885986,0.5194500088691711,0.5260319709777832,578419105.0
2024-02-11,0.5260840058326721,0.5353350043296814,0.5220909714698792,0.524092972278595,715511550.0
2024-02-12,0.5318970084190369,0.5369809865951538,0.5148929953575134,0.5261020064353943,1028191903.0
2024-02-13,0.5248349905014038,0.5335379838943481,0.5163130164146423,0.5318869948387146,1023754839.0
2024-02-14,0.5384010076522827,0.5418819785118103,0.5209739804267883,0.5248180031776428,1156449389.0
2024-02-15,0.5627549886703491,0.5738480091094971,0.5383960008621216,0.5383960008621216,1877470522.0
2024-02-16,0.5649600028991699,0.5784599781036377,0.5552350282669067,0.5627809762954712,1505352932.0
2024-02-17,0.5498859882354736,0.5656120181083679,0.5411139726638794,0.5649600028991699,911234746.0
2024-02-18,0.5569030046463013,0.5621960163116455,0.5479859709739685,0.5498849749565125,689299497.0
2024-02-19,0.5625969767570496,0.567300021648407,0.5550829768180847,0.5569210052490234,1108245167.0
2024-02-20,0.5629220008850098,0.5744640231132507,0.5465720295906067,0.5625900030136108,1777533547.0
2024-02-21,0.5490040183067322,0.5628790259361267,0.5344229936599731,0.5628790259361267,1336498049.0
2024-02-22,0.540913999080658,0.550961971282959,0.5378000140190125,0.5490019917488098,1169167859.0
2024-02-23,0.5345339775085449,0.5432940125465393,0.5267099738121033,0.5408729910850525,1098846027.0
2024-02-24,0.545117974281311,0.5477070212364197,0.5319110155105591,0.5345360040664673,706533507.0
2024-02-25,0.5424249768257141,0.5483999848365784,0.5423460006713867,0.5451139807701111,702442509.0
2024-02-26,0.5514050126075745,0.5524439811706543,0.5292329788208008,0.5424360036849976,1154518101.0
2024-02-27,0.5862579941749573,0.5960649847984314,0.5481699705123901,0.5514050126075745,2360919082.0
2024-02-28,0.5758110284805298,0.6052049994468689,0.5436879992485046,0.586251974105835,3080912384.0
2024-02-29,0.5863249897956848,0.6243829727172852,0.5691540241241455,0.5757840275764465,3647028817.0
2024-03-01,0.6018900275230408,0.6031879782676697,0.5840060114860535,0.5862429738044739,1739419651.0
2024-03-02,0.64485102891922,0.6495140194892883,0.6007769703865051,0.601917028427124,2956033334.0
2024-03-03,0.6270719766616821,0.6448460221290588,0.6024699807167053,0.6448460221290588,2060336711.0
2024-03-04,0.6501330137252808,0.6641809940338135,0.6216049790382385,0.6271679997444153,3629204334.0
2024-03-05,0.5929009914398193,0.6685100197792053,0.5502349734306335,0.649815022945404,5014326043.0
2024-03-06,0.6122530102729797,0.6228970289230347,0.5764439702033997,0.5928800106048584,2755184860.0
2024-03-07,0.6286240220069885,0.6397190093994141,0.6083700060844421,0.6122660040855408,2529220366.0
2024-03-08,0.6219549775123596,0.6342830061912537,0.6048439741134644,0.628607988357544,2164877115.0
2024-03-09,0.6218050122261047,0.6333230137825012,0.6187340021133423,0.6219540238380432,1571098762.0
2024-03-10,0.6084319949150085,0.6283169984817505,0.5985360145568848,0.6218050122261047,1510773123.0
2024-03-11,0.7180359959602356,0.7421259880065918,0.5932829976081848,0.6084160208702087,6790039283.0
2024-03-12,0.6882089972496033,0.7305489778518677,0.6659489870071411,0.7180359959602356,4163275980.0
2024-03-13,0.6909499764442444,0.7020930051803589,0.6727020144462585,0.688211977481842,2398788495.0
2024-03-14,0.669966995716095,0.7048069834709167,0.6438180208206177,0.6909549832344055,3428582152.0
2024-03-15,0.6337370276451111,0.6741560101509094,0.6025879979133606,0.6699609756469727,3656774483.0
2024-03-16,0.6030600070953369,0.6431490182876587,0.5947350263595581,0.63373202085495,2237388470.0
2024-03-17,0.6192319989204407,0.6243600249290466,0.5895980000495911,0.6030600070953369,1826991062.0
2024-03-18,0.6475650072097778,0.6642270088195801,0.5957580208778381,0.6192319989204407,2767146303.0
2024-03-19,0.5844410061836243,0.647566020488739,0.57294100522995,0.647566020488739,3571952543.0
2024-03-20,0.6121619939804077,0.6185659766197205,0.5708739757537842,0.5844410061836243,2741181693.0
2024-03-21,0.6406909823417664,0.6535210013389587,0.599407970905304,0.61216801404953,2809003717.0
2024-03-22,0.6109489798545837,0.6443449854850769,0.6004049777984619,0.6406949758529663,2053036282.0
2024-03-23,0.6175959706306458,0.632407009601593,0.6057800054550171,0.6109480261802673,1160450696.0
2024-03-24,0.6329500079154968,0.6356009840965271,0.6149119734764099,0.6176080107688904,1230486578.0
2024-03-25,0.6410340070724487,0.6592959761619568,0.6273390054702759,0.6329529881477356,2044948880.0
2024-03-26,0.6322529911994934,0.6528139710426331,0.6270260214805603,0.6410340070724487,1799059517.0
2024-03-27,0.6119639873504639,0.6344680190086365,0.608322024345398,0.6322529911994934,1989187555.0
2024-03-28,0.6245539784431458,0.636447012424469,0.6048370003700256,0.6119490265846252,1783253508.0
2024-03-29,0.6307500004768372,0.6439949870109558,0.6104699969291687,0.6245700120925903,1874392966.0
2024-03-30,0.6218360066413879,0.6364560127258301,0.6189050078392029,0.6307529807090759,1042947263.0
2024-03-31,0.6292250156402588,0.6297630071640015,0.621213972568512,0.6218360066413879,756039151.0
2024-04-01,0.6112579703330994,0.6320359706878662,0.5972999930381775,0.6292250156402588,1772433656.0
2024-04-02,0.5854660272598267,0.6177380084991455,0.5804849863052368,0.6112579703330994,2172750437.0
2024-04-03,0.5749170184135437,0.592831015586853,0.5680950284004211,0.5854610204696655,1649286699.0
2024-04-04,0.5936560034751892,0.6137800216674805,0.5635700225830078,0.574891984462738,2190487090.0
2024-04-05,0.5875229835510254,0.5936980247497559,0.5703160166740417,0.5936560034751892,1534570775.0
2024-04-06,0.5933399796485901,0.5981910228729248,0.5862939953804016,0.5875229835510254,871610029.0
2024-04-07,0.59483402967453,0.6017420291900635,0.5904719829559326,0.5933409929275513,924956309.0
2024-04-08,0.6154900193214417,0.6260390281677246,0.5891029834747314,0.5948349833488464,2016910258.0
2024-04-09,0.6138169765472412,0.6412580013275146,0.6024519801139832,0.6154900193214417,2423935496.0
2024-04-10,0.6175609827041626,0.6196969747543335,0.598688006401062,0.6138259768486023,2345474173.0
2024-04-11,0.6088799834251404,0.6208890080451965,0.6036580204963684,0.617559015750885,1218887360.0
2024-04-12,0.5484139919281006,0.6153050065040588,0.5183159708976746,0.6088799834251404,2872824835.0
2024-04-13,0.4808189868927002,0.5488380193710327,0.4336340129375458,0.548412024974823,3957442555.0
2024-04-14,0.5042579770088196,0.5074589848518372,0.4668180048465729,0.4808189868927002,2824792033.0
2024-04-15,0.4977310001850128,0.5190650224685669,0.48348599672317505,0.5042499899864197,2356318423.0
2024-04-16,0.49669501185417175,0.5009899735450745,0.4792650043964386,0.49772900342941284,1913160798.0
2024-04-17,0.4948410093784332,0.5065799951553345,0.4747979938983917,0.4966990053653717,1791966493.0
2024-04-18,0.5029829740524292,0.5047540068626404,0.48695099353790283,0.49483999609947205,1420648263.0
2024-04-19,0.503786027431488,0.5106980204582214,0.4690069854259491,0.5029829740524292,2145715371.0
2024-04-20,0.5292930006980896,0.52988600730896,0.4994780123233795,0.503786027431488,1237297114.0
2024-04-21,0.5246800184249878,0.5366100072860718,0.5204430222511292,0.5292919874191284,896875433.0
2024-04-22,0.556833028793335,0.569130003452301,0.5232830047607422,0.5246760249137878,1671344072.0
2024-04-23,0.5451589822769165,0.557187020778656,0.5430060029029846,0.5568289756774902,1351313210.0
2024-04-24,0.5274040102958679,0.5516200065612793,0.522068977355957,0.5451549887657166,1534036870.0
2024-04-25,0.5255119800567627,0.532256007194519,0.5141689777374268,0.5274080038070679,1286617507.0
2024-04-26,0.5261120200157166,0.5355110168457031,0.5161510109901428,0.5255140066146851,1158982887.0
2024-04-27,0.5177749991416931,0.5262110233306885,0.5104230046272278,0.5261110067367554,753955067.0
2024-04-28,0.5103769898414612,0.5246260166168213,0.5094550251960754,0.5177749991416931,580872466.0
2024-04-29,0.5154320001602173,0.5171279907226562,0.49964699149131775,0.5103750228881836,1143210748.0
2024-04-30,0.50006502866745,0.5192300081253052,0.4904929995536804,0.5154340267181396,1347490379.0
2024-05-01,0.5170000195503235,0.5201680064201355,0.48020800948143005,0.5000619888305664,1720060134.0
2024-05-02,0.5183290243148804,0.5243350267410278,0.5066930055618286,0.5169969797134399,1118497654.0
2024-05-03,0.5318940281867981,0.5365129709243774,0.5151939988136292,0.5183290243148804,1138445190.0
2024-05-04,0.5304049849510193,0.5401409864425659,0.5280889868736267,0.5318930149078369,686389982.0
2024-05-05,0.5297840237617493,0.5331860184669495,0.5247910022735596,0.5304049849510193,535784827.0
2024-05-06,0.5405470132827759,0.5688809752464294,0.5266100168228149,0.5297889709472656,1774389100.0
2024-05-07,0.5247439742088318,0.5438420176506042,0.5229610204696655,0.5405480265617371,1132990207.0
2024-05-08,0.5172299742698669,0.5290600061416626,0.5157150030136108,0.5247439742088318,1122168971.0
2024-05-09,0.521028995513916,0.5232700109481812,0.5099250078201294,0.5172240138053894,978009518.0
2024-05-10,0.5023379921913147,0.521058976650238,0.4987959861755371,0.5210310220718384,1100350623.0
2024-05-11,0.5059750080108643,0.50730299949646,0.5011299848556519,0.5023379921913147,447992708.0
2024-05-12,0.49947500228881836,0.5085880160331726,0.49744701385498047,0.5059760212898254,397026846.0
2024-05-13,0.5049020051956177,0.5116739869117737,0.48791900277137756,0.49947500228881836,991525778.0
2024-05-14,0.49988698959350586,0.511355996131897,0.49782800674438477,0.5049020051956177,1077455413.0
2024-05-15,0.5190039873123169,0.5196210145950317,0.49744999408721924,0.49988898634910583,1118098628.0
2024-05-16,0.5156980156898499,0.5213310122489929,0.5131040215492249,0.5190119743347168,1152212983.0
2024-05-17,0.5238040089607239,0.5288699865341187,0.5139979720115662,0.515699028968811,1015239692.0
2024-05-18,0.5213900208473206,0.5256279706954956,0.5195199847221375,0.5238040089607239,496850725.0
2024-05-19,0.5096610188484192,0.5235369801521301,0.5074570178985596,0.521390974521637,562911149.0
2024-05-20,0.5373330116271973,0.5373330116271973,0.5074959993362427,0.5096610188484192,1401702874.0
2024-05-21,0.5369830131530762,0.5561180114746094,0.532230019569397,0.537326991558075,1977024521.0
2024-05-22,0.5265100002288818,0.5376880168914795,0.5236920118331909,0.5369830131530762,1205640257.0
2024-05-23,0.5282859802246094,0.5392069816589355,0.5093910098075867,0.5265100002288818,2188558788.0
2024-05-24,0.5357530117034912,0.5367299914360046,0.5178719758987427,0.5282859802246094,1232280845.0
2024-05-25,0.5418090224266052,0.5423189997673035,0.5335080027580261,0.5357490181922913,652679509.0
2024-05-26,0.5282109975814819,0.5418350100517273,0.526602029800415,0.541808009147644,579619779.0
2024-05-27,0.5337719917297363,0.539929986000061,0.5237690210342407,0.5282109975814819,1013292526.0
2024-05-28,0.5282350182533264,0.5345720052719116,0.5215920209884644,0.5337719917297363,1141481357.0
2024-05-29,0.523248016834259,0.5320940017700195,0.5200960040092468,0.5282340049743652,1184420624.0
2024-05-30,0.5188609957695007,0.5273370146751404,0.5136370062828064,0.5232489705085754,1329469469.0
2024-05-31,0.517799973487854,0.5240820050239563,0.5126820206642151,0.5188609957695007,1220311836.0
2024-06-01,0.5183129906654358,0.5212609767913818,0.517507016658783,0.517799973487854,559721132.0
2024-06-02,0.5134819746017456,0.5194140076637268,0.5092869997024536,0.5183129906654358,738754247.0
2024-06-03,0.5200999975204468,0.5224829912185669,0.5130339860916138,0.5134760141372681,1098641926.0
2024-06-04,0.5257650017738342,0.5300390124320984,0.5185189843177795,0.5200999975204468,1165207605.0
2024-06-05,0.5257109999656677,0.5306640267372131,0.5246509909629822,0.5257650017738342,1154026310.0
2024-06-06,0.5215780138969421,0.5276039838790894,0.5175470113754272,0.5257059931755066,1194300808.0
2024-06-07,0.4989509880542755,0.5274670124053955,0.4636009931564331,0.5215759873390198,2462659926.0
2024-06-08,0.4931449890136719,0.5005019903182983,0.49134400486946106,0.49894601106643677,825177679.0
2024-06-09,0.49858298897743225,0.4990290105342865,0.4918000102043152,0.493137001991272,635952948.0
2024-06-10,0.4966279864311218,0.5051659941673279,0.4940919876098633,0.4986020028591156,1117710952.0
2024-06-11,0.480320006608963,0.49664801359176636,0.4726479947566986,0.49662700295448303,1517249424.0
2024-06-12,0.49154001474380493,0.4975320100784302,0.47513899207115173,0.48030298948287964,1255729794.0
2024-06-13,0.4770050048828125,0.4915579855442047,0.47632598876953125,0.4915579855442047,1048059804.0
2024-06-14,0.47427499294281006,0.48075199127197266,0.46468499302864075,0.47697898745536804,1220484176.0
2024-06-15,0.49069100618362427,0.5038589835166931,0.47422701120376587,0.47427400946617126,770448137.0
2024-06-16,0.4888319969177246,0.4986270070075989,0.4880619943141937,0.4906949996948242,692035447.0
2024-06-17,0.5051599740982056,0.5191419720649719,0.48466798663139343,0.48881399631500244,2028523218.0
2024-06-18,0.49094799160957336,0.5078030228614807,0.4772830009460449,0.5050489902496338,2024283447.0
2024-06-19,0.49324101209640503,0.4991689920425415,0.48799100518226624,0.4909459948539734,1001252678.0
2024-06-20,0.4887160062789917,0.501285970211029,0.4887160062789917,0.49324101209640503,1106889108.0
2024-06-21,0.4889560043811798,0.49488401412963867,0.4800280034542084,0.48871201276779175,1131886818.0
2024-06-22,0.4866209924221039,0.48934200406074524,0.4842419922351837,0.48894599080085754,455648980.0
2024-06-23,0.4794889986515045,0.4888480007648468,0.47810399532318115,0.48659399151802063,500633866.0
2024-06-24,0.47414299845695496,0.4812979996204376,0.46359699964523315,0.4794990122318268,1322556294.0
2024-06-25,0.4756850004196167,0.4795460104942322,0.473037987947464,0.4741150140762329,856021183.0
2024-06-26,0.46959999203681946,0.47781699895858765,0.4662100076675415,0.4756909906864166,886063357.0
2024-06-27,0.47465500235557556,0.4764530062675476,0.46569201350212097,0.4695670008659363,840598295.0
2024-06-28,0.4708850085735321,0.4801720082759857,0.47026699781417847,0.47464999556541443,937124567.0
2024-06-29,0.471994012594223,0.4761430025100708,0.4709149897098541,0.4709770083427429,402714114.0
2024-06-30,0.4754830002784729,0.47732600569725037,0.46999698877334595,0.4719789922237396,465426276.0
2024-07-01,0.4766409993171692,0.4828220009803772,0.47507399320602417,0.47547200322151184,813551774.0
2024-07-02,0.48451998829841614,0.48772498965263367,0.47591298818588257,0.476624995470047,844534843.0
2024-07-03,0.4667600095272064,0.4860219955444336,0.4625900089740753,0.48453500866889954,1275422799.0
2024-07-04,0.43357399106025696,0.4690040051937103,0.4329249858856201,0.4667370021343231,1521233429.0
2024-07-05,0.42549198865890503,0.4334479868412018,0.3911390006542206,0.4334479868412018,2152542241.0
2024-07-06,0.44905298948287964,0.4494819939136505,0.42418599128723145,0.4254849851131439,723560145.0
2024-07-07,0.4198229908943176,0.4490480124950409,0.4188230037689209,0.4490480124950409,758268409.0
2024-07-08,0.4314799904823303,0.44206199049949646,0.40467000007629395,0.4198029935359955,1537507458.0
2024-07-09,0.435916006565094,0.43742600083351135,0.427949994802475,0.43143001198768616,986003310.0
2024-07-10,0.4390380084514618,0.44240400195121765,0.43174999952316284,0.4358479976654053,967522144.0
2024-07-11,0.4490410089492798,0.45281898975372314,0.43711501359939575,0.4390510022640228,1102016670.0
2024-07-12,0.4747300148010254,0.47741299867630005,0.4452190101146698,0.44903698563575745,1596389224.0
2024-07-13,0.526328980922699,0.5635790228843689,0.47440099716186523,0.4747200012207031,2857057880.0
2024-07-14,0.52286297082901,0.5396050214767456,0.5148059725761414,0.5262010097503662,1570275472.0
2024-07-15,0.5378779768943787,0.5393840074539185,0.5211589932441711,0.5227339863777161,1760362204.0
2024-07-16,0.5793759822845459,0.5925269722938538,0.5342839956283569,0.5377529859542847,3380662320.0
2024-07-17,0.6264860033988953,0.6366440057754517,0.5793730020523071,0.5793730020523071,3708255186.0
2024-07-18,0.5695739984512329,0.6359869837760925,0.5604320168495178,0.6265890002250671,2986711547.0
2024-07-19,0.5737519860267639,0.5860120058059692,0.5426380038261414,0.5696079730987549,2340175055.0
2024-07-20,0.5946509838104248,0.6037819981575012,0.571832001209259,0.5737289786338806,1538358691.0
2024-07-21,0.5974670052528381,0.6071879863739014,0.5756160020828247,0.5946530103683472,1489477305.0
2024-07-22,0.6076369881629944,0.6226630210876465,0.586667001247406,0.5974799990653992,2052124201.0
2024-07-23,0.5974569916725159,0.6165760159492493,0.584276020526886,0.6076369881629944,1657693155.0
2024-07-24,0.6188430190086365,0.6321550011634827,0.5925769805908203,0.5974599719047546,1933084899.0
2024-07-25,0.5998160243034363,0.6238240003585815,0.5869389772415161,0.6188520193099976,2306853709.0
2024-07-26,0.6040679812431335,0.6084539890289307,0.5874590277671814,0.5998139977455139,1385845116.0
2024-07-27,0.5967950224876404,0.6088709831237793,0.5867040157318115,0.6040689945220947,1007994247.0
2024-07-28,0.601947009563446,0.6129159927368164,0.5921570062637329,0.5967950224876404,916029262.0
2024-07-29,0.6020860075950623,0.611411988735199,0.593300998210907,0.6019440293312073,1178431461.0
2024-07-30,0.6278769969940186,0.6349650025367737,0.5961570143699646,0.6020839810371399,2197505659.0
2024-07-31,0.6239389777183533,0.6579110026359558,0.6237620115280151,0.6278610229492188,2419022403.0
2024-08-01,0.5964639782905579,0.6294329762458801,0.5718839764595032,0.6239339709281921,1990603913.0
2024-08-02,0.5607709884643555,0.5964660048484802,0.5496360063552856,0.5964630246162415,1884164485.0
2024-08-03,0.5563910007476807,0.5765460133552551,0.5424720048904419,0.5607709884643555,1325726393.0
2024-08-04,0.5233960151672363,0.5583059787750244,0.5164279937744141,0.5563899874687195,1209933394.0
2024-08-05,0.48946601152420044,0.5252829790115356,0.4334920048713684,0.5233960151672363,4193893853.0
2024-08-06,0.5056970119476318,0.5185030102729797,0.48929598927497864,0.48945799469947815,1747524592.0
2024-08-07,0.6008099913597107,0.6408190131187439,0.4942300021648407,0.5056909918785095,4286385926.0
2024-08-08,0.6175770163536072,0.6416190266609192,0.5809080004692078,0.6008489727973938,3502679662.0
2024-08-09,0.5811529755592346,0.6237069964408875,0.5690230131149292,0.617579996585846,2024450473.0
2024-08-10,0.585578978061676,0.6013669967651367,0.5795980095863342,0.581151008605957,1134054567.0
2024-08-11,0.5529320240020752,0.5930770039558411,0.5475410223007202,0.5855860114097595,1202704291.0
2024-08-12,0.5687680244445801,0.5790690183639526,0.5521630048751831,0.552931010723114,1479740403.0
2024-08-13,0.576399028301239,0.5831130146980286,0.5638719797134399,0.5687680244445801,1245896255.0
2024-08-14,0.5691919922828674,0.5818889737129211,0.5662260055541992,0.5764080286026001,1138569808.0
2024-08-15,0.5609549880027771,0.573872983455658,0.5524529814720154,0.5691909790039062,1163264081.0
2024-08-16,0.564516007900238,0.570268988609314,0.5548279881477356,0.5609570145606995,1021214646.0
2024-08-17,0.5663189888000488,0.5705400109291077,0.5621269941329956,0.5645139813423157,481701399.0
2024-08-18,0.5638750195503235,0.5787519812583923,0.5638560056686401,0.56632399559021,633645481.0
2024-08-19,0.5986059904098511,0.6085090041160583,0.5623199939727783,0.5638740062713623,1592288724.0
2024-08-20,0.5944280028343201,0.6145210266113281,0.5888490080833435,0.598609983921051,1275196279.0
2024-08-21,0.6002749800682068,0.6053040027618408,0.586758017539978,0.5944269895553589,1185128571.0
2024-08-22,0.5976009964942932,0.6038659811019897,0.5938519835472107,0.6002770066261292,943673179.0
2024-08-23,0.6112390160560608,0.615634024143219,0.5943220257759094,0.597599983215332,1254262512.0
2024-08-24,0.6131100058555603,0.6304439902305603,0.6056349873542786,0.6112380027770996,1116629037.0
2024-08-25,0.6001840233802795,0.6137539744377136,0.596684992313385,0.6131100058555603,871698521.0
2024-08-26,0.5874699950218201,0.6021869778633118,0.5804070234298706,0.6001859903335571,1118813356.0
2024-08-27,0.5675539970397949,0.5995519757270813,0.5579550266265869,0.5874540209770203,1420370240.0
2024-08-28,0.5698500275611877,0.5842499732971191,0.5582219958305359,0.5675479769706726,1341866722.0
2024-08-29,0.5620549917221069,0.5764099955558777,0.5592859983444214,0.5698490142822266,986899081.0
2024-08-30,0.5670310258865356,0.5672929883003235,0.5481979846954346,0.5620579719543457,1103086708.0
2024-08-31,0.5663130283355713,0.5717840194702148,0.5633119940757751,0.5670260190963745,463303089.0
2024-09-01,0.5479900240898132,0.5665749907493591,0.5447999835014343,0.5663120150566101,681339684.0
2024-09-02,0.5675870180130005,0.5682830214500427,0.5454620122909546,0.5479859709739685,833537275.0
2024-09-03,0.5573909878730774,0.572052001953125,0.5573909878730774,0.5675879716873169,814841749.0
2024-09-04,0.5581759810447693,0.5644980072975159,0.5398920178413391,0.5573980212211609,1106776733.0
2024-09-05,0.5441960096359253,0.559436023235321,0.5413479804992676,0.5581769943237305,894618427.0
2024-09-06,0.5213469862937927,0.5470010042190552,0.5058959722518921,0.5441949963569641,1511246618.0
2024-09-07,0.5250920057296753,0.5327169895172119,0.5200350284576416,0.5213479995727539,560729553.0
2024-09-08,0.5292909741401672,0.5310080051422119,0.5217859745025635,0.5250930190086365,509773155.0
2024-09-09,0.5396379828453064,0.5422049760818481,0.527525007724762,0.5293099880218506,829101046.0
2024-09-10,0.5410779714584351,0.5426139831542969,0.5339620113372803,0.5396329760551453,704956463.0
2024-09-11,0.5353119969367981,0.5410810112953186,0.5239289999008179,0.5410770177841187,894903276.0
2024-09-12,0.5625759959220886,0.5809379816055298,0.5340740084648132,0.5353059768676758,1649796650.0
2024-09-13,0.5731490254402161,0.5745009779930115,0.5564290285110474,0.5625759959220886,1172399876.0
2024-09-14,0.5961989760398865,0.5985770225524902,0.5711680054664612,0.5731490254402161,1163728418.0
2024-09-15,0.5709750056266785,0.596215009689331,0.5705530047416687,0.5961989760398865,804536339.0
2024-09-16,0.585407018661499,0.5898429751396179,0.5607219934463501,0.5709750056266785,1261024893.0
2024-09-17,0.5845019817352295,0.5932450294494629,0.5793399810791016,0.5854169726371765,1006340430.0
2024-09-18,0.585250973701477,0.5854700207710266,0.5630810260772705,0.5845010280609131,1185142249.0
2024-09-19,0.5873709917068481,0.5940539836883545,0.5818989872932434,0.5852479934692383,1232042101.0
2024-09-20,0.5851709842681885,0.5921419858932495,0.5769529938697815,0.5873780250549316,1225009128.0
2024-09-21,0.5981410145759583,0.6099920272827148,0.5805680155754089,0.5851699709892273,952605938.0
2024-09-22,0.5876209735870361,0.6041049957275391,0.5795789957046509,0.5981460213661194,886494819.0
2024-09-23,0.5850650072097778,0.5952360033988953,0.5815010070800781,0.5876209735870361,998093828.0
2024-09-24,0.591543972492218,0.5923969745635986,0.5819360017776489,0.5850639939308167,988961520.0
2024-09-25,0.5835409760475159,0.5948659777641296,0.5829899907112122,0.5915449857711792,995515964.0
2024-09-26,0.5904210209846497,0.5959879755973816,0.5768849849700928,0.5835440158843994,1212544781.0
2024-09-27,0.5889269709587097,0.597025990486145,0.5832899808883667,0.5904240012168884,1236838134.0
2024-09-28,0.6148009896278381,0.6256269812583923,0.5865489840507507,0.5889350175857544,2222346896.0
2024-09-29,0.6419469714164734,0.6622059941291809,0.608814001083374,0.614799976348877,2225645563.0
2024-09-30,0.6114919781684875,0.6524109840393066,0.6109510064125061,0.6419450044631958,2051368592.0
2024-10-01,0.5975300073623657,0.6335890293121338,0.5842750072479248,0.6114919781684875,2724318278.0
2024-10-02,0.5398309826850891,0.6057800054550171,0.5307019948959351,0.5975189805030823,2624852688.0
2024-10-03,0.5219529867172241,0.5435670018196106,0.5100859999656677,0.5398190021514893,2329769451.0
2024-10-04,0.5343409776687622,0.5383750200271606,0.5157279968261719,0.5219529867172241,1408313543.0
2024-10-05,0.5294960141181946,0.5348529815673828,0.5268970131874084,0.5343170166015625,685609430.0
2024-10-06,0.5335919857025146,0.5367090106010437,0.5284919738769531,0.5294970273971558,595405724.0
2024-10-07,0.5299339890480042,0.5453609824180603,0.5297880172729492,0.5335919857025146,1192453387.0
2024-10-08,0.5308679938316345,0.5341200232505798,0.5216370224952698,0.529932975769043,906939733.0
2024-10-09,0.5243319869041443,0.534063994884491,0.5218610167503357,0.5308550000190735,858437665.0
2024-10-10,0.529977023601532,0.5432389974594116,0.5227530002593994,0.524321973323822,1260651129.0
2024-10-11,0.5382969975471497,0.5416160225868225,0.5295869708061218,0.5299800038337708,924108714.0
2024-10-12,0.5395600199699402,0.542464017868042,0.5357319712638855,0.5382949709892273,569251511.0
2024-10-13,0.5315399765968323,0.539563000202179,0.525704026222229,0.539559006690979,615540884.0
2024-10-14,0.5480210185050964,0.5511299967765808,0.5284069776535034,0.5315409898757935,1075594127.0
2024-10-15,0.5414519906044006,0.5545179843902588,0.5326679944992065,0.5480210185050964,1286412941.0
2024-10-16,0.5480449795722961,0.5531389713287354,0.5379649996757507,0.5414530038833618,1085371530.0
2024-10-17,0.5436580181121826,0.5641160011291504,0.5428529977798462,0.5480480194091797,1406187768.0
2024-10-18,0.5465409755706787,0.5523849725723267,0.5404959917068481,0.5436599850654602,1042238395.0
2024-10-19,0.5442569851875305,0.5495190024375916,0.5410929918289185,0.5465409755706787,603883719.0
2024-10-20,0.547652006149292,0.5480319857597351,0.537676990032196,0.5442420244216919,692297811.0
2024-10-21,0.5448629856109619,0.5594419836997986,0.541566014289856,0.547639012336731,1319986738.0
2024-10-22,0.5333790183067322,0.5488110184669495,0.5302609801292419,0.5448629856109619,1120439497.0
2024-10-23,0.525210976600647,0.5335379838943481,0.5128089785575867,0.533378005027771,982705775.0
2024-10-24,0.5317609906196594,0.5332859754562378,0.5244929790496826,0.5256209969520569,895039741.0
2024-10-25,0.5019189715385437,0.5317639708518982,0.4935849905014038,0.5317609906196594,1357198783.0
2024-10-26,0.5127609968185425,0.5144050121307373,0.49968498945236206,0.5019170045852661,703691734.0
2024-10-27,0.516381025314331,0.5171440243721008,0.5106250047683716,0.5127599835395813,509849012.0
2024-10-28,0.5192270278930664,0.5208380222320557,0.511381983757019,0.516381025314331,837346671.0
2024-10-29,0.5279160141944885,0.5303099751472473,0.5184659957885742,0.5192260146141052,1076280681.0
2024-10-30,0.5229740142822266,0.5280550122261047,0.5195879936218262,0.5279189944267273,900858937.0
2024-10-31,0.5092369914054871,0.5233500003814697,0.5038999915122986,0.5229740142822266,1015745412.0
2024-11-01,0.5128679871559143,0.5233510136604309,0.5046079754829407,0.5092369914054871,1284409586.0
2024-11-02,0.509850025177002,0.515749990940094,0.5079740285873413,0.5128679871559143,527041359.0
2024-11-03,0.5029309988021851,0.510748028755188,0.49365198612213135,0.5098519921302795,940842891.0
2024-11-04,0.5032259821891785,0.5138319730758667,0.49678799510002136,0.5029309988021851,1025432948.0
2024-11-05,0.5140290260314941,0.518310010433197,0.5020220279693604,0.5032259821891785,1027346174.0
2024-11-06,0.5424270033836365,0.5465790033340454,0.5140290260314941,0.5140290260314941,2211008426.0
2024-11-07,0.5547320246696472,0.5738679766654968,0.5384250283241272,0.5424270033836365,1889112043.0
2024-11-08,0.554078996181488,0.5596889853477478,0.5430240035057068,0.5547320246696472,1498480370.0
2024-11-09,0.559486985206604,0.5613809823989868,0.5451040267944336,0.554078996181488,1238578019.0
2024-11-10,0.589381992816925,0.6160420179367065,0.5562000274658203,0.559486985206604,4198897125.0
2024-11-11,0.6204670071601868,0.6307060122489929,0.5720239877700806,0.589381992816925,4066959667.0
2024-11-12,0.7076990008354187,0.7353529930114746,0.599107027053833,0.6204670071601868,11156505329.0
2024-11-13,0.6902880072593689,0.7435349822044373,0.6425909996032715,0.7076359987258911,7773620799.0
2024-11-14,0.7730069756507874,0.8452110290527344,0.6844170093536377,0.6902880072593689,9458526339.0
2024-11-15,0.8920909762382507,0.9248210191726685,0.7725790143013,0.7730079889297485,11738281623.0
2024-11-16,1.119089961051941,1.2567440271377563,0.8799239993095398,0.8920919895172119,22568823580.0
2024-11-17,1.0543349981307983,1.1545950174331665,1.0054630041122437,1.119088053703308,12066098151.0
2024-11-18,1.1179360151290894,1.1833419799804688,1.0543140172958374,1.0543440580368042,9978319005.0
2024-11-19,1.1019469499588013,1.1457940340042114,1.0738270282745361,1.1178940534591675,5884163705.0
2024-11-20,1.102301001548767,1.146636962890625,1.0637480020523071,1.101943016052246,6409028714.0
2024-11-21,1.2503520250320435,1.25177001953125,1.0820939540863037,1.1023050546646118,10451562188.0
2024-11-22,1.4690190553665161,1.4969069957733154,1.247560977935791,1.2502390146255493,19984456169.0
2024-11-23,1.469007968902588,1.6216150522232056,1.4275000095367432,1.4690320491790771,15468388183.0
2024-11-24,1.4324109554290771,1.5091010332107544,1.3082000017166138,1.468999981880188,11863424377.0
2024-11-25,1.415423035621643,1.5359230041503906,1.3643269538879395,1.4324129819869995,11517571350.0
2024-11-26,1.4013229608535767,1.4565420150756836,1.2948050498962402,1.4153670072555542,9378581138.0
2024-11-27,1.4728120565414429,1.5183700323104858,1.3573460578918457,1.401311993598938,7766481602.0
2024-11-28,1.5413429737091064,1.5423699617385864,1.4341830015182495,1.4728469848632812,5820667101.0
2024-11-29,1.7967309951782227,1.8115309476852417,1.5279079675674438,1.5413340330123901,14734827154.0
2024-11-30,1.94412100315094,1.954906940460205,1.7705539464950562,1.7967150211334229,16537204319.0
2024-12-01,2.320223093032837,2.3396410942077637,1.8536369800567627,1.9441059827804565,18321198113.0
2024-12-02,2.7138049602508545,2.8496809005737305,2.2438929080963135,2.320741891860962,51723383809.0
2024-12-03,2.525527000427246,2.864886999130249,2.3610100746154785,2.7139201164245605,43498034453.0
2024-12-04,2.3544440269470215,2.6703460216522217,2.2956318855285645,2.525563955307007,22033216003.0
2024-12-05,2.295206069946289,2.484998941421509,2.1888630390167236,2.354448080062866,21253973296.0
2024-12-06,2.424736976623535,2.4604899883270264,2.2395100593566895,2.2509119510650635,13380810341.0
2024-12-07,2.616624116897583,2.6172640323638916,2.396322011947632,2.424743890762329,12359080774.0
2024-12-08,2.6083478927612305,2.6408751010894775,2.4924449920654297,2.6165449619293213,10558694953.0
2024-12-09,2.218951940536499,2.608304977416992,2.103071928024292,2.608304977416992,19372805327.0
2024-12-10,2.3691599369049072,2.411073923110962,1.912253975868225,2.219235897064209,26630797341.0
2024-12-11,2.4000699520111084,2.4658830165863037,2.2391629219055176,2.3693089485168457,14234882608.0
2024-12-12,2.3427700996398926,2.481632947921753,2.3169939517974854,2.400054931640625,10907030447.0
2024-12-13,2.421319007873535,2.4723498821258545,2.2943921089172363,2.342726945877075,9425468612.0
2024-12-14,2.398705005645752,2.520582914352417,2.357938051223755,2.421319007873535,7815885534.0
2024-12-15,2.4469499588012695,2.4654200077056885,2.36962890625,2.398703098297119,6045150094.0
2024-12-16,2.4886579513549805,2.568895101547241,2.3448920249938965,2.4469990730285645,12061755485.0
2024-12-17,2.565190076828003,2.717674970626831,2.4457170963287354,2.488598108291626,17019845093.0
2024-12-18,2.3033180236816406,2.584602117538452,2.2874019145965576,2.5652310848236084,19855585018.0
2024-12-19,2.2488911151885986,2.4264090061187744,2.169593095779419,2.3033039569854736,23020304511.0
2024-12-20,2.276885986328125,2.346127986907959,1.9695470333099365,2.2488820552825928,26858734292.0
2024-12-21,2.238111972808838,2.381589889526367,2.2037529945373535,2.276900053024292,14987697762.0
2024-12-22,2.1993319988250732,2.2909209728240967,2.167088031768799,2.2377939224243164,11275662705.0
2024-12-23,2.2572619915008545,2.2684519290924072,2.1352620124816895,2.19943904876709,10144129668.0
2024-12-24,2.3246240615844727,2.346191883087158,2.2144899368286133,2.2572829723358154,5976090472.0
2024-12-25,2.2959699630737305,2.3278110027313232,2.263763904571533,2.324634075164795,3967858677.0
2024-12-26,2.154339075088501,2.311979055404663,2.134114980697632,2.2958950996398926,5466927247.0
2024-12-27,2.1416499614715576,2.231316089630127,2.1235098838806152,2.154330015182495,5426840159.0
2024-12-28,2.180824041366577,2.1994919776916504,2.1350059509277344,2.141666889190674,2759395789.0
2024-12-29,2.093179941177368,2.192812919616699,2.071950912475586,2.180833101272583,3053146362.0
2024-12-30,2.0575709342956543,2.143188953399658,2.0002310276031494,2.093189001083374,6671570513.0
2024-12-31,2.0801279544830322,2.1409740447998047,2.014132022857666,2.0575449466705322,4725443244.0
2025-01-01,2.322340965270996,2.3467729091644287,2.079150915145874,2.0801210403442383,7677226237.0
2025-01-02,2.403369903564453,2.435502052307129,2.322395086288452,2.3224079608917236,8345904442.0
2025-01-03,2.4528961181640625,2.4745519161224365,2.3971331119537354,2.4033749103546143,5804528036.0
2025-01-04,2.4195950031280518,2.5043840408325195,2.4067139625549316,2.452897071838379,4395986073.0
2025-01-05,2.3997271060943604,2.4255449771881104,2.3343610763549805,2.4195799827575684,4125625773.0
2025-01-06,2.418807029724121,2.4552509784698486,2.376384973526001,2.399725914001465,4383804466.0
2025-01-07,2.2723500728607178,2.460566997528076,2.2659060955047607,2.4187939167022705,7375576966.0
2025-01-08,2.375304937362671,2.3951570987701416,2.2129290103912354,2.27236008644104,8537147723.0
2025-01-09,2.275212049484253,2.389349937438965,2.2393898963928223,2.375308036804199,6033281189.0
2025-01-10,2.343251943588257,2.3639349937438965,2.2559070587158203,2.2751669883728027,5315424125.0
2025-01-11,2.576770067214966,2.5923891067504883,2.328618049621582,2.3432459831237793,7962865928.0
2025-01-12,2.5063140392303467,2.5779190063476562,2.4730029106140137,2.576788902282715,5572029190.0
2025-01-13,2.522934913635254,2.5590319633483887,2.3397669792175293,2.5063729286193848,10540895915.0
2025-01-14,2.669132947921753,2.6874170303344727,2.516187906265259,2.522891044616699,8454377085.0
2025-01-15,3.155057907104492,3.1775259971618652,2.655668020248413,2.6691670417785645,22195175230.0
2025-01-16,3.245539903640747,3.388071060180664,2.938015937805176,3.155390977859497,26379764731.0
2025-01-17,3.2986350059509277,3.34301495552063,3.1815829277038574,3.245321035385132,13511699686.0
2025-01-18,3.2740190029144287,3.2986679077148438,3.0726840496063232,3.2986679077148438,11851170238.0
2025-01-19,2.954716920852661,3.285343885421753,2.904541015625,3.2739830017089844,14986676962.0
2025-01-20,3.09983491897583,3.3472440242767334,2.9291279315948486,2.954353094100952,21508103946.0
2025-01-21,3.1693999767303467,3.234592914581299,3.022145986557007,3.0998330116271973,10358506190.0
2025-01-22,3.171104907989502,3.2742350101470947,3.145698070526123,3.16941499710083,8091948884.0
2025-01-23,3.1198909282684326,3.177994966506958,3.040842056274414,3.171056032180786,8450732276.0
2025-01-24,3.103482961654663,3.200756072998047,3.057248115539551,3.1198909282684326,6847580394.0
2025-01-25,3.109705924987793,3.1417129039764404,3.0827178955078125,3.1034250259399414,3304586596.0
2025-01-26,3.0262279510498047,3.1410889625549316,3.023400068283081,3.1097021102905273,3480601702.0
2025-01-27,3.053184986114502,3.053670883178711,2.7084829807281494,3.026278018951416,15974106216.0
2025-01-28,3.06112003326416,3.2090890407562256,3.0113940238952637,3.053234100341797,9497347683.0
2025-01-29,3.068294048309326,3.1274349689483643,2.9767580032348633,3.061098098754883,6882287654.0
2025-01-30,3.1310689449310303,3.1513309478759766,3.0533149242401123,3.068402051925659,4868674752.0
2025-01-31,3.0354199409484863,3.1311330795288086,3.0064849853515625,3.13104510307312,4520254155.0
2025-02-01,2.8844690322875977,3.0685110092163086,2.8381409645080566,3.035398006439209,4886927800.0
2025-02-02,2.5797948837280273,2.9528748989105225,2.4869349002838135,2.88446307182312,15654662798.0
2025-02-03,2.7011559009552,2.7798500061035156,1.9486210346221924,2.5797948837280273,36745099581.0
2025-02-04,2.5354249477386475,2.7766449451446533,2.435539960861206,2.7013089656829834,14154535566.0
2025-02-05,2.382314920425415,2.567157030105591,2.3566479682922363,2.5353689193725586,7724989243.0
2025-02-06,2.3268799781799316,2.4646880626678467,2.2923290729522705,2.3822579383850098,7292152784.0
2025-02-07,2.393583059310913,2.5338680744171143,2.283989906311035,2.3268959522247314,9288664505.0
2025-02-08,2.4243760108947754,2.4338529109954834,2.3557419776916504,2.393625020980835,3995500228.0
2025-02-09,2.396939992904663,2.5043768882751465,2.3182339668273926,2.4243500232696533,4806376236.0
2025-02-10,2.422696113586426,2.4694418907165527,2.330207109451294,2.3969149589538574,4740495321.0
2025-02-11,2.4142160415649414,2.5253920555114746,2.3763608932495117,2.42274808883667,5368991525.0
2025-02-12,2.472835063934326,2.490575075149536,2.349436044692993,2.4142189025878906,5462469809.0
2025-02-13,2.5625150203704834,2.596129894256592,2.424654006958008,2.4728429317474365,5041669574.0
2025-02-14,2.7401959896087646,2.82827091217041,2.535259962081909,2.562501907348633,8841598608.0
2025-02-15,2.76157808303833,2.8273110389709473,2.7218549251556396,2.7400870323181152,4633704309.0
2025-02-16,2.7278249263763428,2.8022820949554443,2.700206995010376,2.761552095413208,3431117272.0
2025-02-17,2.658273935317993,2.7614479064941406,2.613455057144165,2.728055000305176,4782836287.0
2025-02-18,2.558877944946289,2.666670083999634,2.4733290672302246,2.6582510471343994,5357974219.0
2025-02-19,2.7408010959625244,2.7440109252929688,2.517393112182617,2.5589520931243896,5175151198.0
2025-02-20,2.6908280849456787,2.744910955429077,2.673609972000122,2.7408089637756348,4310522382.0
2025-02-21,2.5701398849487305,2.709012031555176,2.5124850273132324,2.6907870769500732,5895816750.0
2025-02-22,2.5757060050964355,2.607469081878662,2.5561840534210205,2.5701489448547363,2384435690.0
2025-02-23,2.5770199298858643,2.5969789028167725,2.523690938949585,2.5757060050964355,2469949788.0
2025-02-24,2.2779290676116943,2.6004559993743896,2.2705368995666504,2.577012062072754,7075894526.0
2025-02-25,2.3207170963287354,2.3579061031341553,2.075191020965576,2.2779459953308105,13317860642.0
2025-02-26,2.1924350261688232,2.3249189853668213,2.1540091037750244,2.3207309246063232,6752125996.0
2025-02-27,2.198647975921631,2.2538559436798096,2.149014949798584,2.1924500465393066,4837539998.0
2025-02-28,2.145595073699951,2.1986401081085205,1.9574079513549805,2.1986401081085205,8544047699.0
2025-03-01,2.190603017807007,2.2123920917510986,2.1229240894317627,2.145608901977539,3300928949.0
2025-03-02,2.9369421005249023,2.9667201042175293,2.177359104156494,2.190593957901001,17441097426.0
2025-03-03,2.385741949081421,2.943916082382202,2.3117311000823975,2.937047004699707,14497390960.0
2025-03-04,2.455146074295044,2.516110897064209,2.2298710346221924,2.3857150077819824,11265947031.0
2025-03-05,2.500509023666382,2.5330400466918945,2.418123960494995,2.4551548957824707,6075953089.0
2025-03-06,2.601728916168213,2.63842511177063,2.4742391109466553,2.5005500316619873,6907451109.0
2025-03-07,2.3816239833831787,2.61004900932312,2.357011079788208,2.601728916168213,9796404399.0
2025-03-08,2.323438882827759,2.406409978866577,2.309607982635498,2.3816020488739014,3722945467.0
2025-03-09,2.1345760822296143,2.348783016204834,2.0909829139709473,2.3234260082244873,6156171771.0
2025-03-10,2.018294095993042,2.2516989707946777,2.0005240440368652,2.1344709396362305,8000109431.0
2025-03-11,2.1669158935546875,2.2082018852233887,1.9165899753570557,2.0181939601898193,8214014406.0
2025-03-12,2.240755081176758,2.2588319778442383,2.1420629024505615,2.1669280529022217,6420912776.0
2025-03-13,2.2510080337524414,2.337981939315796,2.218756914138794,2.2407450675964355,5570837343.0
2025-03-14,2.356442928314209,2.3833189010620117,2.2400801181793213,2.251004934310913,4318754070.0
2025-03-15,2.393238067626953,2.4717578887939453,2.356360912322998,2.3564300537109375,3638758922.0
2025-03-16,2.2978670597076416,2.4085230827331543,2.2745769023895264,2.393275022506714,3890457149.0
2025-03-17,2.3406379222869873,2.375943899154663,2.2955119609832764,2.2978010177612305,3457455337.0
2025-03-18,2.2869598865509033,2.340630054473877,2.226325035095215,2.340630054473877,3485953021.0
2025-03-19,2.5458409786224365,2.572793960571289,2.2691650390625,2.28695011138916,9591487009.0
2025-03-20,2.434674024581909,2.550710916519165,2.394331932067871,2.545851945877075,4976516822.0
2025-03-21,2.3792779445648193,2.463002920150757,2.3595709800720215,2.4346189498901367,3433230669.0
2025-03-22,2.369823932647705,2.4131650924682617,2.362138032913208,2.3793039321899414,1778187863.0
2025-03-23,2.435492992401123,2.4358808994293213,2.3670101165771484,2.3698220252990723,2107624036.0
2025-03-24,2.448162078857422,2.501594066619873,2.415477991104126,2.4354660511016846,3272338535.0
2025-03-25,2.451349973678589,2.4719130992889404,2.4102089405059814,2.448173999786377,2722132222.0
2025-03-26,2.349087953567505,2.4761669635772705,2.331583023071289,2.4513370990753174,3341723418.0
2025-03-27,2.3382740020751953,2.388458013534546,2.3071699142456055,2.3490710258483887,2687267004.0
2025-03-28,2.204137086868286,2.3407599925994873,2.159485101699829,2.338340997695923,4373544995.0
2025-03-29,2.139949083328247,2.2213709354400635,2.0647339820861816,2.204145908355713,3914811653.0
2025-03-30,2.1361429691314697,2.211034059524536,2.111093044281006,2.1399989128112793,2826918737.0
2025-03-31,2.0898969173431396,2.1373190879821777,2.0272419452667236,2.1361420154571533,4506662719.0
2025-04-01,2.139611005783081,2.192725896835327,2.068234920501709,2.08992600440979,4034254494.0
2025-04-02,2.025067090988159,2.221312999725342,1.9911190271377563,2.13959002494812,5687620993.0
2025-04-03,2.062467098236084,2.0798630714416504,1.9658050537109375,2.024998903274536,5385004807.0
2025-04-04,2.128959894180298,2.150624990463257,2.022510051727295,2.0624349117279053,5503342771.0
2025-04-05,2.143731117248535,2.170936107635498,2.1146841049194336,2.1289520263671875,2089759530.0
2025-04-06,1.917894959449768,2.1564838886260986,1.8691350221633911,2.1437230110168457,5158671865.0
2025-04-07,1.8977539539337158,1.9928799867630005,1.6400879621505737,1.917894959449768,14383598177.0
2025-04-08,1.7945679426193237,1.9660459756851196,1.7820090055465698,1.8977539539337158,6468324898.0
2025-04-09,2.0517380237579346,2.086500883102417,1.7256139516830444,1.7945020198822021,9381130206.0
2025-04-10,1.9664820432662964,2.0527539253234863,1.9282950162887573,2.0517520904541016,4463765886.0
2025-04-11,2.0238869190216064,2.0614120960235596,1.9500349760055542,1.9664969444274902,3459211572.0
2025-04-12,2.1586201190948486,2.1717629432678223,2.004678964614868,2.0238869190216064,3429390186.0
2025-04-13,2.120198965072632,2.232383966445923,2.0881030559539795,2.15863299369812,4220100049.0
2025-04-14,2.12675404548645,2.1742610931396484,2.110461950302124,2.1202189922332764,3284127480.0
2025-04-15,2.0885488986968994,2.1812610626220703,2.0852599143981934,2.1267330646514893,2948485956.0
2025-04-16,2.0832419395446777,2.1178948879241943,2.0397379398345947,2.0884950160980225,3572242595.0
2025-04-17,2.0664150714874268,2.1128690242767334,2.055849075317383,2.0832560062408447,2467503712.0
2025-04-18,2.0635271072387695,2.087322950363159,2.046036958694458,2.0664479732513428,1886497381.0
2025-04-19,2.08732008934021,2.0954349040985107,2.0593600273132324,2.063520908355713,1445648293.0
2025-04-20,2.0770010948181152,2.0925440788269043,2.040719985961914,2.087333917617798,1733159089.0
2025-04-21,2.085515022277832,2.1390879154205322,2.063260078430176,2.0770010948181152,2746051225.0
2025-04-22,2.215472936630249,2.2378690242767334,2.0689029693603516,2.0854969024658203,4054022421.0
2025-04-23,2.217355966567993,2.299539089202881,2.1973249912261963,2.215456962585449,5013426739.0
2025-04-24,2.2045440673828125,2.227350950241089,2.123378038406372,2.217360019683838,4208222195.0
2025-04-25,2.183053970336914,2.216888904571533,2.1668879985809326,2.2045400142669678,3279550205.0
2025-04-26,2.1931889057159424,2.24590802192688,2.182373046875,2.1830739974975586,2524845629.0
2025-04-27,2.256237030029297,2.2909960746765137,2.163794994354248,2.193192958831787,3776527779.0
2025-04-28,2.295137882232666,2.352191925048828,2.2270898818969727,2.256237030029297,4354002634.0
2025-04-29,2.2408010959625244,2.311781883239746,2.2238850593566895,2.295111894607544,2889426361.0
2025-04-30,2.191556930541992,2.258281946182251,2.129767894744873,2.2407920360565186,3691303521.0
2025-05-01,2.2141621112823486,2.2549800872802734,2.1911280155181885,2.1915719509124756,2221046439.0
2025-05-02,2.2098309993743896,2.238821029663086,2.1949219703674316,2.214168071746826,2148434217.0
2025-05-03,2.1883668899536133,2.2192180156707764,2.180974006652832,2.2098278999328613,1427745527.0
2025-05-04,2.157794952392578,2.2153871059417725,2.154179096221924,2.188364028930664,1606676574.0
2025-05-05,2.1356089115142822,2.1935369968414307,2.1095800399780273,2.1577649116516113,2518838395.0
2025-05-06,2.1554300785064697,2.1578099727630615,2.0805420875549316,2.1355319023132324,2458675034.0
2025-05-07,2.126171112060547,2.1697230339050293,2.108920097351074,2.155345916748047,3808556620.0
2025-05-08,2.323184013366699,2.324671983718872,2.1193130016326904,2.1261730194091797,4714441484.0
2025-05-09,2.3446710109710693,2.4253990650177,2.2902519702911377,2.3231658935546875,5991870742.0
2025-05-10,2.4720299243927,2.4726719856262207,2.340177059173584,2.3446290493011475,4373016278.0
2025-05-11,2.3665249347686768,2.4762539863586426,2.3339169025421143,2.4719998836517334,3965697853.0
2025-05-12,2.54463791847229,2.639677047729492,2.3588039875030518,2.3665390014648438,10613122884.0
2025-05-13,2.586548089981079,2.6008999347686768,2.427625894546509,2.544632911682129,6176519868.0
2025-05-14,2.5527029037475586,2.645735025405884,2.524127960205078,2.5865581035614014,4955686643.0
2025-05-15,2.3803670406341553,2.570915937423706,2.3590009212493896,2.5526978969573975,5374268326.0
2025-05-16,2.38098406791687,2.436707019805908,2.3506529331207275,2.3803579807281494,3792750565.0
2025-05-17,2.3543639183044434,2.388313055038452,2.3032031059265137,2.38098406791687,3022317383.0
2025-05-18,2.434170961380005,2.4429008960723877,2.3522820472717285,2.3543639183044434,2943528946.0
2025-05-19,2.3813788890838623,2.4357941150665283,2.2868640422821045,2.4334731101989746,3735931351.0
2025-05-20,2.356755018234253,2.4056599140167236,2.3174281120300293,2.3813788890838623,2990978075.0
2025-05-21,2.398926019668579,2.4261128902435303,2.3348751068115234,2.3567399978637695,3837944483.0
2025-05-22,2.429795026779175,2.4517180919647217,2.392353057861328,2.398953914642334,3399409382.0
2025-05-23,2.294321060180664,2.476517915725708,2.2903330326080322,2.429795026779175,4394718207.0
2025-05-24,2.3328700065612793,2.3588058948516846,2.292414903640747,2.294456958770752,1496547562.0
2025-05-25,2.342974901199341,2.3441929817199707,2.2705280780792236,2.3328700065612793,2117325121.0
2025-05-26,2.3106610774993896,2.3580880165100098,2.298753023147583,2.3429501056671143,1930678300.0
2025-05-27,2.318671941757202,2.3520429134368896,2.2724521160125732,2.3106439113616943,2373797283.0
2025-05-28,2.2742528915405273,2.3214120864868164,2.2305309772491455,2.318640947341919,2373668637.0
2025-05-29,2.244246006011963,2.3111259937286377,2.244018077850342,2.274259090423584,2465662898.0
2025-05-30,2.138633966445923,2.250627040863037,2.1384530067443848,2.2442328929901123,3891788509.0
2025-05-31,2.1750600337982178,2.2038750648498535,2.0855250358581543,2.1387228965759277,2684904446.0
2025-06-01,2.1791839599609375,2.187160015106201,2.128967046737671,2.175107955932617,1763611233.0
2025-06-02,2.1977550983428955,2.2030580043792725,2.1388540267944336,2.1791839599609375,2150527408.0
2025-06-03,2.2468440532684326,2.280704975128174,2.1861350536346436,2.1977550983428955,2528637429.0
2025-06-04,2.202310085296631,2.264259099960327,2.1981959342956543,2.246840000152588,2010134792.0
2025-06-05,2.0976340770721436,2.2252910137176514,2.064732074737549,2.2023210525512695,3283496875.0
2025-06-06,2.1624059677124023,2.1888461112976074,2.0886659622192383,2.0976450443267822,2160226661.0
2025-06-07,2.1785459518432617,2.1910500526428223,2.1518170833587646,2.1624069213867188,1225984728.0
2025-06-08,2.2654950618743896,2.2942090034484863,2.1692090034484863,2.1785449981689453,2668252038.0
2025-06-09,2.3203749656677246,2.3278310298919678,2.2255001068115234,2.265489101409912,2876210477.0
2025-06-10,2.3052849769592285,2.3248300552368164,2.26800799369812,2.320374011993408,2753743744.0
2025-06-11,2.2708730697631836,2.3354949951171875,2.2572200298309326,2.3053159713745117,3016488242.0
2025-06-12,2.1947689056396484,2.2712199687957764,2.1762380599975586,2.2708730697631836,2658926570.0
2025-06-13,2.1490299701690674,2.1947391033172607,2.0890591144561768,2.1947319507598877,4448865758.0
2025-06-14,2.1414060592651367,2.1783881187438965,2.113940954208374,2.149034023284912,2001104713.0
2025-06-15,2.1671769618988037,2.1749680042266846,2.140233039855957,2.141400098800659,1527791412.0
2025-06-16,2.241771936416626,2.335679054260254,2.1541459560394287,2.1671769618988037,4685110426.0
2025-06-17,2.1607139110565186,2.254978895187378,2.146059989929199,2.241692066192627,3965189619.0
2025-06-18,2.1696650981903076,2.1802639961242676,2.120965003967285,2.160707950592041,2800813549.0
2025-06-19,2.165937900543213,2.1820759773254395,2.146401882171631,2.169682025909424,1758762458.0
2025-06-20,2.120347023010254,2.178421974182129,2.089282989501953,2.165940999984741,2626675896.0
2025-06-21,2.057558059692383,2.143980026245117,2.026771068572998,2.120345115661621,2455229797.0
2025-06-22,2.0140280723571777,2.088361978530884,1.913148045539856,2.0577499866485596,5108058032.0
2025-06-23,2.166309118270874,2.168555974960327,1.9673360586166382,2.014103889465332,4568812691.0
2025-06-24,2.1908159255981445,2.2160279750823975,2.1343369483947754,2.166309118270874,3574001224.0
2025-06-25,2.1858720779418945,2.225637912750244,2.1726629734039307,2.1908109188079834,2632853074.0
2025-06-26,2.1058549880981445,2.2118210792541504,2.1003410816192627,2.185861110687256,3042625706.0
2025-06-27,2.1426188945770264,2.150455951690674,2.072066068649292,2.105854034423828,3072597387.0
2025-06-28,2.1860439777374268,2.2066619396209717,2.1364738941192627,2.142627000808716,2047303025.0
2025-06-29,2.2070729732513428,2.2182369232177734,2.1789140701293945,2.186039924621582,1525772808.0
2025-06-30,2.2387499809265137,2.3205649852752686,2.1717329025268555,2.20707106590271,3788425438.0
2025-07-01,2.1721949577331543,2.2523210048675537,2.1514201164245605,2.2387099266052246,3188065836.0
2025-07-02,2.233768939971924,2.2791690826416016,2.1626439094543457,2.172179937362671,3852349881.0
2025-07-03,2.257658004760742,2.308444023132324,2.22918701171875,2.2337849140167236,3715918884.0
2025-07-04,2.2211389541625977,2.2671821117401123,2.200514078140259,2.2576329708099365,2085461653.0
2025-07-05,2.218522071838379,2.2334558963775635,2.2036290168762207,2.2211389541625977,1176056923.0
2025-07-06,2.272541046142578,2.286876916885376,2.2115418910980225,2.2185239791870117,2494482032.0
2025-07-07,2.274077892303467,2.348522901535034,2.257966995239258,2.2725439071655273,4447363877.0
2025-07-08,2.3112339973449707,2.3197081089019775,2.250070095062256,2.274075984954834,3096977787.0
2025-07-09,2.4056360721588135,2.4232490062713623,2.2990660667419434,2.3112339973449707,5095934679.0
2025-07-10,2.5466830730438232,2.558056116104126,2.3972949981689453,2.4056360721588135,6049788225.0
2025-07-11,2.7348639965057373,2.9642701148986816,2.5175468921661377,2.546631097793579,15789098843.0
2025-07-12,2.737636089324951,2.8412539958953857,2.669909954071045,2.7348499298095703,8647115362.0
2025-07-13,2.8359410762786865,2.878499984741211,2.7268970012664795,2.737636089324951,7159804375.0
2025-07-14,2.954977035522461,3.021791934967041,2.8271820545196533,2.835922956466675,12393161327.0
2025-07-15,2.918951988220215,2.957473039627075,2.808501958847046,2.9548840522766113,8879749638.0
2025-07-16,3.041404962539673,3.0970680713653564,2.8827059268951416,2.91894793510437,8884765458.0
2025-07-17,3.495129108428955,3.5405991077423096,3.005836009979248,3.0413780212402344,19109831396.0
2025-07-18,3.4182119369506836,3.650209903717041,3.3606159687042236,3.4949169158935547,18226483531.0
2025-07-19,3.429405927658081,3.4801108837127686,3.361759901046753,3.4181599617004395,6728548741.0
2025-07-20,3.459528923034668,3.5544300079345703,3.390993118286133,3.42938494682312,8763366578.0
2025-07-21,3.55576491355896,3.64241099357605,3.4161550998687744,3.459537982940674,9514968528.0
2025-07-22,3.551676034927368,3.5769379138946533,3.4308359622955322,3.5556368827819824,8927291368.0
2025-07-23,3.1849300861358643,3.5521459579467773,3.0699470043182373,3.5516719818115234,13463451823.0
2025-07-24,3.143894910812378,3.2600300312042236,2.9854791164398193,3.1849400997161865,12401558966.0
2025-07-25,3.1417200565338135,3.1508629322052,3.009105920791626,3.1438910961151123,8709196636.0
2025-07-26,3.167534112930298,3.213773012161255,3.113023042678833,3.141684055328369,4116974190.0
2025-07-27,3.2412819862365723,3.2484660148620605,3.16269588470459,3.167418956756592,5026533835.0
2025-07-28,3.11584210395813,3.324357032775879,3.1140570640563965,3.2412490844726562,8060553540.0
2025-07-29,3.1284310817718506,3.1827991008758545,3.061113119125366,3.1159019470214844,6224568345.0
2025-07-30,3.0983760356903076,3.157607078552246,3.0166521072387695,3.1284310817718506,6525487340.0
2025-07-31,3.025170087814331,3.1738059520721436,3.0180630683898926,3.098275899887085,5429993622.0
2025-08-01,2.96459698677063,3.051882028579712,2.9082601070404053,3.0251119136810303,9496832986.0
2025-08-02,2.766371965408325,3.0177719593048096,2.747067928314209,2.9644839763641357,6806946397.0
2025-08-03,2.9495439529418945,2.9583849906921387,2.7463839054107666,2.766434907913208,5493336229.0
2025-08-04,3.072809934616089,3.088593006134033,2.9358890056610107,2.949549913406372,6105465016.0
2025-08-05,2.963747978210449,3.103377103805542,2.923888921737671,3.0728049278259277,5761767874.0
2025-08-06,2.9918880462646484,3.017256021499634,2.9063880443573,2.9637489318847656,4694230831.0
2025-08-07,3.3182079792022705,3.329602003097534,2.9683361053466797,2.991887092590332,8073584245.0
2025-08-08,3.2871201038360596,3.375807046890259,3.213244915008545,3.3182408809661865,10725932348.0
2025-08-09,3.2278831005096436,3.34472393989563,3.215956926345825,3.287048101425171,5751246666.0
2025-08-10,3.1878559589385986,3.2766270637512207,3.160249948501587,3.2278800010681152,5480657770.0
2025-08-11,3.134514093399048,3.3272359371185303,3.1220450401306152,3.187868118286133,8655881431.0
2025-08-12,3.2665059566497803,3.300262928009033,3.112154960632324,3.134493112564087,8909122577.0
2025-08-13,3.2805910110473633,3.3238399028778076,3.2074968814849854,3.266510009765625,8866523352.0
2025-08-14,3.083522081375122,3.3459880352020264,3.0372560024261475,3.2805728912353516,12234770540.0
2025-08-15,3.078666925430298,3.1427619457244873,3.008507013320923,3.0835559368133545,7119201345.0
2025-08-16,3.108139991760254,3.156259059906006,3.0780301094055176,3.0786690711975098,4171845770.0
2025-08-17,3.089040994644165,3.146683931350708,3.088334083557129,3.108128070831299,3705547889.0
2025-08-18,3.0614829063415527,3.0956459045410156,2.947266101837158,3.0890419483184814,8082538521.0
2025-08-19,2.852924108505249,3.0802559852600098,2.8519508838653564,3.0614869594573975,7026863070.0
2025-08-20,2.950748920440674,2.9852991104125977,2.8267319202423096,2.8530659675598145,7007191461.0
2025-08-21,2.8504741191864014,2.9521749019622803,2.84397292137146,2.950748920440674,4660595472.0
2025-08-22,3.075773000717163,3.0979928970336914,2.7843430042266846,2.850512981414795,10060500291.0
2025-08-23,3.0462141036987305,3.0757880210876465,2.970676898956299,3.0757761001586914,4711873113.0
2025-08-24,3.0258688926696777,3.123673915863037,2.9989240169525146,3.0462260246276855,6414069609.0
2025-08-25,2.861272096633911,3.049161911010742,2.833379030227661,3.025876998901367,7446594518.0
2025-08-26,3.0122179985046387,3.0737359523773193,2.8577210903167725,2.861258029937744,7015039498.0
2025-08-27,2.966618061065674,3.042534112930298,2.964276075363159,3.0122320652008057,6656258780.0
2025-08-28,2.967094898223877,3.02406907081604,2.946099042892456,2.9667201042175293,5961279099.0
2025-08-29,2.8219571113586426,2.9724369049072266,2.780958890914917,2.967050075531006,8455152430.0
2025-08-30,2.818186044692993,2.833678960800171,2.771291971206665,2.8219330310821533,3786859473.0
2025-08-31,2.7766408920288086,2.8643128871917725,2.774384021759033,2.8181910514831543,3292986154.0
2025-09-01,2.753695011138916,2.834273099899292,2.70644211769104,2.7766809463500977,8041446525.0
2025-09-02,2.861859083175659,2.8625171184539795,2.7507479190826416,2.753838062286377,7493678799.0
2025-09-03,2.8448948860168457,2.884850025177002,2.814042091369629,2.8618481159210205,4435438842.0
2025-09-04,2.795828104019165,2.859074115753174,2.788585901260376,2.844904899597168,4856488220.0
2025-09-05,2.8162479400634766,2.8827059268951416,2.7810940742492676,2.7958168983459473,6912100967.0
2025-09-06,2.810854911804199,2.827824115753174,2.794511079788208,2.8162479400634766,2098512724.0
2025-09-07,2.8785619735717773,2.910407066345215,2.8106279373168945,2.810854911804199,3861213414.0
2025-09-08,2.9704010486602783,2.99190092086792,2.867198944091797,2.8785560131073,6130006998.0
2025-09-09,2.9466140270233154,3.0332069396972656,2.9352149963378906,2.970402956008911,5916483406.0
2025-09-10,2.98170804977417,3.0198910236358643,2.936911106109619,2.9466099739074707,4335352685.0
2025-09-11,3.0409340858459473,3.0474040508270264,2.9791719913482666,2.9817259311676025,5308930163.0
2025-09-12,3.1076419353485107,3.1292951107025146,3.021178960800171,3.0409419536590576,6243311041.0
2025-09-13,3.121467113494873,3.1834518909454346,3.0945680141448975,3.1076180934906006,5576961697.0
2025-09-14,3.032525062561035,3.125075101852417,3.0131750106811523,3.1214470863342285,4780192678.0
2025-09-15,2.9971089363098145,3.0665009021759033,2.960891008377075,3.032521963119507,6168345239.0
2025-09-16,3.038494110107422,3.057734966278076,2.9702460765838623,2.9971110820770264,4790701693.0
2025-09-17,3.084991931915283,3.106205940246582,2.989348888397217,3.03849196434021,6464944702.0
2025-09-18,3.0762689113616943,3.1373729705810547,3.0591208934783936,3.0849499702453613,6370715154.0
2025-09-19,2.991852045059204,3.091960906982422,2.9828128814697266,3.076272964477539,5081524032.0
2025-09-20,2.97891902923584,3.0097670555114746,2.9726929664611816,2.9918320178985596,3128134656.0
2025-09-21,2.9734089374542236,3.012864112854004,2.958009958267212,2.9789299964904785,3006847619.0
2025-09-22,2.8530099391937256,2.975092887878418,2.775836944580078,2.973418951034546,10061060584.0
2025-09-23,2.8281569480895996,2.8936240673065186,2.8051230907440186,2.853024959564209,5443127217.0
2025-09-24,2.928035020828247,2.9935901165008545,2.803144931793213,2.828119993209839,6233618625.0
2025-09-25,2.742319107055664,2.943459987640381,2.738723039627075,2.928054094314575,9262038626.0
2025-09-26,2.7858119010925293,2.809046983718872,2.703968048095703,2.742363929748535,7991469350.0
2025-09-27,2.807734966278076,2.8261570930480957,2.766432046890259,2.785804033279419,2924457406.0
2025-09-28,2.8665859699249268,2.866821050643921,2.769887924194336,2.8077139854431152,3306243728.0
2025-09-29,2.8826920986175537,2.9153709411621094,2.8486220836639404,2.866586923599243,5241844741.0
2025-09-30,2.846930980682373,2.9061388969421387,2.8182899951934814,2.8826630115509033,4983474471.0
2025-10-01,2.9472780227661133,2.958820104598999,2.816854953765869,2.8469419479370117,6320890474.0
2025-10-02,3.0393240451812744,3.0992510318756104,2.943373918533325,2.947293996810913,7342967135.0
2025-10-03,3.0408809185028076,3.093135118484497,3.0083730220794678,3.0393431186676025,6969299806.0
2025-10-04,2.969348907470703,3.0501859188079834,2.9425148963928223,3.0408871173858643,4164234298.0
2025-10-05,2.9706408977508545,3.068089008331299,2.95080304145813,2.9693450927734375,5535126764.0
2025-10-06,2.9907169342041016,3.046444892883301,2.959744930267334,2.9706170558929443,6393948188.0
2025-10-07,2.855971097946167,2.999748945236206,2.8548760414123535,2.990710973739624,7275425947.0
2025-10-08,2.8808040618896484,2.923064947128296,2.8429670333862305,2.8559770584106445,4668884369.0
2025-10-09,2.8049099445343018,2.880836009979248,2.779107093811035,2.8807849884033203,5640441736.0
2025-10-10,2.3585970401763916,2.8336119651794434,1.5284509658813477,2.8049099445343018,15623107075.0
2025-10-11,2.385982036590576,2.5019938945770264,2.3221681118011475,2.3587539196014404,11749648817.0
2025-10-12,2.5349578857421875,2.581763982772827,2.3209729194641113,2.385956048965454,9877639191.0
2025-10-13,2.6064999103546143,2.6452128887176514,2.5217909812927246,2.5350899696350098,8579698636.0
2025-10-14,2.505660057067871,2.6204729080200195,2.4076249599456787,2.6064939498901367,8358303560.0
2025-10-15,2.412666082382202,2.5257151126861572,2.3895881175994873,2.505666971206665,5540248401.0
2025-10-16,2.3290679454803467,2.4628589153289795,2.2876369953155518,2.4126720428466797,7020912336.0
2025-10-17,2.294239044189453,2.380460023880005,2.1971750259399414,2.3289899826049805,7915224855.0
2025-10-18,2.3605101108551025,2.391555070877075,2.2944109439849854,2.2944109439849854,2903249765.0
2025-10-19,2.390631914138794,2.417567014694214,2.321039915084839,2.3605101108551025,3399616949.0
2025-10-20,2.4934189319610596,2.5430819988250732,2.358992099761963,2.3906519412994385,4680466571.0
2025-10-21,2.4242711067199707,2.531348943710327,2.4040679931640625,2.495587110519409,5162489261.0
2025-10-22,2.3638620376586914,2.437922954559326,2.335038900375366,2.4242799282073975,4563355252.0
2025-10-23,2.3951499462127686,2.4232709407806396,2.3632309436798096,2.3638620376586914,3186334728.0
2025-10-24,2.507473945617676,2.512458086013794,2.388927936553955,2.3951539993286133,4400716181.0
2025-10-25,2.596446990966797,2.645198106765747,2.5058369636535645,2.5075271129608154,3953836546.0
2025-10-26,2.645145893096924,2.658691883087158,2.594789981842041,2.5964510440826416,3805025865.0
2025-10-27,2.634629964828491,2.6934471130371094,2.6074390411376953,2.645143985748291,5079861417.0
2025-10-28,2.6059770584106445,2.6833300590515137,2.574120044708252,2.634644031524658,5654771816.0
2025-10-29,2.552021026611328,2.663019895553589,2.5433599948883057,2.6059629917144775,5094568015.0
2025-10-30,2.4397149085998535,2.589812994003296,2.3902909755706787,2.551990032196045,6124183294.0
2025-10-31,2.508733034133911,2.546717882156372,2.437345027923584,2.439723014831543,4637688037.0
2025-11-01,2.505173921585083,2.521034002304077,2.4799931049346924,2.5087339878082275,1999237389.0
2025-11-02,2.529094934463501,2.546015977859497,2.4795119762420654,2.5052120685577393,2469844986.0
2025-11-03,2.309377908706665,2.5297560691833496,2.2659718990325928,2.52895188331604,6581778268.0
2025-11-04,2.210616111755371,2.3605270385742188,2.076153039932251,2.3093531131744385,9860892049.0
2025-11-05,2.3452250957489014,2.3712880611419678,2.109323024749756,2.210624933242798,6893540144.0
2025-11-06,2.210848093032837,2.3857710361480713,2.1859850883483887,2.345212936401367,5711117897.0
2025-11-07,2.3141629695892334,2.3664300441741943,2.1580169200897217,2.210850954055786,5982883574.0
2025-11-08,2.2848949432373047,2.332689046859741,2.2471060752868652,2.3142080307006836,3186759680.0
2025-11-09,2.367656946182251,2.377732992172241,2.2438271045684814,2.2849230766296387,3226988283.0
2025-11-10,2.526365041732788,2.577178955078125,2.356184959411621,2.367645025253296,6474566793.0
2025-11-11,2.391724109649658,2.565876007080078,2.3822429180145264,2.526350975036621,4511908616.0
2025-11-12,2.3868958950042725,2.447227954864502,2.320275068283081,2.3917229175567627,4769353442.0
2025-11-13,2.3311400413513184,2.5200459957122803,2.2845370769500732,2.3869059085845947,7594356106.0
2025-11-14,2.2439820766448975,2.3358540534973145,2.2313780784606934,2.331118106842041,7080963107.0
2025-11-15,2.235245943069458,2.297705888748169,2.219283103942871,2.2439699172973633,2923818163.0
2025-11-16,2.216609001159668,2.2763640880584717,2.1610360145568848,2.2352540493011475,4217661281.0
2025-11-17,2.162097930908203,2.2913529872894287,2.118227005004883,2.216594934463501,6068395312.0
2025-11-18,2.2164790630340576,2.2369699478149414,2.1150500774383545,2.1620800495147705,5793233516.0
2025-11-19,2.1076180934906006,2.2164790630340576,2.02803111076355,2.2164790630340576,6144007301.0
2025-11-20,1.9987870454788208,2.1467740535736084,1.9777389764785767,2.107614040374756,6618490721.0
2025-11-21,1.9504029750823975,2.0236189365386963,1.8348710536956787,1.9987139701843262,9204368766.0
2025-11-22,1.9497510194778442,1.9626660346984863,1.8932429552078247,1.9503920078277588,3115116100.0
2025-11-23,2.046264886856079,2.0801029205322266,1.949720025062561,1.9497549533843994,4120199235.0
2025-11-24,2.2258780002593994,2.278395891189575,2.026716947555542,2.0463991165161133,6505730022.0
2025-11-25,2.1985440254211426,2.259398937225342,2.1517350673675537,2.226012945175171,4910340958.0
2025-11-26,2.2242848873138428,2.250157117843628,2.148216962814331,2.198543071746826,3853143882.0
2025-11-27,2.200824022293091,2.232724905014038,2.1752700805664062,2.2242848873138428,2820875208.0
2025-11-28,2.1806480884552,2.2628979682922363,2.1615140438079834,2.200831890106201,4332649955.0
2025-11-29,2.2033770084381104,2.2205989360809326,2.1725070476531982,2.180649995803833,2108094066.0
2025-11-30,2.1609671115875244,2.212327003479004,2.1609671115875244,2.2033700942993164,1888526431.0
2025-12-01,2.0309159755706787,2.160788059234619,1.9879770278930664,2.1606431007385254,5482181614.0
2025-12-02,2.155522108078003,2.1788489818573,1.9983290433883667,2.0309159755706787,4387656803.0
2025-12-03,2.2019059658050537,2.217345952987671,2.1436591148376465,2.1554698944091797,3860198446.0
2025-12-04,2.097172975540161,2.2096900939941406,2.073594093322754,2.2015879154205322,3357933972.0
2025-12-05,2.037606954574585,2.1116750240325928,2.0179519653320312,2.0971550941467285,3315458822.0
2025-12-06,2.0326199531555176,2.0492188930511475,2.0187559127807617,2.0376060009002686,1682146760.0
2025-12-07,2.0434200763702393,2.1088130474090576,2.0001800060272217,2.0326271057128906,2832015064.0
2025-12-08,2.073106050491333,2.116265058517456,2.036926031112671,2.0434679985046387,2909008695.0
2025-12-09,2.1084249019622803,2.174415111541748,2.0454490184783936,2.073106050491333,3614920392.0
2025-12-10,2.0433449745178223,2.108875036239624,2.041325092315674,2.108422040939331,3768702959.0
2025-12-11,2.035507917404175,2.05297589302063,1.9865959882736206,2.043318033218384,3560399350.0
2025-12-12,2.0091450214385986,2.0456368923187256,1.9795680046081543,2.0355000495910645,2650764203.0
2025-12-13,2.023993968963623,2.0472359657287598,2.0082309246063232,2.0091450214385986,1622802388.0
2025-12-14,1.979287028312683,2.0300180912017822,1.9721139669418335,2.0239970684051514,1639521426.0
2025-12-15,1.8986730575561523,2.0092670917510986,1.8763630390167236,1.9792850017547607,3479993806.0
2025-12-16,1.9300730228424072,1.9440170526504517,1.861063003540039,1.8986719846725464,3093566806.0
2025-12-17,1.8618379831314087,1.9836959838867188,1.8502490520477295,1.930083990097046,3450002332.0
2025-12-18,1.8077770471572876,1.930562973022461,1.8041980266571045,1.8618450164794922,3853056261.0
2025-12-19,1.9073920249938965,1.915884017944336,1.7726960182189941,1.8077770471572876,3923807997.0
2025-12-20,1.9323979616165161,1.9539439678192139,1.8951400518417358,1.9073899984359741,1995691806.0
2025-12-21,1.9220119714736938,1.9473049640655518,1.8967759609222412,1.9324029684066772,2392341920.0
2025-12-22,1.9027639627456665,1.9436969757080078,1.89280104637146,1.9220249652862549,2644702981.0
2025-12-23,1.872817039489746,1.9071170091629028,1.8667000532150269,1.9027639627456665,2201693264.0
2025-12-24,1.861171007156372,1.8758349418640137,1.8375740051269531,1.8727949857711792,1891794487.0
2025-12-25,1.8318359851837158,1.885256052017212,1.8297710418701172,1.8611669540405273,1498817315.0
2025-12-26,1.8429640531539917,1.8802529573440552,1.8252919912338257,1.8318400382995605,2252113960.0
2025-12-27,1.8728530406951904,1.8740400075912476,1.841431975364685,1.8429620265960693,1040331569.0
2025-12-28,1.864359974861145,1.8768310546875,1.8538349866867065,1.8728530406951904,1043218992.0
2025-12-29,1.8477239608764648,1.914788007736206,1.845445990562439,1.8643569946289062,2303688120.0
2025-12-30,1.8754940032958984,1.88264799118042,1.84408700466156,1.8477400541305542,1804734447.0
2025-12-31,1.839972972869873,1.8805949687957764,1.8115309476852417,1.8754940032958984,1999139715.0
2026-01-01,1.8779360055923462,1.8779360055923462,1.8252300024032593,1.8399790525436401,1401659084.0
2026-01-02,2.00581693649292,2.0228350162506104,1.8674219846725464,1.8779350519180298,3614813049.0
2026-01-03,2.017406940460205,2.0536348819732666,1.9885189533233643,2.00580096244812,2345137866.0
2026-01-04,2.0900208950042725,2.116791009902954,2.017153024673462,2.017404079437256,3214249708.0
2026-01-05,2.348797082901001,2.3607370853424072,2.0885870456695557,2.0900299549102783,6262857427.0
2026-01-06,2.306900978088379,2.410264015197754,2.2103190422058105,2.348781108856201,7823657946.0
2026-01-07,2.1671249866485596,2.316704034805298,2.1555750370025635,2.3068950176239014,4045149123.0
2026-01-08,2.1220970153808594,2.186410903930664,2.0660600662231445,2.1671249866485596,4715816749.0
2026-01-09,2.0916409492492676,2.154855966567993,2.0741100311279297,2.122144937515259,3557900155.0
2026-01-10,2.0880179405212402,2.106307029724121,2.080061912536621,2.091646909713745,1201952489.0
2026-01-11,2.0710649490356445,2.104557991027832,2.0490400791168213,2.088012933731079,1712768426.0
2026-01-12,2.0525450706481934,2.1054608821868896,2.033787965774536,2.0710608959198,3628675548.0
2026-01-13,2.1637980937957764,2.179780960083008,2.0458810329437256,2.052546977996826,3811945251.0
2026-01-14,2.139741897583008,2.1859281063079834,2.112826108932495,2.1638009548187256,4297209828.0
2026-01-15,2.0781290531158447,2.142441987991333,2.055048942565918,2.1397318840026855,3029758067.0
2026-01-16,2.0682179927825928,2.084851026535034,2.029236078262329,2.078119993209839,2318958402.0
2026-01-17,2.062372922897339,2.080599069595337,2.0540499687194824,2.0682148933410645,1318755638.0
2026-01-18,1.992658019065857,2.066092014312744,1.9912149906158447,2.062372922897339,1668886889.0
2026-01-19,1.9863810539245605,2.02561092376709,1.909872055053711,1.992622971534729,4017699865.0
2026-01-20,1.8895820379257202,1.9879659414291382,1.8831449747085571,1.986382007598877,3630982557.0
2026-01-21,1.945557951927185,1.9848949909210205,1.875393033027649,1.8895690441131592,4343268403.0
2026-01-22,1.9216740131378174,1.9640729427337646,1.9023499488830566,1.9455599784851074,2512873447.0
2026-01-23,1.9195319414138794,1.959054946899414,1.8886209726333618,1.9216740131378174,2468508566.0
2026-01-24,1.9131300449371338,1.9246670007705688,1.9095280170440674,1.9195300340652466,970964578.0
2026-01-25,1.8330260515213013,1.9136459827423096,1.8138600587844849,1.913120985031128,2740774855.0
2026-01-26,1.9034969806671143,1.9373899698257446,1.8330329656600952,1.8330329656600952,3015645189.0
2026-01-27,1.9139349460601807,1.9254250526428223,1.8739700317382812,1.903488039970398,2211761251.0
2026-01-28,1.9087259769439697,1.9381749629974365,1.8937749862670898,1.9139280319213867,2302935086.0
2026-01-29,1.8050650358200073,1.9090800285339355,1.7772730588912964,1.9087560176849365,4595244677.0
2026-01-30,1.7324260473251343,1.8093270063400269,1.713047981262207,1.8050880432128906,5054515535.0
2026-01-31,1.6454709768295288,1.7491769790649414,1.544585943222046,1.7324260473251343,6222981594.0
2026-02-01,1.5913419723510742,1.6733479499816895,1.5607830286026,1.6454659700393677,4092694363.0
2026-02-02,1.6205470561981201,1.653190016746521,1.532505989074707,1.5913970470428467,5046409178.0
2026-02-03,1.5741989612579346,1.62539803981781,1.5287460088729858,1.6205580234527588,4089022562.0
2026-02-04,1.510475993156433,1.6087690591812134,1.4973599910736084,1.5742260217666626,4190815541.0
2026-02-05,1.2135210037231445,1.510475993156433,1.1503709554672241,1.510475993156433,11340956282.0
2026-02-06,1.4715230464935303,1.5389080047607422,1.1334600448608398,1.2135059833526611,11836014443.0
2026-02-07,1.4242039918899536,1.482395052909851,1.3880350589752197,1.4714219570159912,5355780912.0
2026-02-08,1.4321850538253784,1.4655400514602661,1.4138449430465698,1.4242019653320312,2764477043.0
2026-02-09,1.4361159801483154,1.4568630456924438,1.3747639656066895,1.4321680068969727,3745179799.0
2026-02-10,1.399487018585205,1.4498050212860107,1.3932420015335083,1.436126947402954,2390150166.0
2026-02-11,1.3680189847946167,1.418908953666687,1.3449809551239014,1.3994909524917603,3555158789.0
2026-02-12,1.3620699644088745,1.403725028038025,1.3488140106201172,1.3680189847946167,2611760486.0
2026-02-13,1.4074629545211792,1.4240080118179321,1.3489179611206055,1.3620610237121582,2659528884.0
2026-02-14,1.5099799633026123,1.5109330415725708,1.4059560298919678,1.4074560403823853,2654584108.0
2026-02-15,1.474856972694397,1.664342999458313,1.4479199647903442,1.5100339651107788,6151095964.0
2026-02-16,1.4866780042648315,1.5111160278320312,1.450443983078003,1.4748480319976807,3105203546.0
2026-02-17,1.474403977394104,1.4913769960403442,1.4298419952392578,1.4867470264434814,2375313128.0
2026-02-18,1.4216070175170898,1.49093496799469,1.412003993988037,1.4744019508361816,2147876410.0
2026-02-19,1.4063800573349,1.4345190525054932,1.385571002960205,1.421610951423645,2340954857.0
2026-02-20,1.4294140338897705,1.435297966003418,1.3804290294647217,1.4063800573349,2659190397.0
2026-02-21,1.4316649436950684,1.4606800079345703,1.4204829931259155,1.4294110536575317,1404983725.0
2026-02-22,1.3930779695510864,1.4327579736709595,1.3814760446548462,1.431650996208191,1411435214.0
2026-02-23,1.3516459465026855,1.4194960594177246,1.334486961364746,1.3930720090866089,3520566615.0
2026-02-24,1.3488940000534058,1.3644460439682007,1.317742943763733,1.3516420125961304,2790118153.0
2026-02-25,1.4337459802627563,1.485679030418396,1.3431440591812134,1.3488949537277222,4394032382.0
2026-02-26,1.4020179510116577,1.4650429487228394,1.385195016860962,1.4336689710617065,3311536642.0
2026-02-27,1.3559210300445557,1.4248640537261963,1.3409090042114258,1.4020190238952637,3242202204.0
2026-02-28,1.3772289752960205,1.3892569541931152,1.2728489637374878,1.3559110164642334,4148957315.0
2026-03-01,1.3517290353775024,1.432224988937378,1.338974952697754,1.3772289752960205,3359722746.0
2026-03-02,1.3909779787063599,1.4165890216827393,1.3371800184249878,1.3517240285873413,3336024593.0
2026-03-03,1.360563039779663,1.393746018409729,1.3419480323791504,1.3910020589828491,2807181570.0
2026-03-04,1.4302200078964233,1.4689719676971436,1.3470439910888672,1.360563039779663,4413590814.0
2026-03-05,1.4030519723892212,1.4508119821548462,1.3991199731826782,1.4302200078964233,2651341992.0
2026-03-06,1.363571047782898,1.4128520488739014,1.3470879793167114,1.403082013130188,2371949533.0
2026-03-07,1.356423020362854,1.3728400468826294,1.349761962890625,1.363576054573059,1142130992.0
2026-03-08,1.3414009809494019,1.370622992515564,1.3288899660110474,1.3564250469207764,1647984917.0
2026-03-09,1.3618420362472534,1.3816490173339844,1.336756944656372,1.3414000272750854,2485298247.0
2026-03-10,1.3864250183105469,1.4377050399780273,1.3618420362472534,1.3618420362472534,3354046878.0
2026-03-11,1.3848769664764404,1.4071999788284302,1.3717440366744995,1.386428952217102,2329385563.0
2026-03-12,1.3846490383148193,1.3922309875488281,1.3679239749908447,1.3848799467086792,1983452712.0
2026-03-13,1.398908019065857,1.4498389959335327,1.3845839500427246,1.3846379518508911,3711359297.0
2026-03-14,1.40726900100708,1.407505989074707,1.3878010511398315,1.398908019065857,1200364136.0
2026-03-15,1.4475510120391846,1.4595040082931519,1.4034940004348755,1.4072680473327637,2003420758.0
2026-03-16,1.543565034866333,1.5502300262451172,1.4369560480117798,1.4475680589675903,4212735512.0
2026-03-17,1.5185439586639404,1.6017149686813354,1.4985849857330322,1.5435669422149658,4691836224.0
2026-03-18,1.4638539552688599,1.5392999649047852,1.4389549493789673,1.5185999870300293,3025458578.0
2026-03-19,1.447322964668274,1.4753960371017456,1.4234540462493896,1.4638539552688599,2465527619.0
2026-03-20,1.4454610347747803,1.4635859727859497,1.4272429943084717,1.4473190307617188,1892003074.0
2026-03-21,1.4065760374069214,1.4507189989089966,1.4058350324630737,1.4454469680786133,1105016226.0
2026-03-22,1.3848830461502075,1.4244179725646973,1.3731449842453003,1.4066849946975708,1736826096.0
2026-03-23,1.4318779706954956,1.4630800485610962,1.363226056098938,1.384883999824524,3394119378.0
2026-03-24,1.4154239892959595,1.4326380491256714,1.3853759765625,1.4318950176239014,2157301741.0
2026-03-25,1.4142379760742188,1.4349629878997803,1.4031330347061157,1.4154239892959595,1924225360.0
2026-03-26,1.3601139783859253,1.41497802734375,1.3378310203552246,1.4142379760742188,2386602429.0
2026-03-27,1.3250139951705933,1.3707200288772583,1.3192189931869507,1.3600939512252808,2318878939.0
2026-03-28,1.332800030708313,1.3545390367507935,1.3210259675979614,1.3250149488449097,1091211938.0
2026-03-29,1.3272759914398193,1.339534044265747,1.3023200035095215,1.332798957824707,1205802675.0
2026-03-30,1.3225829601287842,1.3637069463729858,1.3172630071640015,1.3272889852523804,1884173351.0
2026-03-31,1.3402589559555054,1.3485569953918457,1.3058140277862549,1.3225849866867065,2032607100.0
2026-04-01,1.3477660417556763,1.366152048110962,1.3318829536437988,1.3402700424194336,1797156692.0
2026-04-02,1.3186910152435303,1.3558369874954224,1.2817469835281372,1.3477649688720703,2443821810.0
2026-04-03,1.3179069757461548,1.3293050527572632,1.3040059804916382,1.3186910152435303,1328937719.0
2026-04-04,1.315574049949646,1.3202719688415527,1.3083709478378296,1.3179110288619995,880323931.0
2026-04-05,1.325495958328247,1.329367995262146,1.2809900045394897,1.3155699968338013,1448608453.0
2026-04-06,1.3212209939956665,1.3558599948883057,1.3146729469299316,1.325495958328247,2008712422.0
2026-04-07,1.3814899921417236,1.3924570083618164,1.2961299419403076,1.3212109804153442,2513930089.0
2026-04-08,1.342373013496399,1.3869370222091675,1.3400640487670898,1.3814890384674072,2598879679.0
2026-04-09,1.3441439867019653,1.3652399778366089,1.3235599994659424,1.342376947402954,2599477603.0
2026-04-10,1.3566060066223145,1.3650230169296265,1.335919976234436,1.3441170454025269,2051358320.0
2026-04-11,1.3554489612579346,1.3741040229797363,1.3421579599380493,1.356603980064392,1575723074.0
2026-04-12,1.3249980211257935,1.3557029962539673,1.3225350379943848,1.355450987815857,1856380230.0
2026-04-13,1.3766659498214722,1.3815690279006958,1.3226850032806396,1.3249980211257935,2675166185.0
2026-04-14,1.3618279695510864,1.3931610584259033,1.3549989461898804,1.3766670227050781,2713028424.0
2026-04-15,1.3916670083999634,1.4033960103988647,1.351747989654541,1.3618160486221313,2832508180.0
2026-04-16,1.4526350498199463,1.4646929502487183,1.3880419731140137,1.3916679620742798,4064358391.0
2026-04-17,1.4770499467849731,1.5073809623718262,1.4236340522766113,1.452638030052185,4234478695.0
2026-04-18,1.4346829652786255,1.4817579984664917,1.4253970384597778,1.4770480394363403,2528319824.0
2026-04-19,1.3946529626846313,1.4437309503555298,1.3945859670639038,1.4346840381622314,2857010479.0
2026-04-20,1.4248709678649902,1.4351840019226074,1.3945579528808594,1.3946609497070312,2883196759.0
2026-04-21,1.431825041770935,1.4466220140457153,1.4134399890899658,1.424867033958435,2417478988.0
2026-04-22,1.430027961730957,1.4600750207901,1.4280270338058472,1.4318310022354126,2517333107.0
2026-04-23,1.4390619993209839,1.4401659965515137,1.4103070497512817,1.4300299882888794,2601265527.0
2026-04-24,1.43367600440979,1.4487979412078857,1.4250520467758179,1.4390599727630615,2163141988.0
2026-04-25,1.424219012260437,1.4376349449157715,1.4196850061416626,1.4336700439453125,1062133882.0
2026-04-26,1.4315749406814575,1.4352810382843018,1.4188339710235596,1.424206018447876,1259313752.0
2026-04-27,1.400905966758728,1.4463729858398438,1.3865350484848022,1.4315780401229858,2294516967.0
2026-04-28,1.3806649446487427,1.4009989500045776,1.3691389560699463,1.4009050130844116,1780887090.0
2026-04-29,1.3692519664764404,1.4050559997558594,1.3495819568634033,1.3806639909744263,2374065372.0
2026-04-30,1.3674299716949463,1.3838239908218384,1.3607319593429565,1.369258999824524,1671961354.0
2026-05-01,1.384695053100586,1.398695945739746,1.3659809827804565,1.3674230575561523,1774019955.0
2026-05-02,1.3931519985198975,1.396461009979248,1.3830620050430298,1.384695053100586,1161240004.0
2026-05-03,1.387578010559082,1.4010920524597168,1.3819420337677002,1.3931729793548584,1118339653.0
2026-05-04,1.3919589519500732,1.4186769723892212,1.3840320110321045,1.387578010559082,2612149555.0
2026-05-05,1.4131489992141724,1.4210139513015747,1.3907450437545776,1.3919589519500732,2031606447.0
2026-05-06,1.424720048904419,1.4553229808807373,1.4087669849395752,1.4131489992141724,2886021086.0
2026-05-07,1.387125015258789,1.425004005432129,1.3812930583953857,1.424720048904419,2087306229.0
2026-05-08,1.4182850122451782,1.4240349531173706,1.3782529830932617,1.387125015258789,1668301953.0
2026-05-09,1.4201070070266724,1.434061050415039,1.412654995918274,1.4182850122451782,1345877667.0
2026-05-10,1.4728070497512817,1.5045679807662964,1.412453055381775,1.4200999736785889,3049525295.0
2026-05-11,1.4768160581588745,1.4863250255584717,1.4419389963150024,1.4728070497512817,2718223347.0
2026-05-12,1.436100959777832,1.4827009439468384,1.4201329946517944,1.4768270254135132,2318747031.0
2026-05-13,1.426345944404602,1.4681320190429688,1.4134269952774048,1.436100959777832,2360390633.0
2026-05-14,1.484110951423645,1.5473740100860596,1.4212579727172852,1.4263429641723633,3975209894.0
2026-05-15,1.433730959892273,1.4984289407730103,1.4305180311203003,1.4841150045394897,2655244244.0
2026-05-16,1.4140360355377197,1.4378420114517212,1.3973820209503174,1.433730959892273,1645461971.0
2026-05-17,1.4009430408477783,1.4265179634094238,1.3854639530181885,1.4140360355377197,1429949739.0
2026-05-18,1.3891990184783936,1.401095986366272,1.3663129806518555,1.400933027267456,2302506551.0
2026-05-19,1.3605870008468628,1.3949010372161865,1.3536280393600464,1.3892019987106323,1859371384.0
2026-05-20,1.3653680086135864,1.3774360418319702,1.3478280305862427,1.360584020614624,1647070494.0
2026-05-21,1.372087001800537,1.3837679624557495,1.3512300252914429,1.3653689622879028,1741983318.0
2026-05-22,1.3337039947509766,1.3737419843673706,1.3310320377349854,1.3720810413360596,1912040774.0
2026-05-23,1.3574939966201782,1.3711810111999512,1.3074519634246826,1.333704948425293,1960680113.0
2026-05-24,1.3500330448150635,1.3671139478683472,1.3337169885635376,1.3574899435043335,1198885447.0
2026-05-25,1.3493850231170654,1.3623629808425903,1.3430039882659912,1.3500339984893799,1304039526.0
2026-05-26,1.3276610374450684,1.362975001335144,1.3267649412155151,1.349382996559143,1730035811.0
2026-05-27,1.306151032447815,1.3398640155792236,1.3026360273361206,1.3276640176773071,1878050770.0
2026-05-28,1.31352698802948,1.3349900245666504,1.2684789896011353,1.3061460256576538,2564063217.0
2026-05-29,1.328326940536499,1.3301759958267212,1.2947889566421509,1.31352698802948,2175452557.0
2026-05-30,1.338338017463684,1.3626199960708618,1.3273500204086304,1.3283289670944214,1732274683.0
2026-05-31,1.3313210010528564,1.3454240560531616,1.3213520050048828,1.3383350372314453,1201205120.0
2026-06-01,1.2948789596557617,1.3377219438552856,1.2788139581680298,1.3313180208206177,2221780390.0
2026-06-02,1.2098939418792725,1.2952189445495605,1.198580026626587,1.2948909997940063,3140773533.0
2026-06-03,1.2002509832382202,1.246271014213562,1.18967604637146,1.2098720073699951,2515511848.0
2026-06-04,1.166646957397461,1.2097270488739014,1.1415280103683472,1.2002480030059814,3379235267.0
2026-06-05,1.0964360237121582,1.1713130474090576,1.0709389448165894,1.166648030281067,4104684182.0
2026-06-06,1.0934580564498901,1.1128170490264893,1.054656982421875,1.096444010734558,2190389936.0
2026-06-07,1.1546510457992554,1.1664910316467285,1.0897719860076904,1.093464970588684,2135757215.0
2026-06-08,1.168192982673645,1.184805989265442,1.1327680349349976,1.1546449661254883,2123608548.0
2026-06-09,1.1372519731521606,1.1754209995269775,1.1203060150146484,1.168192982673645,1886518539.0
2026-06-10,1.09723699092865,1.1395100355148315,1.0901139974594116,1.1372270584106445,1929043739.0
2026-06-11,1.1415859460830688,1.1471439599990845,1.0964089632034302,1.0972219705581665,1717799091.0
2026-06-12,1.1320589780807495,1.1551909446716309,1.1273139715194702,1.1415740251541138,1477503646.0
2026-06-13,1.1500450372695923,1.1588619947433472,1.1302649974822998,1.1320509910583496,932351624.0
2026-06-14,1.1858290433883667,1.1859749555587769,1.12801194190979,1.1500450372695923,1149569738.0
2026-06-15,1.2382129430770874,1.2892869710922241,1.178393006324768,1.185829997062683,3068640189.0
2026-06-16,1.2159889936447144,1.2525049448013306,1.208253026008606,1.2382069826126099,1770738068.0
2026-06-17,1.1850850582122803,1.22468101978302,1.1748650074005127,1.2159889936447144,1926247784.0
2026-06-18,1.1454219818115234,1.1901240348815918,1.133033037185669,1.1850850582122803,1834719756.0
2026-06-19,1.1363840103149414,1.1511859893798828,1.1208159923553467,1.145419955253601,1294601711.0
2026-06-20,1.1490520238876343,1.1537669897079468,1.1341689825057983,1.1363970041275024,930203909.0
2026-06-21,1.1244189739227295,1.1508630514144897,1.1232719421386719,1.149049997329712,906708305.0
2026-06-22,1.1286309957504272,1.1620919704437256,1.121932029724121,1.1243829727172852,1440361876.0
2026-06-23,1.109410047531128,1.13132905960083,1.0923210382461548,1.1286289691925049,1381808683.0
2026-06-24,1.0722600221633911,1.111261010169983,1.0473309755325317,1.109410047531128,2204954952.0
2026-06-25,1.0416409969329834,1.0875600576400757,1.0174750089645386,1.0722620487213135,2355617743.0
2026-06-26,1.0471190214157104,1.0510220527648926,1.0097529888153076,1.0416280031204224,2482558191.0
2026-06-27,1.0464279651641846,1.0744630098342896,1.0433399677276611,1.047116994857788,1210389219.0
2026-06-28,1.0475759506225586,1.0559790134429932,1.0340429544448853,1.0464270114898682,1043050193.0
2026-06-29,1.0572710037231445,1.0739049911499023,1.0339629650115967,1.0475759506225586,1873685545.0
2026-06-30,1.0384299755096436,1.057271957397461,1.02680504322052,1.0572680234909058,1392542318.0
2026-07-01,1.0521479845046997,1.0691529512405396,1.0265849828720093,1.0384329557418823,1703110348.0
2026-07-02,1.0864959955215454,1.1105749607086182,1.0448670387268066,1.0521349906921387,1811588769.0
2026-07-03,1.1339329481124878,1.1424670219421387,1.0826139450073242,1.0864959955215454,1715527135.0
2026-07-04,1.1567870378494263,1.1812100410461426,1.1320749521255493,1.1339290142059326,1833564638.0
2026-07-05,1.1558929681777954,1.1643860340118408,1.1254750490188599,1.1567870378494263,1260307595.0
2026-07-06,1.1437979936599731,1.1589889526367188,1.1099090576171875,1.15590500831604,1795077541.0
2026-07-07,1.111780047416687,1.1496020555496216,1.1102089881896973,1.1437970399856567,1385405862.0
2026-07-08,1.089972972869873,1.114635944366455,1.0700570344924927,1.1117769479751587,1587960002.0
2026-07-09,1.093337059020996,1.1002490520477295,1.08290696144104,1.0899800062179565,1018618992.0
2026-07-10,1.103922963142395,1.1169250011444092,1.089830994606018,1.0933300256729126,1108026772.0
2026-07-11,1.0975810289382935,1.11798894405365,1.0975810289382935,1.1039179563522339,653161963.0
2026-07-12,1.085737943649292,1.102391004562378,1.0820000171661377,1.0975849628448486,743622149.0
2026-07-13,1.0654799938201904,1.099331021308899,1.0554109811782837,1.0857579708099365,1229269893.0
2026-07-14,1.1111199855804443,1.1178619861602783,1.060845971107483,1.0654710531234741,1319885685.0
2026-07-15,1.112766981124878,1.1274549961090088,1.0988869667053223,1.1111199855804443,1214670295.0
2026-07-16,1.0862890481948853,1.1165779829025269,1.0856070518493652,1.1127729415893555,1083522974.0
2026-07-17,1.0886249542236328,1.0941519737243652,1.069638967514038,1.0862959623336792,1037893587.0
2026-07-18,1.092157006263733,1.0964449644088745,1.083817958831787,1.088610053062439,581824132.0
2026-07-19,1.0959210395812988,1.1000839471817017,1.0899410247802734,1.0921599864959717,632804582.0
2026-07-20,1.1121129989624023,1.1189179420471191,1.0831550359725952,1.0959190130233765,1265516612.0
2026-07-21,1.1424729824066162,1.1627819538116455,1.1111119985580444,1.1121150255203247,1540417491.0
2026-07-22,1.1416139602661133,1.1557849645614624,1.1290299892425537,1.1424579620361328,1064388710.0
2026-07-23,1.1068830490112305,1.1434530019760132,1.1022939682006836,1.141592025756836,1047477287.0
2026-07-24,1.0909299850463867,1.1198970079421997,1.084797978401184,1.1068830490112305,1027010233.0
2026-07-25,1.0973279476165771,1.1061530113220215,1.0857449769973755,1.0909310579299927,590116721.0
2026-07-26,1.1116650104522705,1.1139750480651855,1.0952880382537842,1.0973279476165771,617283513.0
2026-07-27,1.0652650594711304,1.112028956413269,1.0633150339126587,1.1116600036621094,1228521856.0
2026-07-28,1.067958950996399,1.0687979459762573,1.0458910465240479,1.0652689933776855,1231906994.0
2026-07-29,1.0728590488433838,1.0912519693374634,1.0636719465255737,1.06796395778656,1572779699.0
2026-07-30,1.0838249921798706,1.0924299955368042,1.0678060054779053,1.0728620290756226,1026515295.0
2026-07-31,1.060534954071045,1.0874559879302979,1.0584290027618408,1.083827018737793,1130852291.0
2026-08-01,1.059743046760559,1.0658520460128784,1.0501060485839844,1.060526967048645,586692436.0
2026-08-02,1.0846099853515625,1.0899749994277954,1.0597280263900757,1.059743046760559,839647017.0
2026-08-03,1.0746320486068726,1.0854159593582153,1.0624569654464722,1.08461594581604,1071229854.0
2026-08-04,1.0732090473175049,1.0801750421524048,1.0694940090179443,1.074633002281189,971582717.0
2026-08-05,1.0610140562057495,1.0751620531082153,1.0549240112304688,1.0732109546661377,1074309612.0
2026-08-06,1.0336660146713257,1.0622459650039673,1.0302050113677979,1.0610159635543823,1495128903.0
2026-08-07,1.0212370157241821,1.0396360158920288,1.0139600038528442,1.0336740016937256,1636834143.0
2026-08-08,1.03861403465271,1.0472840070724487,1.0202889442443848,1.0212379693984985,744201731.0
2026-08-09,1.0289150476455688,1.0448050498962402,1.0288729667663574,1.03861403465271,689508648.0
2026-08-10,1.0115309953689575,1.0386890172958374,1.0087740421295166,1.0289380550384521,1165538808.0
2026-08-11,1.0218820571899414,1.024211049079895,0.9937059879302979,1.0115480422973633,1454860538.0
2026-08-12,1.0043740272521973,1.0241440534591675,1.0011529922485352,1.0218839645385742,1016924373.0
2026-08-13,1.0081249475479126,1.013929009437561,0.999085009098053,1.0043710470199585,932595519.0
2026-08-14,0.9980379939079285,1.0126060247421265,0.9884219765663147,1.0081180334091187,1072233961.0
2026-08-15,1.0013999938964844,1.006598949432373,0.997750997543335,0.9980430006980896,509880454.0
2026-08-16,0.9919729828834534,1.0022200345993042,0.9911050200462341,1.0014100074768066,552086809.0
2026-08-17,1.0026190280914307,1.0067310333251953,0.9886670112609863,0.9919729828834534,928886055.0
2026-08-18,1.0013539791107178,1.004546046257019,0.989063024520874,1.002621054649353,900420683.0
2026-08-19,1.104403018951416,1.1322669982910156,0.9958810210227966,1.0013669729232788,3228577903.0
2026-08-20,1.2684400081634521,1.3369369506835938,1.0887850522994995,1.1043930053710938,7050100813.0
2026-08-21,1.4537960290908813,1.468258023262024,1.2610360383987427,1.2684719562530518,9724529776.0
2026-08-22,1.4637269973754883,1.6837539672851562,1.4271730184555054,1.45387601852417,15435859488.0
2026-08-23,1.5221879482269287,1.5453230142593384,1.4384429454803467,1.4637269973754883,6567281398.0
2026-08-24,1.479043960571289,1.5256019830703735,1.4555059671401978,1.5221840143203735,6488474372.0
2026-08-25,1.4332499504089355,1.545951008796692,1.4198670387268066,1.4790550470352173,5053118244.0
2026-08-26,1.4224289655685425,1.4491469860076904,1.3631960153579712,1.4332629442214966,4102147659.0
2026-08-27,1.4530329704284668,1.4724080562591553,1.3960659503936768,1.4224330186843872,3743398328.0
2026-08-28,1.3831889629364014,1.4692579507827759,1.3659329414367676,1.4530329704284668,3751312647.0
2026-08-29,1.396731972694397,1.4010510444641113,1.378350019454956,1.3831909894943237,1264175645.0
2026-08-30,1.3594980239868164,1.4307990074157715,1.3422960042953491,1.3967339992523193,2089771567.0
2026-08-31,1.3790479898452759,1.3932030200958252,1.3421499729156494,1.3594460487365723,2353429852.0
2026-09-01,1.3516370058059692,1.3948689699172974,1.3403680324554443,1.3790340423583984,2373035693.0
2026-09-02,1.3498140573501587,1.356024980545044,1.3135950565338135,1.3516340255737305,2519935159.0
2026-09-03,1.4513189792633057,1.4792410135269165,1.342903971672058,1.3498109579086304,4699726902.0
2026-09-04,1.3989590406417847,1.4605870246887207,1.3872970342636108,1.4513180255889893,3613640520.0
2026-09-05,1.4124729633331299,1.4260289669036865,1.3958079814910889,1.3989429473876953,1632888149.0
2026-09-06,1.4228249788284302,1.4294840097427368,1.404209017753601,1.4124469757080078,1640359513.0
2026-09-07,1.3977500200271606,1.426226019859314,1.3807519674301147,1.4228320121765137,2298405668.0
2026-09-08,1.4162479639053345,1.4461109638214111,1.3819999694824219,1.3977530002593994,2720200646.0
2026-09-09,1.394423007965088,1.4444719552993774,1.3831640481948853,1.4162499904632568,2824844395.0
2026-09-10,1.3353220224380493,1.3952440023422241,1.3337490558624268,1.3944209814071655,2613759162.0
2026-09-11,1.3561749458312988,1.4266159534454346,1.3221980333328247,1.3353220224380493,3433969862.0
2026-09-12,1.3665599822998047,1.3732010126113892,1.3548280000686646,1.3561960458755493,1022047657.0
2026-09-13,1.3406130075454712,1.36919105052948,1.333968997001648,1.3665800094604492,1204076794.0
2026-09-14,1.4210129976272583,1.4870779514312744,1.3375409841537476,1.3406219482421875,4671272248.0
2026-09-15,1.2846920490264893,1.4448649883270264,1.266860008239746,1.421044945716858,6513207960.0
2026-09-16,1.2993409633636475,1.3148070573806763,1.2526789903640747,1.284695029258728,4176993108.0
2026-09-17,1.2958719730377197,1.3157910108566284,1.2878299951553345,1.2993429899215698,2577565213.0
2026-09-18,1.3961529731750488,1.411695957183838,1.2922439575195312,1.2958760261535645,4676600065.0
2026-09-19,1.3961529731750488,1.411695957183838,1.2922439575195312,1.2958760261535645,4676600065.0
2026-09-20,1.3961529731750488,1.411695957183838,1.2922439575195312,1.2958760261535645,4676600065.0
